{"type":"FeatureCollection","features":[{"type":"Feature","properties":{"biome":"Tropical & Subtropical Moist Broadleaf Forests","style":{"fillColor":"#38A700"}},"geometry":{"type":"MultiPolygon","coordinates":[[[[-172.8,-13.51],[-172.35,-13.43],[-172.17,-13.66],[-172.23,-13.8],[-172.53,-13.8],[-172.8,-13.51]]],[[[-154.82,19.48],[-154.97,19.36],[-155.22,19.34],[-155.4,19.66],[-155.34,19.89],[-155.74,20.06],[-155.77,20.21],[-155.17,19.94],[-154.82,19.48]]],[[[-157.73,21.3],[-158.21,21.55],[-157.99,21.66],[-157.73,21.3]]],[[[-159.59,22.22],[-159.3,22.14],[-159.4,21.93],[-159.71,22.06],[-159.59,22.22]]],[[[-149.58,-17.74],[-149.62,-17.56],[-149.31,-17.57],[-149.15,-17.88],[-149.58,-17.74]]],[[[-84.92,9.78],[-85.11,9.55],[-85.79,10.1],[-85.5,10.21],[-84.92,9.78]]],[[[-85.05,10.52],[-85.52,10.8],[-85.6,11.25],[-84.76,11.05],[-84.76,11.72],[-85.58,12.68],[-85.58,13.0],[-85.76,13.05],[-85.73,13.2],[-85.86,13.42],[-85.71,13.41],[-85.77,13.98],[-85.3,14.5],[-85.73,14.23],[-85.89,14.31],[-85.59,14.85],[-85.35,14.79],[-85.22,14.94],[-85.73,14.98],[-85.55,15.19],[-84.97,15.34],[-85.2,15.5],[-85.55,15.25],[-85.29,15.72],[-85.88,15.37],[-85.81,15.61],[-86.05,15.44],[-86.18,15.52],[-86.46,15.39],[-86.43,15.5],[-86.6,15.53],[-87.23,15.31],[-87.33,15.35],[-87.27,15.06],[-87.39,14.99],[-87.72,15.13],[-87.54,15.26],[-87.49,15.24],[-87.57,15.34],[-87.84,15.21],[-87.66,15.59],[-87.83,15.74],[-88.08,15.4],[-88.53,15.4],[-88.94,14.97],[-89.32,15.0],[-89.4,15.14],[-89.08,15.36],[-90.16,14.97],[-90.18,15.27],[-90.22,15.16],[-90.31,15.3],[-90.38,15.07],[-90.98,15.71],[-91.16,15.78],[-91.23,15.66],[-91.29,15.96],[-91.76,16.01],[-91.86,16.6],[-91.64,16.64],[-91.78,16.82],[-91.77,16.85],[-91.64,16.82],[-92.24,17.09],[-91.69,17.07],[-92.28,17.18],[-92.61,17.08],[-92.62,17.04],[-92.49,16.89],[-92.35,16.89],[-92.57,16.8],[-93.1,17.2],[-93.13,17.04],[-93.29,17.05],[-93.15,16.84],[-93.64,16.89],[-93.7,16.77],[-93.91,16.91],[-93.85,16.66],[-94.06,16.51],[-93.91,16.47],[-94.03,16.36],[-94.46,16.8],[-95.09,16.83],[-95.45,17.21],[-95.7,16.98],[-95.71,17.12],[-95.51,17.19],[-95.65,17.16],[-95.78,17.35],[-95.89,17.14],[-95.77,17.19],[-95.82,16.94],[-95.65,16.85],[-95.97,16.96],[-96.21,17.48],[-96.75,17.77],[-96.75,17.99],[-96.88,17.92],[-96.81,18.01],[-97.03,18.27],[-96.93,18.34],[-97.16,18.86],[-96.88,18.96],[-97.2,18.9],[-97.07,19.08],[-97.14,19.38],[-96.94,19.63],[-97.15,19.62],[-97.43,19.89],[-97.13,19.83],[-97.45,20.02],[-97.7,19.92],[-98.03,20.05],[-98.47,20.45],[-98.41,20.59],[-99.11,21.0],[-99.14,21.62],[-99.38,21.47],[-99.33,21.29],[-99.37,21.01],[-99.73,21.48],[-100.03,21.29],[-99.6,21.62],[-99.45,21.47],[-99.42,21.65],[-99.59,21.7],[-99.37,21.75],[-99.46,21.93],[-99.29,22.15],[-99.52,22.9],[-99.39,23.17],[-99.26,22.88],[-99.26,23.42],[-99.08,23.57],[-99.24,23.59],[-99.32,23.97],[-98.95,24.15],[-98.87,24.45],[-98.67,24.19],[-98.55,24.46],[-98.2,24.05],[-98.63,24.09],[-98.72,23.86],[-98.27,23.84],[-98.18,24.01],[-97.81,23.91],[-97.68,24.51],[-97.76,22.96],[-97.91,22.62],[-97.79,22.27],[-98.18,22.51],[-98.46,22.41],[-97.94,22.27],[-98.17,22.1],[-97.85,22.17],[-97.1,20.48],[-96.44,19.86],[-96.42,19.65],[-96.72,19.57],[-96.66,19.31],[-96.82,19.33],[-96.55,18.66],[-96.29,18.53],[-96.01,18.59],[-96.19,18.78],[-96.02,18.95],[-96.1,19.12],[-95.87,18.76],[-96.04,18.37],[-95.71,18.6],[-95.75,18.8],[-95.07,18.64],[-95.03,18.49],[-94.79,18.53],[-94.47,18.13],[-94.73,17.8],[-94.65,17.6],[-94.52,17.92],[-94.37,17.83],[-94.4,18.16],[-93.48,18.44],[-92.93,18.44],[-92.3,18.68],[-92.4,18.51],[-92.28,18.43],[-91.95,18.51],[-91.86,18.29],[-91.69,18.41],[-91.52,18.33],[-91.18,18.59],[-91.26,18.91],[-90.97,18.9],[-91.12,19.03],[-90.74,19.08],[-90.59,19.38],[-90.45,19.24],[-90.32,19.52],[-90.17,19.25],[-89.49,19.3],[-89.08,19.58],[-88.89,19.94],[-87.98,20.31],[-87.54,20.9],[-87.64,21.45],[-87.37,21.43],[-87.33,21.56],[-87.29,21.16],[-87.06,21.44],[-86.82,21.3],[-86.74,21.14],[-86.97,20.71],[-87.75,19.93],[-87.48,19.88],[-87.87,19.64],[-88.01,19.21],[-87.81,19.22],[-88.28,18.49],[-88.32,18.49],[-88.5,18.21],[-88.23,17.93],[-88.31,17.5],[-88.56,17.47],[-88.37,17.45],[-88.49,17.27],[-88.38,17.24],[-88.25,16.97],[-88.34,16.71],[-88.46,16.7],[-88.33,16.66],[-88.38,16.56],[-88.4,16.55],[-88.49,16.58],[-88.53,16.62],[-88.58,16.58],[-88.51,16.35],[-88.59,16.32],[-88.72,16.47],[-88.77,16.12],[-89.0,15.89],[-88.64,15.66],[-88.56,15.85],[-88.15,15.67],[-87.73,15.92],[-87.1,15.71],[-86.36,15.78],[-85.93,15.92],[-86.0,16.03],[-85.45,15.86],[-85.1,15.96],[-85.13,15.86],[-84.63,15.79],[-84.53,15.74],[-84.59,15.49],[-84.41,15.6],[-84.48,15.74],[-84.25,15.77],[-84.33,15.65],[-84.12,15.5],[-84.12,15.01],[-84.71,14.8],[-84.42,14.64],[-84.25,14.75],[-83.53,14.01],[-83.79,13.78],[-83.61,13.66],[-83.88,13.67],[-83.99,14.04],[-84.05,13.87],[-84.33,13.9],[-84.19,13.69],[-84.25,13.19],[-83.94,13.2],[-83.64,12.68],[-83.8,12.48],[-83.77,12.18],[-83.91,12.21],[-83.77,11.95],[-83.96,11.87],[-83.8,11.74],[-83.72,11.86],[-83.65,11.6],[-83.94,11.33],[-83.74,10.68],[-82.53,9.54],[-82.36,9.21],[-82.2,9.21],[-82.32,9.15],[-82.25,9.0],[-81.81,8.93],[-81.89,9.19],[-81.52,8.8],[-81.2,8.78],[-79.8,9.35],[-79.64,9.61],[-79.0,9.56],[-79.04,9.43],[-78.56,9.44],[-78.05,9.24],[-77.55,8.71],[-77.36,8.69],[-77.0,8.24],[-76.97,7.85],[-76.71,7.92],[-76.78,8.46],[-76.94,8.55],[-76.34,8.92],[-76.07,9.34],[-75.3,9.36],[-75.23,10.13],[-74.64,10.01],[-74.61,9.69],[-74.26,9.24],[-73.61,9.36],[-73.71,8.92],[-73.58,8.62],[-73.63,9.1],[-73.49,9.08],[-73.45,9.26],[-73.47,9.3],[-73.19,9.71],[-73.27,10.2],[-72.92,10.82],[-72.48,11.19],[-72.24,11.13],[-72.38,11.11],[-72.54,10.84],[-72.3,11.07],[-72.41,10.83],[-72.28,10.73],[-72.79,9.83],[-72.17,8.48],[-70.88,9.21],[-70.75,9.48],[-70.48,9.4],[-70.37,9.85],[-70.85,9.82],[-70.79,9.96],[-70.55,10.04],[-70.21,9.84],[-69.97,10.03],[-70.04,9.87],[-69.88,9.98],[-69.84,9.75],[-70.03,9.63],[-69.88,9.62],[-69.29,9.98],[-69.22,9.76],[-69.46,9.69],[-69.38,9.45],[-69.86,9.16],[-69.77,9.04],[-69.98,9.07],[-69.96,8.87],[-70.18,8.92],[-70.07,8.74],[-70.26,8.78],[-70.46,8.53],[-70.49,8.68],[-70.97,8.02],[-71.37,8.03],[-71.63,7.57],[-71.85,7.57],[-71.85,7.7],[-72.08,7.59],[-72.08,7.73],[-72.35,7.82],[-72.09,7.52],[-71.86,7.45],[-72.04,6.87],[-71.82,6.71],[-71.82,6.29],[-71.95,6.32],[-72.02,6.15],[-71.86,6.1],[-72.11,5.95],[-72.03,5.79],[-72.55,5.36],[-72.61,5.12],[-72.76,5.18],[-72.85,4.84],[-72.87,4.95],[-73.05,4.7],[-73.03,5.02],[-73.09,4.84],[-73.24,4.87],[-73.09,4.77],[-73.3,4.65],[-73.07,4.64],[-73.28,4.4],[-73.21,4.54],[-73.31,4.63],[-73.38,4.38],[-73.67,4.27],[-73.75,3.83],[-73.98,3.82],[-73.81,3.46],[-74.07,3.22],[-73.94,3.3],[-73.82,3.09],[-73.76,2.3],[-73.73,2.79],[-73.43,2.82],[-72.62,2.52],[-72.72,2.62],[-72.15,2.9],[-71.78,2.85],[-72.11,3.18],[-71.88,3.2],[-71.86,3.39],[-72.12,3.33],[-71.13,3.62],[-70.8,3.93],[-70.39,3.96],[-70.29,4.2],[-70.02,4.31],[-69.6,4.42],[-69.07,4.34],[-68.41,4.88],[-67.81,4.84],[-67.21,6.05],[-67.04,6.1],[-66.86,6.54],[-66.62,6.57],[-66.56,6.99],[-66.43,7.15],[-66.3,7.1],[-66.18,6.86],[-65.91,6.88],[-65.85,7.08],[-65.64,7.12],[-65.76,7.34],[-65.74,7.49],[-65.37,7.48],[-64.99,7.28],[-64.93,7.52],[-64.76,7.53],[-64.81,7.43],[-64.42,7.35],[-64.11,7.69],[-64.13,7.48],[-63.95,7.34],[-63.86,7.53],[-63.73,7.31],[-63.43,7.32],[-63.65,7.27],[-63.5,7.09],[-63.81,6.74],[-63.69,6.52],[-62.94,7.15],[-62.9,7.37],[-62.56,7.39],[-62.47,7.21],[-62.3,7.29],[-62.12,7.06],[-62.12,7.4],[-61.88,7.7],[-61.96,7.89],[-62.53,7.96],[-62.94,7.73],[-62.97,8.03],[-62.0,8.87],[-62.36,9.2],[-62.39,9.35],[-62.11,9.41],[-62.19,9.55],[-62.43,9.55],[-62.72,9.86],[-63.01,9.9],[-63.02,10.52],[-62.68,10.1],[-62.85,10.18],[-62.86,9.95],[-62.64,9.86],[-62.5,9.98],[-62.35,9.61],[-62.17,9.94],[-61.84,9.59],[-61.49,9.59],[-61.74,9.09],[-61.37,9.61],[-61.22,9.35],[-61.03,9.51],[-60.87,9.3],[-61.02,9.18],[-60.91,8.95],[-61.1,8.79],[-60.96,8.78],[-61.03,8.56],[-60.07,8.47],[-60.2,8.57],[-59.13,7.99],[-58.48,7.35],[-58.48,7.03],[-58.54,6.96],[-58.59,6.8],[-58.61,6.42],[-58.41,6.87],[-58.03,6.81],[-57.53,6.28],[-57.24,6.18],[-57.14,5.82],[-56.5,5.5],[-56.4,5.48],[-57.13,5.84],[-57.01,5.97],[-55.88,5.69],[-55.72,5.85],[-54.5,5.84],[-54.02,5.7],[-54.31,5.66],[-53.87,5.71],[-53.1,5.47],[-52.17,4.79],[-52.2,4.59],[-51.98,4.61],[-51.62,4.18],[-51.48,4.29],[-51.48,4.34],[-51.27,4.19],[-50.73,2.13],[-50.9,2.57],[-50.99,1.71],[-50.89,1.46],[-51.37,0.67],[-51.24,0.32],[-51.42,0.39],[-51.54,0.19],[-51.21,-0.07],[-51.36,-0.08],[-51.24,-0.1],[-51.41,-0.44],[-51.14,-0.12],[-51.4,-0.47],[-51.26,-0.5],[-51.08,-0.33],[-50.97,-0.08],[-50.66,0.0],[-50.78,-0.47],[-51.05,-0.67],[-50.68,-0.6],[-50.65,-0.28],[-50.32,-0.09],[-48.37,-0.3],[-48.59,-1.07],[-48.9,-1.51],[-49.8,-1.82],[-50.05,-1.72],[-50.42,-1.84],[-50.38,-1.94],[-49.84,-1.9],[-49.28,-1.71],[-49.47,-2.43],[-48.97,-1.59],[-49.0,-1.74],[-48.6,-1.3],[-48.52,-1.34],[-48.58,-1.43],[-48.5,-1.55],[-48.32,-1.48],[-48.5,-1.47],[-48.49,-1.32],[-48.23,-1.15],[-48.31,-0.96],[-48.11,-1.02],[-48.23,-0.84],[-48.12,-0.73],[-47.94,-0.87],[-47.76,-0.77],[-47.63,-1.05],[-47.63,-0.82],[-47.51,-0.83],[-47.34,-1.23],[-47.16,-1.14],[-47.31,-1.03],[-47.33,-0.72],[-47.15,-0.94],[-46.82,-0.9],[-46.28,-1.15],[-46.31,-1.33],[-45.98,-1.25],[-45.68,-1.5],[-45.61,-1.39],[-45.47,-1.8],[-45.34,-1.59],[-45.35,-1.75],[-45.11,-1.66],[-44.71,-1.88],[-44.93,-2.33],[-44.49,-2.41],[-44.67,-2.61],[-44.55,-2.54],[-44.69,-2.92],[-44.61,-3.05],[-44.77,-3.3],[-45.5,-3.71],[-46.09,-3.75],[-46.29,-4.06],[-46.85,-4.37],[-46.97,-4.59],[-46.89,-5.13],[-46.92,-5.36],[-47.06,-5.03],[-47.26,-5.33],[-47.82,-5.0],[-47.94,-5.18],[-47.49,-5.59],[-47.92,-5.65],[-47.72,-6.0],[-47.85,-6.39],[-47.83,-6.85],[-48.23,-7.28],[-48.46,-8.16],[-48.38,-8.35],[-48.5,-8.41],[-48.42,-8.65],[-48.65,-9.11],[-48.27,-9.1],[-48.3,-9.86],[-47.99,-10.5],[-48.11,-10.83],[-48.48,-10.98],[-48.84,-11.54],[-49.24,-11.18],[-49.19,-10.68],[-49.3,-10.63],[-49.14,-10.33],[-49.48,-9.93],[-49.17,-9.71],[-49.6,-9.82],[-49.61,-10.09],[-49.84,-10.01],[-50.03,-9.35],[-49.66,-9.05],[-49.86,-9.47],[-49.49,-9.37],[-49.49,-9.6],[-49.23,-9.56],[-49.19,-9.29],[-49.5,-8.9],[-49.38,-8.77],[-49.27,-8.98],[-49.15,-8.86],[-49.26,-8.71],[-48.98,-8.76],[-49.01,-8.62],[-49.34,-8.45],[-49.25,-8.31],[-49.69,-8.73],[-49.72,-8.32],[-49.93,-8.04],[-50.06,-8.08],[-50.25,-8.5],[-50.1,-8.38],[-50.12,-8.74],[-49.56,-8.8],[-50.06,-9.08],[-49.92,-9.12],[-50.3,-9.41],[-50.21,-9.7],[-50.31,-9.63],[-50.24,-9.75],[-50.46,-10.21],[-50.4,-10.38],[-50.75,-10.38],[-51.2,-10.14],[-51.41,-10.28],[-51.27,-10.42],[-51.02,-10.53],[-51.13,-10.66],[-50.99,-10.84],[-51.29,-10.74],[-51.24,-10.96],[-51.73,-10.84],[-51.81,-11.0],[-51.48,-11.4],[-51.21,-11.45],[-51.29,-11.67],[-50.97,-11.74],[-51.17,-12.18],[-51.04,-12.39],[-51.4,-12.47],[-52.42,-13.24],[-53.02,-13.3],[-53.22,-13.49],[-53.44,-13.4],[-53.58,-13.63],[-53.6,-13.31],[-53.87,-13.46],[-54.76,-13.34],[-55.02,-13.2],[-55.63,-12.31],[-55.89,-12.31],[-56.09,-12.04],[-56.24,-12.23],[-56.58,-11.72],[-56.68,-11.97],[-56.32,-12.26],[-56.45,-12.61],[-56.23,-13.15],[-56.6,-13.44],[-56.86,-13.28],[-56.96,-13.45],[-57.58,-12.96],[-57.4,-12.87],[-57.62,-12.71],[-57.54,-12.43],[-57.67,-12.53],[-57.83,-12.14],[-58.12,-12.31],[-58.12,-11.93],[-58.33,-11.94],[-58.36,-11.73],[-58.79,-11.55],[-59.2,-11.71],[-59.28,-11.5],[-59.63,-11.48],[-60.11,-11.74],[-59.96,-12.07],[-60.38,-12.09],[-60.67,-12.45],[-61.0,-12.18],[-61.15,-12.46],[-60.59,-12.8],[-60.85,-12.96],[-61.16,-12.67],[-61.22,-12.79],[-60.97,-13.05],[-61.54,-13.2],[-61.35,-13.47],[-60.97,-13.44],[-60.66,-13.67],[-60.9,-13.81],[-61.34,-13.56],[-61.67,-13.59],[-61.55,-13.83],[-61.28,-13.91],[-61.39,-14.09],[-61.12,-14.62],[-61.41,-14.52],[-61.7,-14.05],[-62.07,-13.97],[-62.05,-14.49],[-61.78,-14.85],[-62.05,-14.66],[-62.08,-14.95],[-62.3,-14.56],[-62.54,-14.54],[-62.6,-15.06],[-62.31,-15.61],[-62.87,-14.98],[-62.89,-15.4],[-62.67,-15.84],[-63.21,-15.25],[-63.19,-16.0],[-63.35,-15.68],[-63.71,-15.61],[-63.89,-15.24],[-64.07,-15.28],[-64.42,-14.83],[-64.71,-14.91],[-64.54,-14.74],[-64.38,-14.82],[-64.28,-14.97],[-64.52,-14.19],[-64.14,-13.68],[-63.92,-13.79],[-64.09,-14.36],[-63.93,-14.43],[-63.91,-14.23],[-63.85,-14.41],[-63.71,-14.39],[-63.86,-14.07],[-63.65,-13.5],[-63.67,-13.74],[-63.55,-13.68],[-63.31,-13.93],[-63.02,-13.88],[-63.12,-14.09],[-62.78,-14.23],[-62.68,-14.61],[-62.47,-14.08],[-62.77,-13.87],[-62.72,-13.67],[-62.89,-13.31],[-63.02,-13.33],[-63.08,-12.91],[-63.2,-12.82],[-63.36,-13.29],[-63.61,-13.28],[-63.81,-12.95],[-63.93,-12.98],[-63.95,-12.7],[-64.25,-12.49],[-64.18,-12.78],[-64.32,-12.5],[-64.64,-13.2],[-64.43,-12.45],[-64.94,-12.28],[-64.99,-11.91],[-65.14,-11.99],[-65.2,-12.54],[-65.4,-12.04],[-65.27,-11.91],[-65.36,-11.53],[-65.36,-11.92],[-65.6,-11.56],[-65.45,-11.92],[-65.49,-12.17],[-65.59,-11.99],[-65.95,-12.43],[-66.15,-12.23],[-66.11,-12.06],[-66.25,-12.06],[-66.18,-12.26],[-66.39,-12.56],[-66.48,-12.44],[-66.35,-12.11],[-66.44,-11.99],[-66.51,-12.42],[-66.48,-11.94],[-66.65,-11.6],[-66.55,-11.94],[-66.69,-12.94],[-66.89,-13.26],[-66.67,-12.53],[-66.73,-12.42],[-66.78,-12.68],[-66.88,-12.61],[-66.69,-12.21],[-66.81,-12.25],[-66.79,-12.08],[-66.67,-12.13],[-66.78,-11.9],[-67.14,-13.5],[-66.95,-13.26],[-66.92,-13.39],[-67.46,-14.37],[-66.96,-14.66],[-66.9,-15.05],[-66.52,-14.55],[-65.43,-14.09],[-65.99,-14.38],[-66.09,-14.76],[-66.28,-14.69],[-66.7,-15.0],[-66.28,-14.8],[-65.95,-14.87],[-66.11,-14.79],[-66.0,-14.74],[-65.9,-14.52],[-65.82,-14.76],[-65.76,-14.62],[-65.56,-14.48],[-65.74,-14.67],[-65.82,-15.68],[-65.96,-15.89],[-65.53,-15.85],[-65.21,-15.43],[-65.18,-15.61],[-64.99,-15.16],[-65.0,-14.45],[-65.18,-14.23],[-65.15,-14.12],[-65.04,-14.33],[-65.08,-14.01],[-65.27,-13.81],[-65.3,-14.05],[-65.42,-13.61],[-65.29,-13.02],[-65.1,-12.64],[-64.97,-12.69],[-65.3,-13.55],[-64.99,-13.98],[-64.85,-15.29],[-64.11,-15.69],[-64.11,-15.59],[-63.78,-15.67],[-63.81,-15.57],[-63.36,-15.88],[-63.59,-16.14],[-62.92,-17.07],[-63.25,-16.8],[-63.4,-16.88],[-63.6,-16.54],[-63.59,-16.99],[-64.16,-16.89],[-63.4,-17.5],[-63.44,-17.91],[-63.73,-18.01],[-64.94,-17.72],[-65.11,-17.8],[-66.07,-17.03],[-66.79,-16.73],[-67.05,-16.68],[-67.09,-17.05],[-67.41,-16.92],[-67.4,-16.74],[-67.3,-16.78],[-68.12,-16.11],[-68.04,-15.87],[-68.45,-15.71],[-68.37,-15.55],[-68.61,-15.43],[-68.47,-15.23],[-68.92,-15.32],[-68.72,-14.98],[-69.09,-14.81],[-69.38,-14.44],[-69.38,-14.15],[-69.61,-14.31],[-69.8,-14.07],[-70.03,-14.07],[-69.96,-13.97],[-70.29,-13.96],[-70.32,-13.63],[-70.56,-13.92],[-70.5,-13.79],[-70.74,-13.71],[-70.6,-13.47],[-70.98,-13.58],[-71.4,-13.29],[-71.37,-13.79],[-72.02,-12.81],[-72.04,-13.13],[-72.46,-12.91],[-72.48,-13.06],[-71.93,-13.3],[-71.15,-14.12],[-71.33,-14.13],[-71.19,-14.33],[-71.32,-14.39],[-71.84,-13.46],[-72.75,-13.2],[-73.0,-12.99],[-72.94,-12.86],[-73.2,-12.78],[-73.14,-12.97],[-73.35,-13.08],[-73.18,-13.29],[-71.85,-13.71],[-71.17,-14.98],[-71.72,-14.89],[-71.57,-14.4],[-71.62,-14.26],[-71.74,-14.46],[-71.79,-14.1],[-71.84,-14.62],[-72.09,-14.67],[-72.07,-14.36],[-72.29,-14.55],[-72.3,-13.75],[-72.66,-14.42],[-72.66,-14.19],[-72.87,-14.11],[-72.63,-13.8],[-72.73,-13.61],[-73.1,-14.0],[-72.82,-14.31],[-72.93,-14.45],[-73.21,-14.13],[-73.15,-14.41],[-73.3,-14.52],[-73.36,-14.18],[-73.15,-13.6],[-73.43,-13.91],[-73.49,-14.36],[-73.81,-13.93],[-74.0,-14.02],[-73.82,-14.42],[-74.23,-14.24],[-74.01,-13.73],[-74.62,-13.82],[-74.39,-13.62],[-74.92,-13.53],[-74.88,-13.37],[-74.25,-13.4],[-74.63,-12.88],[-74.92,-12.93],[-74.82,-12.55],[-75.09,-12.82],[-75.06,-12.46],[-75.37,-12.63],[-75.25,-12.4],[-76.05,-11.49],[-75.66,-11.78],[-75.43,-11.72],[-75.12,-12.11],[-74.93,-11.66],[-75.03,-11.44],[-75.24,-11.71],[-75.42,-11.25],[-75.57,-11.52],[-75.8,-11.39],[-75.85,-11.17],[-75.7,-11.12],[-76.0,-10.89],[-76.01,-10.72],[-75.74,-10.7],[-75.94,-10.01],[-76.07,-10.11],[-76.12,-10.65],[-76.28,-10.36],[-76.59,-10.54],[-76.38,-9.99],[-76.57,-9.49],[-76.54,-10.05],[-76.72,-10.25],[-76.82,-9.77],[-77.02,-9.85],[-76.97,-9.37],[-77.3,-9.41],[-77.16,-9.07],[-77.41,-9.13],[-77.55,-8.97],[-77.46,-8.78],[-77.69,-8.61],[-77.6,-8.29],[-77.82,-8.0],[-77.76,-7.82],[-77.84,-7.76],[-77.9,-7.97],[-77.98,-7.85],[-78.37,-7.89],[-78.98,-7.33],[-78.9,-7.15],[-79.06,-7.01],[-78.75,-6.89],[-78.79,-7.03],[-78.53,-7.21],[-78.59,-7.07],[-78.4,-6.91],[-78.26,-7.15],[-78.07,-7.17],[-78.39,-6.71],[-78.54,-6.84],[-78.65,-6.62],[-78.71,-6.81],[-78.98,-6.83],[-78.96,-6.96],[-79.14,-6.89],[-79.18,-6.29],[-78.96,-6.44],[-79.28,-6.17],[-79.46,-5.64],[-79.67,-5.59],[-79.64,-5.2],[-79.94,-5.12],[-80.13,-4.85],[-80.09,-4.66],[-79.83,-4.74],[-79.89,-4.42],[-79.8,-4.55],[-79.59,-4.46],[-79.8,-4.48],[-79.88,-4.4],[-80.13,-4.29],[-80.04,-4.23],[-80.41,-4.36],[-80.31,-4.2],[-80.46,-4.12],[-80.3,-4.01],[-80.43,-3.78],[-79.8,-3.66],[-79.93,-3.62],[-79.85,-3.44],[-79.75,-3.47],[-79.75,-3.35],[-79.6,-3.32],[-79.42,-3.09],[-79.16,-3.11],[-79.23,-2.91],[-78.87,-2.61],[-79.0,-2.52],[-79.31,-2.8],[-79.44,-2.74],[-79.34,-2.98],[-79.7,-3.31],[-79.73,-3.07],[-79.56,-2.86],[-79.68,-2.78],[-79.34,-2.4],[-79.3,-1.92],[-79.62,-1.57],[-79.79,-1.71],[-79.82,-2.23],[-79.92,-2.59],[-80.01,-2.42],[-79.9,-2.26],[-80.18,-2.49],[-80.28,-2.21],[-80.73,-2.03],[-80.77,-1.77],[-80.14,-2.11],[-79.96,-0.62],[-79.78,-0.3],[-79.57,-0.26],[-80.03,0.16],[-79.86,0.38],[-80.09,0.76],[-79.43,1.06],[-78.93,1.1],[-78.72,1.38],[-78.92,1.57],[-78.56,1.7],[-78.47,2.42],[-78.2,2.39],[-77.71,2.69],[-77.0,3.91],[-77.22,3.83],[-77.31,3.95],[-77.17,4.05],[-77.36,4.06],[-77.26,4.84],[-77.34,5.38],[-77.55,5.49],[-77.2,5.8],[-77.48,6.19],[-77.33,6.68],[-77.7,6.84],[-77.65,7.08],[-78.18,7.51],[-78.4,7.92],[-78.16,8.39],[-78.05,8.22],[-77.78,8.1],[-77.75,8.14],[-78.02,8.26],[-78.15,8.61],[-78.19,8.45],[-78.43,8.58],[-78.42,8.35],[-78.6,8.77],[-79.26,9.12],[-79.73,8.91],[-79.92,8.61],[-80.59,8.57],[-80.56,8.31],[-80.81,8.11],[-80.74,7.87],[-80.07,7.49],[-80.38,7.42],[-80.44,7.24],[-80.89,7.2],[-81.04,7.95],[-81.24,7.9],[-81.22,7.61],[-81.51,7.7],[-81.74,8.21],[-82.1,8.22],[-82.19,8.39],[-82.77,8.34],[-82.9,8.03],[-83.15,8.36],[-83.15,8.62],[-83.48,8.71],[-83.28,8.39],[-83.57,8.44],[-83.74,8.61],[-83.47,8.85],[-83.59,9.01],[-84.21,9.5],[-84.54,9.52],[-84.68,9.65],[-84.61,9.86],[-85.05,10.52]],[[-93.94,16.94],[-94.18,16.84],[-93.91,16.91],[-93.94,16.94]],[[-88.4,18.5],[-88.3,18.64],[-88.51,18.46],[-88.32,18.49],[-88.4,18.5]],[[-73.42,8.49],[-73.4,9.18],[-73.45,9.26],[-73.42,8.49]],[[-76.79,-8.88],[-76.68,-8.94],[-76.53,-8.65],[-76.72,-8.8],[-77.02,-8.67],[-76.7,-8.52],[-77.0,-8.49],[-76.84,-8.24],[-77.0,-8.37],[-77.22,-8.17],[-77.04,-8.04],[-77.31,-7.95],[-77.54,-7.08],[-77.73,-7.0],[-78.04,-6.4],[-77.41,-7.95],[-77.52,-8.05],[-77.95,-6.83],[-77.55,-8.07],[-77.43,-8.23],[-77.41,-8.08],[-77.26,-8.17],[-77.22,-8.32],[-77.36,-8.3],[-76.57,-9.49],[-76.79,-8.88]],[[-59.63,4.45],[-60.11,4.56],[-59.74,4.62],[-60.02,4.7],[-60.01,4.94],[-60.08,4.74],[-60.07,5.02],[-60.2,4.87],[-60.58,4.97],[-60.59,5.12],[-60.84,5.12],[-61.27,5.48],[-61.03,5.61],[-60.74,5.33],[-60.94,5.6],[-61.22,5.75],[-61.2,5.89],[-61.84,5.89],[-62.1,5.74],[-61.54,5.27],[-61.73,5.1],[-61.9,5.31],[-62.02,5.04],[-61.63,4.77],[-61.42,4.88],[-61.71,4.69],[-61.31,4.69],[-61.46,4.79],[-61.22,4.92],[-61.07,4.69],[-61.24,4.65],[-61.01,4.52],[-60.66,4.57],[-61.35,4.07],[-62.05,3.9],[-61.52,3.5],[-61.8,2.59],[-62.05,2.32],[-61.92,2.01],[-61.65,2.15],[-61.52,2.01],[-61.5,1.8],[-61.28,1.54],[-61.37,1.07],[-61.0,2.13],[-60.33,2.67],[-59.96,2.26],[-59.72,2.28],[-59.73,2.06],[-59.49,1.63],[-59.66,2.0],[-59.19,2.47],[-59.28,2.59],[-59.12,2.97],[-59.88,3.08],[-59.68,3.31],[-59.78,3.35],[-59.42,3.57],[-59.39,3.8],[-59.09,3.95],[-59.5,3.95],[-59.71,4.23],[-59.47,4.57],[-59.63,4.45]],[[-84.58,15.12],[-84.18,15.23],[-84.31,15.59],[-84.58,15.12]],[[-88.51,17.65],[-88.63,17.72],[-88.54,17.9],[-88.51,17.71],[-88.35,17.63],[-88.28,17.94],[-88.44,17.78],[-88.45,17.93],[-88.6,17.9],[-88.74,17.51],[-88.51,17.65]],[[-90.58,15.81],[-90.83,15.74],[-90.86,15.61],[-90.46,15.51],[-90.58,15.81]],[[-98.35,23.03],[-98.24,23.05],[-98.18,23.43],[-98.47,23.54],[-98.51,23.29],[-98.35,23.03]],[[-75.04,4.53],[-75.39,4.17],[-75.39,4.04],[-75.27,4.09],[-75.33,3.9],[-75.59,3.75],[-75.56,3.34],[-75.39,3.51],[-75.47,3.12],[-75.35,3.24],[-75.67,2.58],[-75.56,2.57],[-75.84,2.49],[-75.66,2.39],[-75.85,2.25],[-75.75,2.14],[-75.97,2.03],[-75.65,2.05],[-74.98,3.05],[-74.88,3.31],[-75.08,3.42],[-74.61,3.91],[-74.57,4.23],[-74.48,4.12],[-74.44,4.32],[-74.62,4.35],[-74.38,4.62],[-74.52,4.75],[-74.63,4.54],[-74.62,4.82],[-74.76,4.59],[-74.58,4.93],[-74.66,4.96],[-74.62,5.33],[-74.52,4.92],[-74.3,5.14],[-74.48,5.37],[-74.54,5.2],[-74.54,5.36],[-74.67,5.35],[-74.72,5.29],[-74.63,5.45],[-75.02,5.15],[-75.04,4.53]],[[-75.43,4.65],[-75.24,4.66],[-75.34,5.18],[-75.31,4.98],[-75.39,5.15],[-75.43,4.65]],[[-76.04,3.44],[-75.91,3.74],[-75.76,3.67],[-75.76,3.89],[-75.86,3.85],[-75.57,4.21],[-75.59,4.46],[-75.7,4.07],[-75.71,4.2],[-76.04,3.77],[-76.04,3.44]],[[-76.15,2.9],[-76.2,2.92],[-76.22,2.63],[-76.19,2.86],[-75.93,2.99],[-76.07,3.17],[-75.93,3.33],[-76.02,3.41],[-76.17,3.09],[-76.15,2.9]],[[-76.26,2.86],[-76.26,2.54],[-76.44,2.33],[-76.35,2.14],[-76.15,2.63],[-76.22,2.63],[-76.26,2.86]],[[-78.51,-2.51],[-78.31,-2.59],[-78.32,-2.42],[-78.53,-2.34],[-78.41,-2.25],[-78.63,-2.2],[-78.64,-1.99],[-78.81,-2.2],[-78.67,-2.26],[-78.96,-2.43],[-78.76,-2.46],[-78.79,-2.59],[-78.71,-2.36],[-78.56,-2.34],[-78.57,-2.47],[-78.53,-2.35],[-78.51,-2.51]],[[-78.52,-1.47],[-78.84,-1.29],[-78.63,-1.16],[-78.76,-0.73],[-78.86,-0.94],[-78.91,-0.7],[-79.01,-1.06],[-78.87,-1.14],[-79.08,-1.41],[-78.88,-1.58],[-78.91,-2.15],[-78.75,-1.97],[-78.77,-1.63],[-78.52,-1.47]],[[-78.19,-1.11],[-78.39,-0.91],[-78.13,-0.95],[-78.32,-0.85],[-78.11,-0.8],[-78.29,-0.69],[-77.99,-0.6],[-78.2,-0.38],[-77.93,-0.34],[-78.12,-0.22],[-77.85,-0.16],[-77.99,-0.06],[-77.89,0.26],[-78.06,0.32],[-78.0,-0.04],[-78.08,-0.16],[-78.23,-0.06],[-78.3,-0.48],[-78.64,-0.66],[-78.67,-0.49],[-78.8,-0.63],[-78.75,-0.72],[-78.49,-0.64],[-78.47,-1.25],[-78.19,-1.11]],[[-78.44,-2.19],[-78.31,-1.99],[-78.48,-1.98],[-78.3,-1.64],[-78.44,-1.54],[-78.56,-1.83],[-78.43,-1.85],[-78.62,-1.99],[-78.45,-2.11],[-78.58,-2.14],[-78.44,-2.19]],[[-78.72,-2.81],[-78.71,-3.19],[-78.57,-3.17],[-78.58,-2.64],[-78.65,-2.91],[-78.72,-2.81]],[[-79.16,-4.48],[-79.31,-4.38],[-79.55,-4.81],[-79.47,-5.01],[-79.31,-4.86],[-79.38,-4.71],[-79.25,-4.71],[-79.38,-4.68],[-79.16,-4.48]],[[-77.18,1.86],[-77.12,1.72],[-76.99,1.81],[-76.83,2.38],[-77.26,2.04],[-77.43,1.6],[-77.54,1.89],[-77.75,1.88],[-77.45,1.57],[-77.49,1.29],[-77.41,1.58],[-77.22,1.44],[-77.37,1.61],[-77.18,1.86]],[[-75.73,5.1],[-75.85,4.9],[-75.84,5.16],[-75.93,5.04],[-76.42,3.93],[-76.66,3.08],[-76.52,3.0],[-76.29,3.18],[-76.31,3.82],[-75.89,4.75],[-75.83,4.63],[-75.89,4.85],[-75.62,5.09],[-75.58,5.71],[-75.36,5.67],[-75.52,5.73],[-75.47,5.91],[-75.58,5.75],[-75.85,6.06],[-75.81,6.44],[-75.69,6.45],[-75.83,6.85],[-75.49,7.24],[-75.63,7.29],[-75.89,7.02],[-75.87,6.0],[-75.99,5.83],[-75.71,5.81],[-75.61,5.47],[-75.73,5.1]],[[-67.65,-13.55],[-67.59,-13.64],[-67.53,-13.53],[-67.81,-13.49],[-68.05,-13.65],[-68.06,-13.53],[-68.19,-13.7],[-68.36,-13.51],[-68.22,-13.75],[-67.84,-13.85],[-68.19,-13.75],[-67.85,-13.66],[-68.02,-13.68],[-67.65,-13.55]],[[-65.05,-16.39],[-64.8,-15.88],[-64.96,-15.28],[-65.15,-16.26],[-65.05,-16.39]],[[-66.44,-11.49],[-66.16,-12.0],[-66.21,-11.47],[-66.44,-11.49]],[[-67.43,-12.69],[-67.33,-12.96],[-67.56,-12.91],[-67.76,-13.15],[-67.3,-13.1],[-67.17,-12.62],[-67.43,-12.69]],[[-68.1,-12.51],[-68.29,-12.73],[-68.37,-12.64],[-68.63,-13.0],[-67.61,-12.77],[-67.78,-12.74],[-67.17,-12.47],[-67.54,-12.53],[-67.55,-12.37],[-68.12,-12.86],[-68.44,-12.91],[-68.15,-12.62],[-68.1,-12.51]],[[-74.31,2.94],[-74.49,3.01],[-74.58,2.86],[-74.5,2.72],[-73.91,2.58],[-74.11,3.03],[-74.23,3.03],[-74.22,2.86],[-74.36,3.05],[-74.31,2.94]],[[-72.5,6.67],[-72.55,6.54],[-72.48,6.64],[-72.43,6.35],[-72.61,6.28],[-72.57,6.12],[-72.91,5.72],[-72.98,5.51],[-72.76,5.41],[-72.66,5.9],[-72.59,5.72],[-72.6,5.91],[-72.47,5.83],[-72.55,5.97],[-72.36,6.04],[-72.38,6.28],[-72.04,6.48],[-72.14,6.68],[-72.24,6.55],[-72.22,6.7],[-72.39,6.77],[-72.4,6.64],[-72.51,6.92],[-72.63,6.87],[-72.57,7.17],[-72.76,7.03],[-72.96,7.49],[-72.97,7.1],[-72.5,6.67]],[[-73.0,5.46],[-73.08,5.66],[-73.33,5.44],[-73.1,5.47],[-73.07,5.31],[-72.9,5.38],[-72.98,5.51],[-73.0,5.46]],[[-74.55,3.78],[-74.59,3.53],[-74.34,3.78],[-74.23,3.54],[-74.23,3.9],[-73.93,4.06],[-74.19,4.07],[-74.04,4.21],[-74.12,4.4],[-73.82,4.73],[-73.74,4.43],[-73.7,4.72],[-73.8,4.78],[-74.07,4.6],[-74.16,4.3],[-74.24,4.5],[-74.27,3.99],[-74.55,3.78]],[[-72.89,6.32],[-73.03,5.97],[-73.14,6.03],[-73.06,5.89],[-72.78,6.06],[-72.71,6.36],[-72.84,6.17],[-72.89,6.32]],[[-71.15,8.35],[-70.67,8.74],[-70.61,8.84],[-70.8,8.81],[-70.69,8.94],[-70.54,8.92],[-70.37,9.08],[-70.54,8.97],[-70.5,9.16],[-70.79,8.9],[-70.75,9.16],[-70.9,8.92],[-71.29,8.79],[-71.27,8.62],[-70.86,8.78],[-71.17,8.48],[-71.03,8.47],[-71.15,8.35]],[[-62.88,6.41],[-62.81,6.29],[-62.8,6.42],[-62.64,6.43],[-62.75,6.53],[-62.98,6.38],[-62.85,5.91],[-62.83,6.23],[-62.69,6.16],[-62.89,6.33],[-62.88,6.41]],[[-61.52,-12.53],[-61.19,-12.64],[-61.22,-12.41],[-61.51,-12.35],[-61.52,-12.53]],[[-62.31,-13.56],[-61.97,-13.54],[-61.98,-13.42],[-62.27,-13.4],[-62.28,-13.27],[-62.14,-13.31],[-62.39,-13.1],[-62.31,-13.56]],[[-48.0,-6.5],[-47.95,-6.52],[-47.96,-5.94],[-48.08,-5.76],[-48.0,-6.5]],[[-48.76,-10.38],[-48.87,-10.99],[-48.49,-10.8],[-48.64,-10.72],[-48.65,-10.13],[-48.8,-10.22],[-48.93,-10.07],[-48.89,-10.36],[-48.76,-10.38]],[[-49.09,-9.53],[-48.97,-9.77],[-48.77,-9.77],[-48.57,-9.6],[-48.82,-9.41],[-48.73,-8.82],[-48.98,-8.77],[-48.93,-9.37],[-49.09,-9.53]],[[-49.99,-7.76],[-49.81,-7.91],[-49.59,-7.66],[-49.62,-7.54],[-49.99,-7.76]],[[-55.97,0.64],[-55.94,0.5],[-55.32,0.55],[-55.03,1.11],[-55.26,1.25],[-55.36,1.65],[-55.14,1.87],[-55.53,1.96],[-55.93,2.31],[-56.09,2.14],[-56.08,0.99],[-55.88,0.95],[-55.59,1.21],[-55.66,1.05],[-55.52,1.0],[-55.97,0.64]]],[[[-86.42,11.96],[-86.21,12.06],[-85.92,11.62],[-86.24,11.71],[-86.42,11.96]]],[[[-86.03,13.64],[-86.19,13.78],[-86.02,14.05],[-85.79,13.8],[-85.95,13.35],[-86.1,13.43],[-86.03,13.64]]],[[[-88.24,14.46],[-88.02,14.37],[-88.04,14.26],[-88.41,14.42],[-88.28,14.66],[-88.24,14.46]]],[[[-87.73,14.9],[-87.83,14.72],[-88.23,14.82],[-88.0,15.19],[-87.99,14.98],[-87.77,15.09],[-87.86,14.91],[-87.73,14.9]]],[[[-90.45,14.13],[-90.23,14.28],[-90.33,14.11],[-90.1,14.19],[-89.78,14.02],[-90.53,13.93],[-90.55,14.08],[-91.53,14.52],[-91.75,14.28],[-92.43,15.14],[-93.4,15.75],[-93.8,16.29],[-93.69,16.38],[-93.48,15.99],[-93.14,15.98],[-92.95,15.76],[-92.68,15.75],[-92.62,15.96],[-92.42,15.83],[-92.67,15.71],[-92.66,15.54],[-92.31,15.21],[-91.91,15.26],[-91.73,14.97],[-91.58,15.06],[-91.52,14.78],[-91.88,14.81],[-90.45,14.13]]],[[[-83.16,15.0],[-83.3,15.03],[-83.37,15.11],[-83.39,15.16],[-83.41,15.17],[-83.58,14.91],[-84.05,14.75],[-83.58,15.18],[-83.39,15.24],[-83.16,15.0]]],[[[-86.93,15.26],[-86.9,15.2],[-87.0,15.09],[-86.64,14.87],[-86.63,14.8],[-87.05,14.83],[-87.23,15.02],[-87.04,15.15],[-87.14,15.25],[-87.13,15.27],[-86.93,15.26]]],[[[-88.33,15.27],[-88.25,15.04],[-88.73,15.02],[-88.33,15.27]]],[[[-88.03,18.85],[-87.55,19.3],[-87.68,18.91],[-87.78,18.78],[-88.03,18.85]]],[[[-87.86,18.3],[-87.94,18.55],[-88.08,18.52],[-88.0,18.73],[-87.79,18.73],[-87.68,18.91],[-87.86,18.3]]],[[[-76.33,18.15],[-76.27,17.93],[-77.8,17.99],[-78.31,18.3],[-77.93,18.47],[-77.02,18.41],[-76.33,18.15]]],[[[-76.39,20.34],[-75.55,20.15],[-75.44,19.91],[-75.8,20.08],[-77.05,19.92],[-77.35,20.03],[-76.39,20.34]]],[[[-74.5,20.17],[-75.88,20.44],[-75.82,20.58],[-75.64,20.65],[-75.62,20.45],[-75.33,20.48],[-75.52,20.73],[-74.86,20.63],[-74.2,20.22],[-74.29,20.11],[-74.7,20.11],[-74.8,20.17],[-74.5,20.17]]],[[[-78.15,21.11],[-78.01,21.28],[-77.65,21.17],[-77.56,20.85],[-77.92,20.93],[-78.02,21.04],[-77.89,21.12],[-78.15,21.11]]],[[[-79.56,21.83],[-80.3,22.02],[-79.84,22.15],[-79.46,21.99],[-79.56,21.83]]],[[[-79.68,22.46],[-78.83,22.12],[-78.82,21.89],[-79.17,21.87],[-79.15,22.13],[-78.99,22.11],[-79.68,22.46]]],[[[-82.94,22.83],[-83.88,22.56],[-83.84,22.49],[-84.12,22.17],[-84.16,22.31],[-83.82,22.68],[-82.94,22.83]]],[[[-81.52,22.81],[-81.08,22.94],[-81.22,22.63],[-81.52,22.81]]],[[[-82.45,22.87],[-83.29,22.66],[-82.78,22.84],[-82.48,23.07],[-82.43,22.83],[-82.62,22.79],[-82.45,22.87]]],[[[-71.64,8.99],[-71.74,8.8],[-72.19,8.64],[-72.42,9.34],[-72.13,9.81],[-72.08,9.41],[-71.64,8.99]]],[[[-68.66,10.22],[-68.23,10.24],[-68.19,10.08],[-68.73,9.99],[-68.66,10.22]]],[[[-69.05,10.4],[-68.65,10.46],[-68.81,10.23],[-69.14,10.19],[-69.05,10.4]]],[[[-67.03,10.31],[-67.23,10.23],[-67.87,10.37],[-67.14,10.51],[-67.03,10.31]]],[[[-70.44,10.45],[-70.91,10.05],[-70.72,10.64],[-70.44,10.75],[-70.44,10.45]]],[[[-66.9,10.49],[-66.74,10.62],[-66.08,10.58],[-66.08,10.4],[-66.9,10.49]]],[[[-73.25,11.16],[-73.12,10.97],[-73.39,10.74],[-73.29,10.64],[-73.46,10.66],[-73.54,10.31],[-73.79,10.25],[-73.71,10.49],[-73.98,10.44],[-73.79,10.56],[-74.03,10.6],[-73.88,10.69],[-74.04,10.65],[-74.15,11.12],[-74.06,11.24],[-74.03,11.09],[-73.82,11.15],[-73.81,10.99],[-73.61,11.14],[-73.49,11.02],[-73.25,11.16]],[[-73.74,10.96],[-73.95,10.91],[-73.7,10.69],[-73.81,10.66],[-73.54,10.64],[-73.34,10.99],[-73.74,10.96]]],[[[-65.63,18.28],[-66.08,17.96],[-66.37,18.12],[-67.2,18.04],[-67.27,18.37],[-67.08,18.52],[-65.85,18.44],[-65.63,18.28]]],[[[-72.48,18.39],[-71.89,18.27],[-71.44,17.99],[-71.95,18.23],[-72.72,18.17],[-73.34,18.31],[-73.69,18.24],[-73.88,18.02],[-74.0,18.27],[-74.47,18.44],[-74.42,18.62],[-74.2,18.68],[-73.78,18.54],[-73.72,18.55],[-73.61,18.48],[-72.1,18.53],[-71.43,18.3],[-71.32,18.2],[-72.28,18.5],[-72.48,18.39]]],[[[-69.97,19.68],[-69.74,19.25],[-69.23,19.36],[-69.23,19.18],[-69.62,19.22],[-69.7,19.08],[-68.8,18.98],[-68.32,18.6],[-68.46,18.34],[-68.75,18.22],[-69.19,18.51],[-70.44,18.36],[-70.81,18.48],[-70.99,18.77],[-71.4,18.94],[-71.54,18.92],[-71.24,18.78],[-71.22,18.54],[-71.28,18.49],[-72.25,18.71],[-72.66,18.96],[-72.39,19.09],[-72.52,19.45],[-73.27,19.83],[-72.8,19.95],[-70.61,19.29],[-70.67,19.5],[-71.18,19.8],[-70.99,19.93],[-70.26,19.61],[-69.97,19.68]],[[-71.33,19.28],[-72.04,19.54],[-71.9,19.19],[-70.9,18.84],[-70.83,18.59],[-70.51,18.52],[-70.49,19.12],[-71.04,19.33],[-71.33,19.28]],[[-72.08,18.71],[-71.27,18.56],[-71.48,18.81],[-71.5,18.69],[-72.08,18.71]]],[[[-65.81,-27.61],[-65.46,-28.47],[-65.61,-29.13],[-65.54,-28.49],[-65.91,-27.94],[-66.01,-28.13],[-65.91,-28.39],[-66.06,-28.64],[-66.41,-28.83],[-66.14,-28.64],[-66.03,-28.26],[-66.07,-27.81],[-66.51,-27.47],[-66.17,-27.42],[-65.9,-27.16],[-65.63,-25.71],[-65.34,-25.47],[-65.31,-25.77],[-65.05,-25.25],[-64.94,-25.41],[-65.17,-26.01],[-65.54,-26.32],[-65.55,-26.55],[-65.34,-26.72],[-65.16,-26.66],[-64.91,-25.85],[-64.72,-26.57],[-65.6,-27.17],[-65.81,-27.61]]],[[[-64.55,-24.42],[-64.57,-23.94],[-64.12,-23.8],[-63.99,-24.36],[-64.82,-24.96],[-64.55,-24.42]]],[[[-65.26,-24.12],[-65.03,-24.83],[-65.26,-25.12],[-65.35,-24.59],[-65.52,-24.69],[-65.7,-25.41],[-65.89,-24.81],[-65.43,-24.37],[-65.46,-24.02],[-65.13,-23.5],[-64.84,-23.5],[-64.83,-23.12],[-65.02,-22.87],[-64.85,-22.47],[-64.95,-22.2],[-64.58,-22.22],[-64.37,-21.94],[-64.24,-22.09],[-64.2,-21.54],[-65.03,-21.12],[-64.71,-21.11],[-64.68,-20.96],[-64.43,-21.2],[-64.18,-21.2],[-64.08,-20.97],[-63.81,-21.18],[-63.88,-21.59],[-63.62,-21.93],[-63.63,-22.19],[-64.06,-23.27],[-64.99,-24.07],[-65.26,-24.12]]],[[[-64.71,-20.64],[-64.5,-20.44],[-64.29,-20.55],[-64.4,-20.71],[-64.24,-20.84],[-64.28,-21.03],[-64.52,-20.77],[-64.55,-20.91],[-64.84,-20.85],[-64.89,-20.52],[-64.72,-20.44],[-64.71,-20.64]]],[[[-63.75,-20.1],[-63.91,-20.24],[-63.42,-20.29],[-63.62,-20.48],[-63.45,-20.6],[-63.57,-21.02],[-63.66,-20.82],[-63.89,-20.91],[-63.88,-20.71],[-64.09,-20.79],[-64.29,-20.4],[-64.2,-19.91],[-64.46,-19.88],[-64.76,-19.35],[-64.72,-19.19],[-64.63,-19.39],[-64.5,-19.35],[-64.62,-18.93],[-64.52,-18.75],[-64.41,-18.71],[-64.38,-19.33],[-64.27,-19.2],[-64.06,-19.46],[-63.89,-19.2],[-63.66,-19.59],[-63.72,-20.07],[-63.74,-19.81],[-63.85,-19.84],[-63.75,-20.1]]],[[[-63.96,-18.69],[-63.98,-18.83],[-64.03,-18.7],[-63.88,-18.04],[-63.7,-18.35],[-63.53,-18.2],[-63.51,-18.31],[-63.64,-18.41],[-63.53,-18.5],[-63.71,-18.49],[-63.71,-18.79],[-63.79,-18.63],[-63.96,-18.69]]],[[[-66.59,10.13],[-66.26,10.07],[-65.98,10.16],[-65.68,9.93],[-65.92,9.82],[-66.76,9.94],[-66.59,10.13]]],[[[-63.87,10.15],[-63.85,10.0],[-64.4,10.03],[-64.18,10.22],[-63.87,10.15]]],[[[-63.68,10.21],[-63.27,10.27],[-63.21,10.1],[-63.57,10.05],[-63.68,10.21]]],[[[-61.1,10.41],[-60.99,10.13],[-61.88,10.08],[-61.48,10.19],[-61.39,10.62],[-61.6,10.74],[-60.91,10.83],[-61.1,10.41]]],[[[-52.71,-33.1],[-52.36,-32.28],[-52.1,-32.1],[-52.66,-33.16],[-53.4,-33.77],[-52.71,-33.1]]],[[[-50.67,-29.81],[-50.87,-29.91],[-51.09,-29.63],[-51.77,-29.6],[-51.82,-29.8],[-52.12,-29.65],[-52.08,-29.81],[-52.39,-29.75],[-52.39,-29.88],[-51.74,-29.95],[-51.88,-30.09],[-51.93,-29.94],[-52.22,-30.01],[-52.2,-30.18],[-52.34,-30.01],[-52.41,-30.18],[-52.57,-30.06],[-52.79,-30.2],[-52.81,-30.04],[-53.16,-30.26],[-53.11,-29.97],[-53.37,-30.18],[-53.27,-29.98],[-54.11,-30.09],[-53.73,-29.87],[-53.97,-29.6],[-54.58,-29.4],[-54.66,-29.52],[-55.05,-29.45],[-55.15,-29.29],[-54.42,-29.21],[-53.69,-29.54],[-53.22,-29.02],[-53.15,-29.13],[-52.92,-28.98],[-53.02,-28.76],[-53.11,-28.84],[-53.15,-28.3],[-52.62,-28.37],[-52.15,-28.2],[-52.28,-27.71],[-52.54,-27.76],[-52.58,-27.39],[-52.8,-27.44],[-52.76,-27.23],[-52.85,-27.47],[-52.74,-28.09],[-53.04,-28.07],[-53.23,-27.94],[-53.23,-27.62],[-53.53,-27.56],[-53.47,-27.44],[-53.58,-27.61],[-53.78,-27.29],[-53.58,-27.63],[-53.81,-27.68],[-53.64,-27.69],[-53.71,-27.86],[-53.94,-27.75],[-54.02,-27.96],[-54.29,-27.68],[-54.39,-28.03],[-53.79,-28.1],[-53.68,-27.99],[-53.44,-28.29],[-53.74,-28.33],[-54.0,-28.62],[-54.3,-28.38],[-54.57,-28.46],[-54.72,-28.17],[-54.86,-28.35],[-54.98,-28.16],[-55.45,-28.1],[-55.3,-27.91],[-55.59,-27.78],[-55.66,-27.37],[-55.78,-27.44],[-56.22,-27.19],[-56.06,-25.97],[-56.71,-26.23],[-56.93,-26.15],[-56.93,-25.87],[-56.45,-25.7],[-56.45,-24.82],[-56.83,-24.33],[-56.68,-24.12],[-56.76,-23.83],[-57.14,-23.77],[-57.2,-23.55],[-57.0,-23.45],[-57.28,-23.43],[-56.19,-22.78],[-56.1,-22.26],[-55.85,-22.27],[-55.59,-22.76],[-55.55,-22.55],[-55.14,-22.35],[-55.13,-22.21],[-54.77,-22.41],[-55.08,-21.89],[-54.96,-21.79],[-54.61,-21.91],[-54.46,-21.59],[-53.3,-22.18],[-52.26,-21.95],[-51.64,-20.99],[-51.38,-20.22],[-51.11,-20.16],[-51.18,-19.76],[-50.83,-19.09],[-51.18,-18.78],[-51.19,-18.54],[-50.86,-18.8],[-50.79,-18.56],[-50.23,-18.17],[-49.87,-18.47],[-49.66,-18.05],[-49.37,-18.62],[-49.26,-17.98],[-49.13,-18.17],[-48.79,-17.88],[-48.31,-18.22],[-48.48,-18.47],[-47.97,-18.8],[-47.99,-18.96],[-48.34,-18.63],[-48.62,-18.65],[-48.62,-18.52],[-48.89,-18.62],[-48.89,-18.42],[-49.34,-18.83],[-49.15,-18.95],[-49.71,-18.88],[-49.44,-18.8],[-49.73,-18.62],[-49.84,-18.75],[-49.74,-18.97],[-49.87,-18.82],[-49.9,-18.99],[-50.08,-18.71],[-50.32,-18.92],[-50.29,-19.06],[-50.56,-19.17],[-50.58,-19.5],[-50.94,-19.73],[-50.36,-19.66],[-49.76,-19.81],[-49.67,-19.66],[-49.81,-19.56],[-49.68,-19.5],[-49.52,-19.62],[-49.58,-19.82],[-49.3,-19.77],[-49.27,-20.53],[-49.84,-20.08],[-50.39,-20.57],[-50.27,-20.67],[-50.14,-20.52],[-49.42,-20.84],[-49.25,-20.68],[-49.18,-20.9],[-48.99,-20.69],[-49.14,-20.45],[-49.0,-20.23],[-49.01,-20.41],[-48.76,-20.48],[-48.5,-21.06],[-48.52,-21.5],[-48.99,-21.23],[-49.14,-21.69],[-48.38,-22.37],[-48.73,-22.63],[-49.05,-21.9],[-49.44,-22.13],[-49.25,-22.42],[-49.55,-22.34],[-49.66,-22.52],[-51.03,-22.3],[-51.08,-22.03],[-51.35,-22.28],[-51.28,-22.58],[-50.96,-22.5],[-50.54,-22.72],[-49.54,-22.72],[-49.31,-22.94],[-49.28,-23.66],[-49.45,-23.65],[-49.31,-23.85],[-49.7,-23.92],[-49.57,-24.06],[-49.68,-24.21],[-49.96,-24.08],[-50.33,-24.29],[-50.2,-24.4],[-50.45,-24.44],[-50.16,-24.8],[-50.19,-25.16],[-49.86,-25.26],[-49.67,-25.53],[-50.16,-24.71],[-50.0,-24.46],[-49.44,-24.26],[-49.37,-24.39],[-48.96,-24.15],[-48.85,-24.15],[-48.86,-23.92],[-48.38,-23.9],[-48.87,-23.69],[-47.91,-23.63],[-48.0,-23.47],[-48.88,-23.54],[-48.95,-23.4],[-48.32,-23.46],[-48.32,-23.19],[-48.67,-23.2],[-48.37,-22.96],[-48.19,-22.95],[-48.22,-23.09],[-48.07,-22.91],[-47.58,-22.87],[-47.82,-22.64],[-47.45,-22.15],[-47.65,-21.7],[-47.54,-21.6],[-47.51,-21.73],[-47.25,-21.72],[-47.39,-21.31],[-47.3,-21.13],[-47.3,-21.31],[-47.09,-21.28],[-47.33,-22.29],[-47.18,-22.41],[-47.53,-22.66],[-47.12,-22.79],[-46.78,-22.48],[-46.78,-22.68],[-46.77,-22.08],[-46.91,-21.2],[-47.14,-20.99],[-46.85,-20.92],[-46.91,-20.57],[-45.58,-21.2],[-45.31,-21.05],[-45.46,-20.99],[-45.29,-20.64],[-45.5,-20.36],[-45.61,-20.48],[-45.73,-20.29],[-45.73,-20.45],[-45.92,-20.24],[-45.54,-20.27],[-45.05,-20.03],[-45.04,-20.49],[-44.7,-20.39],[-44.64,-20.01],[-45.05,-19.61],[-44.79,-19.65],[-44.76,-19.51],[-44.48,-19.88],[-43.45,-19.84],[-43.32,-19.29],[-43.55,-18.99],[-43.46,-18.62],[-43.7,-18.7],[-43.67,-18.57],[-43.27,-18.33],[-43.16,-17.82],[-42.95,-18.08],[-42.67,-18.06],[-42.86,-17.82],[-42.65,-17.55],[-42.49,-17.74],[-42.28,-17.7],[-42.24,-17.03],[-42.02,-17.04],[-42.02,-16.81],[-41.69,-16.86],[-41.68,-16.59],[-41.41,-16.63],[-41.26,-16.43],[-41.8,-16.43],[-42.04,-16.61],[-42.25,-16.51],[-42.16,-16.04],[-42.39,-15.88],[-42.21,-15.77],[-41.92,-16.01],[-41.76,-15.86],[-42.07,-15.81],[-41.96,-15.66],[-42.27,-15.3],[-42.34,-15.54],[-42.45,-15.51],[-42.56,-15.08],[-41.92,-15.18],[-41.05,-14.78],[-40.99,-14.42],[-40.83,-14.59],[-40.54,-14.56],[-40.2,-14.11],[-40.12,-13.73],[-40.6,-13.37],[-39.59,-12.84],[-39.5,-12.56],[-39.13,-12.48],[-39.5,-11.92],[-39.06,-11.97],[-38.92,-12.45],[-38.63,-11.81],[-38.3,-12.25],[-38.13,-12.22],[-38.36,-12.03],[-38.35,-11.81],[-38.07,-11.68],[-37.56,-11.85],[-38.0,-12.58],[-38.32,-12.93],[-38.53,-13.01],[-38.5,-12.72],[-38.73,-12.59],[-38.89,-12.88],[-38.72,-12.87],[-38.73,-13.02],[-38.9,-13.14],[-38.98,-13.84],[-39.14,-13.95],[-38.98,-14.0],[-38.94,-13.88],[-39.04,-15.84],[-38.88,-15.9],[-39.21,-17.17],[-39.14,-17.69],[-39.25,-17.8],[-39.32,-17.59],[-39.36,-17.91],[-39.8,-18.53],[-39.87,-19.32],[-39.75,-19.54],[-41.2,-21.55],[-41.25,-21.75],[-41.01,-21.62],[-41.14,-21.72],[-41.02,-21.65],[-40.99,-22.02],[-41.77,-22.33],[-41.98,-22.56],[-41.86,-22.76],[-42.02,-23.0],[-43.05,-22.98],[-43.13,-22.88],[-42.98,-22.66],[-43.25,-22.67],[-43.16,-22.97],[-43.55,-23.08],[-44.0,-23.1],[-43.56,-23.06],[-43.69,-22.92],[-44.02,-22.91],[-44.23,-23.06],[-44.45,-22.92],[-44.75,-23.22],[-44.5,-23.3],[-45.05,-23.42],[-45.41,-23.63],[-45.41,-23.82],[-45.9,-23.76],[-46.48,-23.92],[-46.44,-24.02],[-47.0,-24.41],[-47.22,-24.42],[-47.09,-24.46],[-47.23,-24.57],[-48.05,-25.01],[-48.05,-25.27],[-48.21,-25.47],[-48.11,-25.24],[-48.32,-25.18],[-48.52,-25.41],[-48.75,-25.35],[-48.66,-25.62],[-48.48,-25.54],[-48.54,-25.69],[-48.35,-25.58],[-48.59,-26.16],[-48.88,-26.1],[-48.8,-26.41],[-48.49,-26.22],[-48.7,-26.66],[-48.61,-27.12],[-48.47,-27.15],[-48.62,-27.27],[-48.65,-28.23],[-48.81,-28.6],[-49.42,-28.89],[-49.25,-28.86],[-49.86,-29.52],[-50.32,-30.47],[-50.9,-31.25],[-50.01,-29.65],[-50.18,-29.93],[-50.67,-29.81]],[[-46.23,-22.61],[-45.99,-22.62],[-45.98,-22.78],[-46.36,-22.79],[-45.67,-22.78],[-45.96,-22.78],[-45.74,-22.59],[-45.95,-22.56],[-45.92,-22.3],[-46.27,-22.44],[-46.23,-22.61]],[[-45.05,-22.42],[-44.65,-22.4],[-44.11,-22.03],[-44.34,-21.94],[-43.84,-21.66],[-43.72,-21.4],[-43.8,-21.17],[-44.22,-21.03],[-44.34,-20.78],[-44.45,-20.99],[-44.34,-21.09],[-45.08,-21.34],[-45.01,-21.74],[-44.72,-21.6],[-44.75,-21.81],[-44.41,-21.87],[-44.81,-22.04],[-45.36,-21.87],[-45.41,-22.03],[-45.18,-22.11],[-45.16,-22.33],[-45.57,-22.55],[-45.67,-22.78],[-45.05,-22.42]],[[-50.24,-21.32],[-50.09,-21.58],[-49.82,-21.51],[-49.76,-21.61],[-49.35,-21.3],[-49.37,-21.03],[-49.53,-20.95],[-49.85,-21.12],[-49.96,-20.86],[-50.24,-21.32]],[[-50.82,-20.83],[-50.42,-20.93],[-50.78,-20.53],[-50.89,-20.79],[-50.82,-20.69],[-50.82,-20.83]],[[-54.59,-22.74],[-54.51,-23.04],[-54.41,-22.85],[-54.23,-22.92],[-54.32,-22.65],[-54.79,-22.56],[-54.69,-22.9],[-54.59,-22.74]],[[-55.1,-23.73],[-55.21,-23.6],[-55.43,-23.76],[-55.41,-23.51],[-55.35,-23.64],[-55.29,-23.44],[-55.06,-23.55],[-55.0,-23.42],[-54.56,-23.72],[-54.59,-23.42],[-54.8,-23.41],[-54.67,-23.3],[-54.86,-23.03],[-55.23,-23.04],[-55.41,-23.28],[-55.28,-22.93],[-55.4,-22.77],[-55.79,-23.39],[-55.57,-23.85],[-55.28,-24.0],[-55.1,-23.73]],[[-55.31,-22.82],[-55.14,-22.82],[-54.95,-22.56],[-54.99,-22.4],[-55.38,-22.51],[-55.31,-22.82]],[[-46.13,-21.94],[-46.42,-21.67],[-46.57,-21.73],[-46.08,-22.06],[-45.85,-21.85],[-46.1,-21.64],[-46.13,-21.94]],[[-43.64,-20.43],[-43.45,-20.54],[-43.42,-20.13],[-43.61,-20.02],[-43.64,-20.43]],[[-43.85,-20.87],[-44.1,-20.67],[-44.02,-20.52],[-44.33,-20.37],[-44.24,-20.63],[-44.41,-20.75],[-43.85,-20.87]]],[[[-45.9,-19.33],[-46.13,-19.42],[-46.02,-19.05],[-45.8,-18.83],[-45.9,-19.33]]],[[[-43.82,-17.28],[-43.67,-17.77],[-43.82,-18.06],[-44.02,-18.02],[-43.64,-19.27],[-44.08,-18.46],[-44.23,-18.41],[-43.82,-17.28]]],[[[-49.53,-17.55],[-49.27,-17.49],[-49.18,-17.7],[-49.46,-17.9],[-49.53,-17.55]]],[[[-50.62,-17.47],[-50.3,-17.56],[-50.51,-17.83],[-51.03,-17.82],[-51.17,-17.71],[-50.9,-17.49],[-50.62,-17.47]]],[[[-51.28,-17.21],[-51.07,-16.79],[-50.44,-16.87],[-50.69,-16.43],[-50.58,-16.31],[-50.49,-16.49],[-50.32,-16.24],[-50.57,-16.15],[-50.83,-16.27],[-50.85,-16.01],[-50.56,-16.13],[-49.84,-16.01],[-49.72,-15.75],[-49.84,-15.6],[-49.44,-15.54],[-49.32,-15.94],[-49.08,-16.05],[-49.36,-16.33],[-49.59,-16.12],[-49.54,-16.87],[-49.68,-17.06],[-50.15,-16.88],[-51.28,-17.21]]],[[[-42.72,-15.71],[-42.53,-15.68],[-42.49,-15.83],[-42.67,-16.09],[-42.78,-15.49],[-42.6,-14.93],[-42.72,-15.71]]],[[[-49.72,-15.36],[-50.09,-15.71],[-50.22,-15.36],[-49.86,-15.4],[-49.87,-15.0],[-49.08,-14.97],[-49.08,-15.15],[-49.72,-15.36]]],[[[-37.28,-10.29],[-37.03,-10.6],[-36.9,-10.2],[-36.6,-10.4],[-37.09,-10.84],[-37.53,-11.79],[-37.88,-11.54],[-37.74,-11.0],[-37.6,-10.95],[-37.38,-11.19],[-37.17,-10.85],[-37.37,-10.46],[-37.28,-10.29]]],[[[-47.48,-9.52],[-47.7,-9.54],[-47.54,-8.98],[-47.51,-9.2],[-47.26,-9.1],[-47.48,-9.52]]],[[[-47.45,-6.55],[-47.81,-6.56],[-47.67,-6.2],[-47.4,-6.3],[-47.45,-6.55]]],[[[-40.87,-4.68],[-40.89,-4.09],[-41.28,-3.39],[-41.18,-3.24],[-41.06,-3.59],[-40.91,-3.5],[-40.73,-4.17],[-40.87,-4.68]]],[[[-39.89,-3.67],[-39.61,-3.54],[-39.48,-3.62],[-39.53,-3.83],[-39.89,-3.67]]],[[[-39.8,-3.1],[-40.11,-2.96],[-41.32,-2.94],[-40.01,-2.84],[-39.67,-3.01],[-39.8,-3.1]]],[[[-43.38,-2.69],[-43.29,-2.52],[-43.46,-2.35],[-42.0,-2.9],[-42.38,-2.98],[-42.46,-2.83],[-43.31,-2.76],[-43.82,-3.17],[-43.96,-2.79],[-43.58,-2.58],[-43.38,-2.69]]],[[[-49.49,-0.14],[-49.83,-0.1],[-49.55,0.08],[-49.34,-0.03],[-49.49,-0.14]]],[[[-49.63,0.35],[-49.6,0.25],[-49.99,-0.05],[-50.39,0.14],[-49.63,0.35]]],[[[-50.74,0.65],[-51.04,0.83],[-50.76,1.26],[-50.7,1.09],[-50.59,1.26],[-50.8,1.55],[-50.72,2.1],[-50.46,1.83],[-49.95,1.58],[-49.87,1.37],[-50.91,0.15],[-50.74,0.65]]],[[[-60.63,2.76],[-60.39,2.97],[-60.13,2.96],[-60.24,2.73],[-60.49,2.83],[-60.63,2.76]]],[[[24.49,-34.09],[22.24,-33.96],[22.82,-33.84],[23.33,-33.97],[23.35,-33.91],[23.71,-33.93],[23.69,-33.88],[23.75,-33.94],[23.79,-33.87],[23.95,-33.97],[24.49,-34.09]]],[[[28.62,-32.31],[28.79,-32.34],[28.36,-32.7],[28.32,-32.56],[28.62,-32.31]]],[[[29.28,-31.86],[29.17,-31.83],[29.21,-31.63],[29.42,-31.64],[29.37,-31.56],[29.88,-31.17],[29.95,-31.2],[29.9,-31.11],[30.31,-30.68],[30.14,-30.67],[30.35,-30.65],[30.13,-30.63],[30.1,-30.53],[30.31,-30.55],[30.29,-30.52],[30.23,-30.52],[30.19,-30.47],[30.62,-30.28],[30.51,-30.25],[30.57,-29.98],[30.72,-30.06],[30.68,-29.91],[30.89,-29.73],[30.74,-29.59],[30.86,-29.64],[30.83,-29.51],[30.91,-29.6],[31.14,-29.36],[30.99,-29.17],[31.32,-29.21],[31.4,-28.98],[31.27,-28.97],[31.88,-28.74],[32.21,-28.34],[32.05,-28.16],[32.31,-27.73],[31.85,-27.21],[31.9,-26.11],[32.34,-25.38],[33.24,-24.61],[33.24,-24.34],[33.41,-24.74],[33.75,-24.61],[34.23,-24.26],[34.22,-23.84],[34.5,-23.98],[34.74,-23.74],[34.66,-22.58],[34.25,-22.52],[34.58,-22.14],[34.59,-21.33],[34.95,-21.15],[35.09,-21.34],[35.12,-21.15],[35.31,-22.46],[35.48,-22.43],[35.43,-22.17],[35.52,-22.31],[35.55,-22.17],[35.6,-22.92],[35.27,-23.92],[35.55,-23.78],[35.5,-24.11],[35.09,-24.62],[33.53,-25.2],[32.45,-25.97],[32.67,-26.12],[32.68,-26.39],[32.69,-26.2],[32.89,-26.28],[32.96,-26.08],[32.89,-26.78],[32.76,-26.85],[32.87,-27.02],[32.61,-27.46],[32.4,-28.51],[30.97,-29.76],[31.04,-29.9],[30.23,-31.06],[29.28,-31.86]]],[[[33.0,-19.74],[32.85,-19.53],[33.26,-19.69],[33.67,-19.01],[33.79,-19.3],[33.07,-20.09],[33.34,-20.07],[33.11,-20.45],[32.64,-20.69],[32.75,-20.09],[33.0,-19.74]]],[[[-36.49,-9.4],[-36.44,-9.39],[-36.38,-9.04],[-36.66,-9.06],[-36.57,-8.81],[-35.74,-8.35],[-35.58,-8.14],[-35.47,-7.79],[-35.24,-7.65],[-35.18,-7.51],[-35.45,-7.55],[-35.53,-7.38],[-34.99,-6.4],[-34.93,-6.72],[-35.09,-6.82],[-34.91,-6.78],[-34.96,-7.13],[-34.79,-7.16],[-35.14,-8.89],[-35.69,-9.67],[-35.77,-9.57],[-35.83,-9.58],[-35.88,-9.75],[-35.8,-9.6],[-35.75,-9.69],[-36.08,-10.09],[-36.49,-9.4]]],[[[29.16,-8.0],[28.67,-7.67],[28.9,-6.93],[28.8,-6.23],[28.91,-6.1],[29.24,-6.11],[29.49,-6.51],[29.38,-6.95],[29.67,-6.9],[30.18,-7.36],[30.27,-7.77],[30.04,-8.0],[29.61,-8.05],[29.58,-7.87],[29.16,-8.0]]],[[[-35.79,-6.94],[-35.6,-6.62],[-35.48,-6.74],[-35.79,-7.11],[-35.79,-6.94]]],[[[-35.09,-6.27],[-35.32,-6.08],[-35.29,-5.74],[-35.57,-5.13],[-35.22,-5.58],[-35.07,-6.25],[-35.21,-6.12],[-35.09,-6.27]]],[[[29.92,-4.42],[30.19,-4.26],[30.13,-4.66],[29.99,-4.82],[29.92,-4.42]]],[[[30.64,-3.18],[30.56,-3.11],[30.7,-3.0],[30.67,-3.17],[30.84,-3.16],[30.54,-3.22],[30.41,-3.32],[30.38,-3.46],[30.1,-3.63],[30.2,-3.5],[30.09,-3.44],[30.36,-3.43],[30.23,-3.4],[30.5,-3.15],[30.64,-3.18]]],[[[29.73,-1.98],[29.89,-2.01],[29.89,-1.86],[29.95,-1.92],[29.9,-1.98],[29.95,-2.03],[29.81,-2.12],[29.76,-2.47],[29.88,-2.67],[29.82,-2.61],[29.64,-2.78],[29.68,-2.88],[29.8,-2.77],[30.06,-2.84],[30.32,-2.63],[30.3,-2.86],[30.41,-2.72],[30.2,-3.26],[30.27,-2.84],[30.0,-3.19],[30.08,-2.95],[29.93,-2.98],[30.1,-2.9],[29.83,-2.91],[29.77,-3.02],[29.86,-3.04],[29.71,-3.02],[29.7,-3.14],[29.91,-3.09],[29.73,-3.29],[29.89,-3.25],[29.82,-3.31],[29.81,-3.53],[29.93,-3.57],[29.92,-3.5],[29.85,-3.51],[29.85,-3.36],[29.96,-3.34],[30.08,-3.43],[30.03,-3.53],[30.1,-3.63],[30.14,-3.7],[29.88,-3.92],[29.91,-4.06],[29.78,-4.06],[29.71,-4.27],[29.67,-4.06],[29.56,-4.12],[29.61,-4.04],[29.59,-3.82],[29.34,-3.7],[29.35,-3.37],[29.15,-3.35],[29.04,-4.31],[29.14,-4.35],[29.24,-4.05],[29.1,-5.08],[29.28,-5.67],[29.08,-5.51],[29.01,-5.61],[28.85,-5.38],[29.04,-5.39],[29.04,-5.26],[28.53,-4.27],[28.0,-3.95],[27.92,-3.79],[28.08,-3.59],[27.89,-3.47],[27.22,-3.87],[26.42,-3.65],[25.87,-2.66],[25.33,-2.67],[24.9,-3.48],[24.39,-3.51],[24.12,-3.73],[23.78,-3.79],[23.41,-3.3],[23.19,-3.55],[22.66,-3.69],[22.7,-4.01],[21.16,-3.99],[20.3,-4.38],[18.49,-3.58],[18.31,-3.22],[18.29,-2.34],[18.08,-2.0],[17.63,-2.06],[17.7,-2.44],[17.32,-2.21],[16.35,-2.28],[16.31,-2.32],[16.19,-3.06],[16.12,-2.21],[14.19,-0.45],[14.05,-0.52],[14.21,-1.0],[14.1,-1.14],[12.95,-1.07],[12.39,-1.37],[13.69,-3.52],[13.76,-3.98],[13.49,-4.14],[12.95,-3.82],[11.04,-1.62],[10.7,-1.5],[10.8,-1.89],[11.72,-2.89],[10.77,-2.33],[10.85,-2.94],[11.49,-3.25],[12.23,-4.07],[13.52,-4.93],[13.44,-5.39],[12.81,-5.74],[12.56,-5.51],[12.4,-4.7],[11.28,-3.73],[10.65,-3.44],[9.62,-2.41],[9.05,-1.39],[8.99,-1.05],[9.3,-0.39],[9.3,0.31],[9.56,-0.07],[10.06,0.1],[9.6,0.37],[9.83,0.48],[9.77,0.89],[9.97,1.04],[9.81,1.25],[9.35,1.17],[9.82,1.93],[9.98,3.08],[9.63,3.55],[9.66,3.56],[9.84,3.87],[9.76,4.16],[9.25,3.94],[8.98,4.1],[8.97,4.63],[8.44,4.77],[8.08,5.14],[8.17,4.69],[6.82,4.74],[6.37,4.51],[6.21,4.83],[5.79,4.78],[5.62,5.2],[5.78,5.38],[4.7,6.36],[4.2,6.48],[4.21,6.58],[2.58,6.48],[2.64,6.84],[2.83,7.08],[3.3,7.0],[3.73,7.68],[5.08,8.18],[5.54,7.9],[5.62,7.24],[6.36,6.92],[6.76,6.18],[6.72,6.31],[7.11,6.42],[7.4,6.03],[7.8,5.92],[8.41,6.2],[8.64,6.01],[8.72,6.26],[8.55,6.52],[9.22,6.49],[9.52,6.63],[9.76,6.2],[9.81,6.3],[10.14,6.12],[10.17,6.46],[10.85,6.57],[10.99,6.4],[10.87,6.22],[11.02,6.1],[10.74,6.11],[10.61,5.94],[10.45,6.07],[10.47,5.71],[10.07,5.44],[10.49,5.49],[10.85,4.54],[11.16,4.21],[11.47,4.39],[11.57,4.66],[11.31,4.69],[11.23,4.93],[11.09,4.77],[11.06,5.6],[11.22,6.07],[11.67,6.12],[11.88,5.56],[11.69,5.65],[11.55,5.22],[11.71,4.92],[11.8,5.22],[11.99,5.03],[11.63,4.22],[12.01,4.42],[12.08,4.27],[12.48,4.9],[12.94,4.95],[12.96,5.07],[12.46,5.04],[12.41,5.27],[12.98,5.56],[13.01,5.93],[13.48,5.62],[13.43,5.44],[13.67,5.58],[13.61,5.32],[13.79,5.16],[13.62,5.11],[13.6,4.69],[13.63,4.48],[13.91,4.48],[13.82,4.28],[14.05,4.19],[14.19,4.42],[14.65,4.17],[14.94,4.32],[14.91,4.17],[15.06,4.13],[15.88,4.5],[16.02,4.3],[17.21,3.92],[17.71,4.14],[18.05,3.83],[19.44,5.14],[20.27,4.85],[20.55,4.4],[21.39,4.39],[21.57,4.95],[21.95,5.41],[23.55,5.78],[23.96,5.64],[24.04,5.39],[23.62,4.91],[23.05,4.64],[23.06,4.29],[24.65,3.97],[25.01,4.05],[25.16,4.26],[25.39,4.15],[25.54,3.5],[25.75,3.42],[26.34,3.67],[26.51,3.22],[26.94,3.07],[27.26,3.69],[27.89,3.37],[27.88,2.87],[28.24,3.04],[28.3,3.44],[28.58,3.69],[28.74,2.84],[29.32,3.15],[29.15,2.87],[29.64,2.93],[30.11,2.2],[30.1,1.8],[29.84,1.6],[30.07,1.5],[29.85,1.15],[29.91,0.71],[29.75,0.56],[30.64,0.99],[30.86,1.35],[31.53,1.86],[32.15,2.03],[31.82,1.68],[31.75,1.78],[31.78,1.61],[31.6,1.61],[31.49,1.23],[31.14,1.2],[31.62,0.89],[31.45,0.86],[31.49,0.52],[31.16,0.39],[30.73,0.58],[30.85,0.71],[30.62,0.7],[30.68,0.54],[30.44,0.27],[30.26,0.4],[29.95,0.03],[29.54,0.05],[29.09,-1.08],[29.32,-0.94],[29.38,-1.3],[29.57,-1.24],[29.72,-0.5],[29.76,-0.59],[29.91,-0.26],[30.05,-0.3],[30.34,-0.0],[30.52,-0.05],[30.44,-0.55],[30.8,-0.79],[30.66,-1.03],[30.52,-0.81],[30.07,-0.89],[30.07,-1.05],[30.14,-1.14],[30.21,-1.15],[30.12,-1.44],[30.17,-1.47],[30.17,-1.51],[30.15,-1.52],[30.25,-1.67],[30.23,-1.55],[30.37,-1.65],[30.35,-1.84],[30.21,-1.7],[30.24,-1.84],[30.04,-1.7],[30.12,-1.8],[30.02,-1.94],[29.89,-1.85],[29.9,-1.79],[29.89,-1.79],[29.89,-1.78],[29.88,-1.78],[29.88,-1.77],[29.88,-1.76],[29.87,-1.78],[29.88,-1.8],[29.86,-1.81],[29.88,-1.85],[29.85,-1.87],[29.75,-1.76],[29.79,-1.72],[29.75,-1.71],[29.72,-1.75],[29.73,-1.98]],[[30.19,-2.86],[30.21,-2.77],[30.1,-2.9],[30.19,-2.86]],[[28.97,-2.32],[28.85,-2.37],[28.85,-2.49],[29.36,-2.07],[29.38,-2.03],[29.27,-1.89],[29.29,-1.84],[29.28,-1.74],[29.26,-1.73],[29.26,-1.7],[29.05,-1.58],[28.86,-2.14],[28.97,-2.32]],[[11.23,0.0],[11.16,-0.11],[11.26,-0.24],[12.24,-0.4],[12.12,0.05],[11.23,0.0]]],[[[6.7,0.41],[6.74,0.23],[6.56,0.04],[6.47,0.25],[6.7,0.41]]],[[[30.61,2.58],[30.66,2.44],[30.94,2.9],[30.87,2.67],[31.05,2.18],[30.44,1.61],[30.3,1.82],[30.31,2.25],[30.61,2.58]]],[[[8.46,3.27],[8.44,3.43],[8.9,3.76],[8.76,3.32],[8.46,3.27]]],[[[32.69,3.74],[32.79,3.88],[32.54,4.06],[33.03,4.04],[33.1,3.86],[32.95,3.69],[32.69,3.74]]],[[[34.07,4.15],[34.07,3.86],[34.06,3.92],[33.99,3.95],[34.01,3.99],[33.93,4.07],[33.31,4.27],[33.45,4.33],[33.33,4.54],[33.78,4.48],[34.07,4.15]]],[[[-7.72,4.37],[-8.79,4.85],[-8.94,5.14],[-9.06,5.02],[-9.29,5.15],[-10.02,5.94],[-10.54,6.2],[-10.81,6.31],[-10.73,6.42],[-11.06,6.57],[-11.05,6.84],[-11.37,6.77],[-11.69,7.23],[-12.34,7.42],[-12.07,7.74],[-12.29,7.75],[-12.31,7.96],[-12.52,7.86],[-12.9,8.28],[-13.17,8.17],[-13.3,8.5],[-12.96,8.36],[-12.61,8.63],[-12.95,8.76],[-13.18,8.53],[-13.24,8.82],[-13.04,9.01],[-13.3,9.03],[-13.26,9.19],[-13.51,9.52],[-13.72,9.5],[-13.57,9.77],[-13.76,9.77],[-13.68,9.9],[-13.68,9.93],[-13.7,9.94],[-13.55,10.0],[-13.54,9.73],[-12.6,9.31],[-11.77,8.65],[-11.53,8.69],[-11.21,9.34],[-10.56,9.29],[-9.9,8.41],[-9.33,8.81],[-9.68,8.92],[-9.72,9.09],[-9.45,9.15],[-9.48,9.29],[-9.21,9.11],[-9.09,9.33],[-8.93,8.5],[-8.88,9.44],[-8.75,8.6],[-8.85,8.5],[-7.69,7.72],[-7.76,7.57],[-7.31,7.98],[-7.28,7.67],[-6.84,7.96],[-6.6,7.95],[-6.7,7.82],[-6.52,7.77],[-6.37,7.12],[-6.26,7.13],[-6.28,7.57],[-6.09,7.06],[-5.7,6.88],[-5.55,7.05],[-5.27,6.98],[-4.79,6.11],[-4.72,6.52],[-4.28,6.88],[-4.41,7.11],[-4.23,7.32],[-4.33,7.75],[-4.27,7.98],[-4.03,8.07],[-3.53,7.89],[-3.3,7.58],[-2.93,7.94],[-2.53,8.02],[-0.01,6.33],[0.11,6.46],[0.12,5.99],[-0.15,5.75],[-1.98,4.76],[-3.07,5.17],[-3.99,5.25],[-6.2,5.04],[-6.07,4.96],[-7.72,4.37]]],[[[11.06,6.42],[10.89,7.25],[11.13,7.49],[11.08,7.27],[11.38,6.99],[11.42,7.16],[11.53,7.05],[11.72,7.2],[11.58,7.53],[12.05,7.62],[11.95,7.42],[12.1,7.34],[12.25,7.65],[12.28,7.45],[12.55,7.43],[12.63,7.83],[12.93,7.9],[12.83,7.34],[12.61,7.36],[12.29,7.0],[11.99,7.12],[11.72,6.77],[11.86,6.69],[11.06,6.42]]],[[[14.17,7.19],[14.59,7.46],[14.68,7.32],[14.27,7.01],[14.17,7.19]]],[[[1.12,7.59],[0.45,6.77],[0.64,8.35],[0.83,8.35],[0.84,7.87],[1.12,7.59]]],[[[11.64,8.76],[11.73,8.78],[12.01,8.38],[11.92,8.0],[11.67,8.13],[11.64,8.76]]],[[[12.48,8.67],[12.8,8.95],[12.86,8.79],[12.62,8.54],[12.48,8.67]]],[[[-11.23,10.62],[-11.24,10.21],[-11.72,10.5],[-11.23,11.03],[-10.91,11.03],[-10.83,10.71],[-11.23,10.62]]],[[[-13.02,11.29],[-12.93,11.43],[-12.49,11.64],[-12.3,11.57],[-12.13,11.17],[-12.35,10.94],[-12.13,10.78],[-12.27,10.49],[-12.76,11.14],[-12.97,11.01],[-12.9,11.22],[-13.02,11.29]]],[[[-12.07,11.44],[-12.52,11.82],[-12.59,12.1],[-12.47,12.16],[-11.9,12.03],[-11.88,11.09],[-11.71,10.71],[-11.95,10.28],[-12.07,11.44]]],[[[34.37,-20.51],[34.35,-19.85],[34.71,-19.89],[34.56,-20.12],[34.72,-20.26],[34.6,-20.52],[35.07,-21.01],[34.7,-21.02],[34.37,-20.51]]],[[[34.94,-19.69],[34.66,-19.16],[35.4,-17.96],[35.7,-19.02],[34.94,-19.69]]],[[[34.15,1.08],[34.6,1.44],[34.79,1.21],[34.83,0.89],[34.59,0.76],[34.15,1.08]]],[[[34.78,8.7],[34.89,8.71],[34.91,8.63],[34.74,8.63],[34.83,8.54],[34.72,8.48],[34.52,9.02],[34.71,8.9],[34.97,9.1],[35.2,9.0],[34.86,8.98],[34.92,8.87],[34.78,8.7]]],[[[36.23,-16.43],[36.31,-16.14],[36.8,-16.31],[36.85,-16.63],[36.23,-16.43]]],[[[37.38,-15.33],[37.33,-15.48],[37.06,-15.49],[36.84,-15.31],[37.14,-15.12],[37.38,-15.33]]],[[[39.95,-10.12],[39.96,-10.12],[39.97,-10.13],[39.96,-10.14],[39.96,-10.16],[39.98,-10.18],[39.96,-10.23],[40.01,-10.23],[39.99,-10.13],[40.13,-10.18],[40.13,-10.25],[40.12,-10.25],[40.1,-10.27],[40.11,-10.28],[40.15,-10.3],[40.18,-10.26],[40.21,-10.28],[40.24,-10.32],[40.29,-10.27],[40.33,-10.35],[40.31,-10.37],[40.38,-10.38],[40.36,-10.39],[40.36,-10.44],[40.34,-10.46],[40.36,-10.46],[40.37,-10.48],[40.38,-10.47],[40.38,-10.49],[40.4,-10.48],[40.41,-10.5],[40.4,-10.52],[40.52,-10.48],[40.64,-10.69],[40.48,-10.76],[40.61,-10.83],[40.57,-11.03],[40.36,-11.33],[40.54,-12.0],[40.43,-12.28],[40.46,-12.26],[40.5,-12.38],[40.56,-12.4],[40.43,-12.55],[40.57,-12.53],[40.63,-12.75],[40.51,-12.93],[40.41,-12.92],[40.59,-12.97],[40.46,-13.52],[40.6,-13.55],[40.64,-14.02],[40.53,-14.17],[40.74,-14.27],[40.63,-14.56],[40.84,-14.49],[40.8,-14.62],[40.84,-14.83],[40.62,-14.86],[40.78,-15.0],[40.5,-15.18],[40.68,-15.25],[40.03,-16.18],[39.75,-16.26],[39.74,-16.43],[39.85,-16.45],[39.21,-16.82],[39.04,-16.95],[39.07,-17.01],[38.67,-17.01],[38.15,-17.29],[38.07,-17.18],[38.09,-17.31],[37.33,-17.69],[36.58,-17.53],[37.61,-17.16],[39.0,-16.38],[39.98,-15.0],[40.15,-14.34],[40.04,-13.87],[39.27,-13.74],[39.96,-13.31],[39.97,-12.53],[38.9,-11.48],[38.4,-11.46],[38.21,-11.31],[38.48,-11.42],[38.92,-11.17],[38.95,-10.71],[39.21,-10.43],[39.07,-10.38],[39.43,-10.13],[39.28,-10.0],[39.36,-9.76],[39.2,-9.91],[39.27,-9.58],[39.4,-9.68],[39.48,-9.42],[39.4,-9.21],[39.1,-9.17],[39.23,-9.08],[39.22,-8.9],[39.07,-8.92],[39.18,-8.82],[38.85,-8.94],[38.71,-8.75],[38.52,-8.96],[38.42,-8.61],[38.2,-8.8],[38.39,-8.59],[38.18,-8.72],[38.31,-8.49],[38.01,-8.75],[38.14,-8.5],[37.93,-8.48],[37.92,-8.27],[38.18,-7.85],[38.06,-7.54],[37.79,-7.41],[37.95,-6.94],[38.05,-7.11],[38.18,-6.94],[38.12,-6.74],[38.36,-6.77],[38.14,-6.73],[38.29,-6.64],[38.13,-6.56],[38.35,-6.59],[38.39,-6.48],[38.22,-6.48],[38.59,-6.18],[38.58,-5.9],[38.33,-5.8],[38.45,-5.58],[38.08,-5.58],[38.26,-5.43],[38.49,-5.55],[38.53,-5.39],[38.15,-5.36],[38.41,-5.26],[38.13,-5.06],[38.1,-4.85],[38.38,-5.13],[38.27,-4.85],[38.49,-4.85],[38.21,-4.7],[38.24,-4.52],[38.34,-4.46],[38.57,-4.82],[38.52,-4.96],[38.6,-5.2],[38.65,-4.86],[38.7,-5.13],[38.83,-5.02],[38.88,-4.89],[38.73,-4.74],[38.87,-4.8],[39.08,-4.21],[39.36,-4.15],[39.51,-3.31],[39.6,-3.35],[39.73,-3.22],[39.59,-3.26],[39.65,-3.15],[39.58,-3.16],[39.47,-3.06],[39.84,-2.95],[39.91,-2.85],[39.78,-2.8],[39.97,-2.75],[39.99,-2.56],[40.0,-2.74],[40.16,-2.64],[40.0,-2.07],[40.12,-1.89],[40.13,-1.9],[40.68,-1.73],[40.71,-1.53],[40.78,-1.55],[40.77,-1.45],[40.84,-1.63],[40.82,-1.38],[40.91,-1.58],[41.08,-1.51],[40.82,-1.31],[41.18,-1.31],[41.12,-1.5],[41.38,-1.22],[41.28,-0.96],[41.56,-0.87],[41.47,-0.66],[41.72,-0.09],[42.33,0.29],[42.75,0.85],[42.69,1.11],[42.89,1.09],[42.91,1.43],[43.12,1.49],[43.21,1.79],[43.56,1.81],[43.71,2.12],[44.23,2.01],[45.12,2.28],[45.44,2.57],[45.54,3.27],[45.79,2.65],[46.17,3.5],[46.59,3.55],[48.13,5.14],[48.02,4.73],[47.86,4.77],[47.76,4.45],[47.29,4.11],[46.01,2.56],[43.66,0.8],[42.14,-0.82],[41.99,-0.73],[42.08,-0.87],[41.91,-0.87],[41.9,-1.16],[41.68,-1.14],[41.8,-1.31],[41.6,-1.64],[41.31,-1.96],[41.28,-1.97],[41.24,-1.95],[41.22,-1.89],[41.2,-1.94],[41.19,-1.94],[41.19,-1.92],[41.15,-1.95],[41.15,-1.99],[41.09,-1.97],[41.07,-2.01],[41.02,-2.05],[41.04,-1.86],[40.98,-1.91],[40.99,-1.92],[40.97,-1.94],[40.98,-1.96],[40.97,-1.97],[40.97,-2.0],[40.95,-2.02],[40.96,-2.04],[40.96,-2.05],[40.94,-2.07],[40.92,-1.99],[40.79,-1.95],[40.8,-1.96],[40.85,-1.98],[40.87,-2.0],[40.83,-2.02],[40.91,-2.01],[40.9,-2.05],[40.9,-2.02],[40.86,-2.07],[40.91,-2.07],[40.92,-2.2],[40.92,-2.21],[40.89,-2.19],[40.79,-2.24],[40.81,-2.26],[40.8,-2.26],[40.79,-2.27],[40.79,-2.26],[40.78,-2.26],[40.75,-2.25],[40.75,-2.24],[40.7,-2.21],[40.71,-2.26],[40.71,-2.27],[40.71,-2.31],[40.82,-2.4],[40.61,-2.56],[40.49,-2.48],[40.46,-2.54],[40.36,-2.58],[40.38,-2.52],[40.35,-2.56],[40.32,-2.54],[40.32,-2.58],[40.34,-2.57],[40.35,-2.57],[40.35,-2.58],[40.31,-2.61],[40.29,-2.62],[40.28,-2.64],[40.26,-2.65],[40.2,-2.72],[40.21,-2.64],[40.18,-2.67],[40.19,-2.69],[40.19,-2.7],[40.16,-2.79],[40.17,-2.79],[40.18,-2.82],[40.14,-3.06],[40.21,-3.01],[40.12,-3.29],[39.98,-3.38],[39.94,-3.35],[39.97,-3.41],[39.87,-3.63],[39.78,-3.56],[39.78,-3.62],[39.86,-3.64],[39.87,-3.7],[39.7,-4.06],[39.66,-3.95],[39.65,-3.95],[39.66,-3.99],[39.64,-3.97],[39.63,-3.98],[39.63,-3.99],[39.63,-4.04],[39.59,-4.04],[39.59,-4.02],[39.57,-4.03],[39.57,-4.04],[39.56,-4.04],[39.56,-4.05],[39.58,-4.07],[39.58,-4.08],[39.56,-4.08],[39.58,-4.12],[39.59,-4.11],[39.59,-4.09],[39.6,-4.06],[39.68,-4.09],[39.59,-4.25],[39.54,-4.42],[39.53,-4.4],[39.52,-4.4],[39.51,-4.4],[39.51,-4.42],[39.51,-4.43],[39.5,-4.44],[39.49,-4.44],[39.47,-4.52],[39.38,-4.54],[39.39,-4.57],[39.37,-4.63],[39.24,-4.57],[39.21,-4.87],[39.18,-4.93],[39.19,-4.86],[39.15,-4.83],[39.16,-4.86],[39.14,-4.92],[39.12,-4.92],[39.14,-4.94],[39.14,-4.96],[39.14,-4.97],[39.1,-4.97],[39.1,-4.98],[39.12,-4.98],[39.14,-5.0],[39.13,-5.02],[39.06,-5.04],[39.13,-5.05],[39.13,-5.11],[39.05,-5.24],[39.09,-5.23],[39.07,-5.29],[39.03,-5.4],[38.98,-5.42],[38.93,-5.39],[38.96,-5.44],[38.98,-5.43],[39.0,-5.45],[39.0,-5.46],[38.78,-6.03],[38.86,-6.18],[38.86,-6.23],[38.84,-6.31],[38.86,-6.37],[38.85,-6.37],[38.82,-6.38],[38.83,-6.44],[39.06,-6.49],[39.06,-6.51],[39.08,-6.51],[39.08,-6.53],[39.1,-6.54],[39.11,-6.56],[39.15,-6.58],[39.17,-6.62],[39.19,-6.63],[39.22,-6.66],[39.24,-6.75],[39.28,-6.74],[39.28,-6.88],[39.31,-6.82],[39.47,-6.87],[39.54,-6.99],[39.55,-7.02],[39.55,-7.13],[39.52,-7.17],[39.45,-7.18],[39.43,-7.16],[39.44,-7.19],[39.43,-7.24],[39.35,-7.41],[39.31,-7.41],[39.29,-7.4],[39.29,-7.76],[39.28,-7.79],[39.25,-7.77],[39.21,-7.85],[39.26,-7.92],[39.24,-7.95],[39.32,-7.9],[39.41,-7.96],[39.38,-8.13],[39.38,-8.1],[39.37,-8.13],[39.33,-8.12],[39.33,-8.1],[39.32,-8.11],[39.31,-8.13],[39.33,-8.14],[39.3,-8.17],[39.26,-8.19],[39.21,-8.19],[39.25,-8.23],[39.24,-8.31],[39.29,-8.37],[39.28,-8.56],[39.36,-8.63],[39.37,-8.71],[39.34,-8.69],[39.34,-8.7],[39.31,-8.7],[39.3,-8.71],[39.32,-8.72],[39.34,-8.71],[39.34,-8.72],[39.35,-8.71],[39.36,-8.73],[39.38,-8.72],[39.43,-8.75],[39.46,-8.82],[39.47,-8.83],[39.49,-8.83],[39.56,-8.93],[39.51,-8.94],[39.5,-8.91],[39.46,-8.87],[39.42,-8.86],[39.41,-8.87],[39.41,-8.86],[39.38,-8.84],[39.37,-8.86],[39.37,-8.87],[39.38,-8.87],[39.38,-8.89],[39.39,-8.9],[39.35,-8.91],[39.33,-8.96],[39.36,-8.95],[39.35,-8.97],[39.36,-8.98],[39.37,-8.98],[39.37,-8.95],[39.4,-8.94],[39.39,-8.92],[39.41,-8.94],[39.4,-8.97],[39.41,-8.98],[39.44,-8.98],[39.48,-8.95],[39.5,-9.04],[39.48,-9.04],[39.45,-9.03],[39.45,-9.05],[39.47,-9.06],[39.48,-9.05],[39.49,-9.06],[39.51,-9.06],[39.46,-9.11],[39.48,-9.17],[39.5,-9.14],[39.5,-9.17],[39.48,-9.18],[39.49,-9.22],[39.51,-9.17],[39.53,-9.19],[39.53,-9.17],[39.53,-9.15],[39.51,-9.13],[39.55,-9.09],[39.64,-9.18],[39.62,-9.25],[39.65,-9.37],[39.57,-9.4],[39.55,-9.44],[39.63,-9.43],[39.74,-9.67],[39.71,-9.74],[39.8,-9.84],[39.74,-9.89],[39.7,-10.03],[39.63,-10.09],[39.67,-10.14],[39.82,-9.98],[39.95,-10.12]],[[39.03,-5.24],[39.05,-5.25],[39.05,-5.24],[39.03,-5.24]],[[39.43,-7.15],[39.41,-7.17],[39.43,-7.16],[39.43,-7.15]],[[39.4,-7.15],[39.4,-7.18],[39.41,-7.17],[39.4,-7.15]],[[39.23,-7.95],[39.24,-8.02],[39.25,-7.99],[39.24,-7.95],[39.23,-7.95]],[[39.26,-8.04],[39.26,-8.03],[39.24,-8.02],[39.26,-8.04]],[[39.13,-8.04],[39.25,-8.05],[39.26,-8.04],[39.13,-8.04]],[[39.33,-8.72],[39.33,-8.73],[39.34,-8.72],[39.33,-8.72]],[[39.44,-9.07],[39.47,-9.07],[39.47,-9.06],[39.44,-9.07]],[[39.61,-3.98],[39.62,-3.99],[39.62,-3.98],[39.61,-3.98]],[[39.11,-4.89],[39.09,-4.92],[39.11,-4.92],[39.11,-4.89]]],[[[40.4,-10.38],[40.4,-10.39],[40.39,-10.38],[40.4,-10.38]]],[[[40.43,-10.34],[40.44,-10.36],[40.44,-10.37],[40.4,-10.38],[40.43,-10.34]]],[[[39.74,-0.64],[39.39,-0.23],[39.08,-0.12],[38.98,-0.32],[39.07,-0.11],[38.88,-0.09],[38.94,-0.01],[39.34,-0.16],[39.81,-0.57],[40.12,-1.89],[39.74,-0.64]]],[[[40.79,-2.28],[40.78,-2.29],[40.78,-2.26],[40.79,-2.27],[40.79,-2.28]]],[[[40.76,-2.3],[40.75,-2.31],[40.73,-2.3],[40.71,-2.27],[40.76,-2.3]]],[[[39.66,-3.99],[39.65,-4.02],[39.64,-4.02],[39.64,-3.99],[39.66,-3.99]]],[[[39.4,-8.92],[39.43,-8.93],[39.42,-8.91],[39.45,-8.91],[39.43,-8.94],[39.41,-8.94],[39.4,-8.92]]],[[[35.87,-8.17],[35.91,-7.77],[36.0,-7.94],[36.61,-7.67],[36.65,-7.84],[36.12,-8.0],[35.66,-8.67],[35.11,-8.68],[35.33,-8.57],[35.31,-8.43],[35.87,-8.17]]],[[[36.53,-6.82],[36.72,-6.93],[36.71,-7.28],[36.45,-6.96],[36.53,-6.82]]],[[[37.38,-7.12],[37.75,-6.82],[37.86,-6.97],[37.73,-7.21],[37.49,-7.26],[37.38,-7.12]]],[[[37.05,-6.48],[36.85,-6.66],[36.74,-6.36],[36.9,-6.34],[36.89,-6.18],[36.92,-6.18],[37.05,-6.48]]],[[[37.27,-2.87],[37.57,-3.0],[37.61,-3.29],[37.05,-3.21],[37.09,-2.95],[37.27,-2.87]]],[[[35.94,-2.03],[35.82,-1.99],[35.6,-1.51],[35.7,-1.39],[36.0,-1.72],[35.94,-2.03]]],[[[38.03,-0.81],[38.05,-0.78],[38.03,-0.77],[38.23,-0.67],[38.14,-0.87],[38.18,-1.15],[38.1,-1.27],[38.17,-1.44],[38.08,-1.4],[38.03,-1.12],[38.14,-0.96],[38.03,-0.81]]],[[[34.67,-0.92],[34.73,-0.57],[35.06,-0.46],[35.21,-0.25],[35.23,-0.28],[35.33,-0.29],[35.39,-0.27],[35.45,-0.21],[35.24,-0.11],[35.37,0.0],[35.27,0.07],[34.58,0.02],[34.87,0.19],[34.71,0.22],[34.79,0.23],[34.85,0.37],[34.91,0.18],[34.97,0.2],[34.9,0.54],[35.06,0.51],[35.07,0.66],[35.09,0.63],[35.07,0.59],[35.17,0.55],[35.21,0.44],[35.13,0.28],[35.37,0.22],[35.42,0.3],[35.49,0.74],[35.44,0.93],[35.24,0.95],[35.05,1.15],[35.08,1.17],[35.07,1.18],[35.08,1.21],[35.05,1.21],[35.06,1.25],[35.09,1.26],[35.07,1.28],[35.11,1.31],[35.34,1.25],[35.39,1.46],[35.6,1.31],[35.61,1.07],[35.52,0.54],[35.6,0.21],[35.78,0.34],[35.73,0.1],[35.84,-0.01],[35.83,-0.24],[36.1,-0.16],[36.19,0.03],[36.22,0.01],[36.22,0.05],[36.24,0.06],[36.25,0.05],[36.27,0.5],[36.54,0.19],[36.46,0.02],[36.61,0.05],[36.58,-0.1],[36.81,-0.01],[36.98,-0.36],[37.05,-0.3],[36.98,-0.1],[37.08,0.23],[37.23,0.31],[37.17,0.41],[37.27,0.58],[37.26,0.25],[37.29,0.25],[37.3,0.24],[37.32,0.25],[37.47,0.14],[37.74,0.17],[38.02,0.47],[37.72,-0.39],[37.17,-0.6],[37.13,-1.01],[36.77,-1.39],[36.72,-1.37],[36.64,-1.43],[36.58,-0.93],[36.12,-0.24],[35.97,-0.39],[36.3,-0.62],[36.2,-0.73],[36.26,-0.98],[36.15,-1.12],[36.17,-1.23],[35.97,-1.15],[35.98,-1.18],[35.95,-1.27],[35.83,-1.08],[35.48,-0.96],[35.5,-0.92],[35.44,-0.91],[35.11,-1.05],[35.16,-0.95],[35.11,-0.91],[35.09,-0.93],[35.07,-0.92],[35.03,-0.94],[35.02,-0.99],[34.99,-0.99],[34.96,-0.96],[34.9,-1.12],[34.93,-1.09],[34.98,-1.14],[34.99,-1.25],[34.77,-1.43],[34.61,-1.5],[34.6,-1.43],[34.62,-1.42],[34.44,-1.36],[34.38,-1.4],[34.41,-1.34],[34.49,-1.33],[34.43,-1.16],[34.5,-1.24],[34.56,-1.16],[34.62,-1.23],[34.68,-1.21],[34.55,-1.11],[34.48,-0.91],[34.67,-0.92]],[[37.45,-0.14],[37.46,-0.14],[37.46,-0.13],[37.48,-0.13],[37.49,-0.1],[37.5,-0.09],[37.49,0.07],[37.24,-0.04],[37.25,-0.27],[37.4,-0.18],[37.45,-0.14]]],[[[37.12,0.48],[36.84,0.52],[36.92,0.67],[37.0,0.7],[37.17,0.41],[37.12,0.48]]],[[[36.93,1.1],[36.93,0.89],[36.61,1.12],[36.61,1.27],[36.93,1.1]]],[[[38.76,6.44],[38.77,6.42],[38.77,6.4],[38.8,6.38],[38.79,6.37],[38.89,6.3],[39.0,5.95],[39.38,5.96],[39.26,5.68],[39.22,5.77],[39.11,5.38],[39.0,5.65],[38.83,5.66],[38.93,5.61],[38.8,5.62],[38.77,5.52],[38.75,5.62],[38.55,5.83],[38.61,5.67],[38.6,5.62],[38.52,5.75],[38.33,5.44],[38.21,5.51],[38.19,5.83],[38.76,6.44]],[[39.22,5.78],[39.1,5.72],[39.22,5.77],[39.22,5.78]]],[[[36.03,7.42],[36.07,7.42],[36.06,7.4],[36.09,7.4],[36.08,7.39],[36.1,7.38],[36.16,7.45],[36.23,7.45],[36.24,6.97],[36.12,6.84],[36.03,7.42]]],[[[36.55,6.95],[36.29,6.93],[36.44,7.13],[36.28,7.05],[36.29,7.37],[36.69,7.28],[36.76,7.1],[36.55,6.95]]],[[[36.79,7.32],[36.25,7.64],[36.23,7.57],[36.07,7.64],[35.79,7.54],[36.15,7.52],[35.98,7.42],[35.99,7.23],[35.74,7.09],[35.96,6.7],[35.89,6.8],[35.8,6.71],[35.76,6.76],[35.72,6.74],[35.72,6.77],[35.62,6.7],[35.67,6.79],[35.76,6.79],[35.79,6.84],[35.77,6.91],[35.74,6.8],[35.56,6.92],[35.18,6.78],[35.02,6.99],[34.34,7.16],[34.44,7.47],[34.74,7.27],[34.35,7.66],[34.67,7.76],[34.53,8.21],[34.74,8.1],[34.91,8.21],[34.84,8.51],[34.99,8.58],[34.98,8.73],[34.86,8.72],[34.98,8.86],[34.92,8.94],[35.13,8.82],[35.29,8.93],[35.35,8.75],[35.5,8.99],[35.44,9.06],[35.49,9.08],[35.45,9.1],[35.53,9.14],[35.52,9.39],[35.58,9.45],[35.37,9.44],[35.38,9.72],[35.67,9.63],[35.75,9.21],[35.91,9.3],[35.86,8.77],[36.2,8.67],[36.24,8.5],[36.31,8.58],[36.16,8.77],[36.3,8.84],[36.38,8.49],[36.66,8.37],[36.7,8.15],[36.31,7.98],[36.45,8.03],[36.66,7.78],[36.85,7.85],[36.69,7.98],[36.83,8.01],[36.95,8.49],[37.05,8.55],[36.88,8.09],[36.89,7.86],[37.09,8.08],[37.03,8.18],[37.17,8.26],[37.15,8.04],[36.96,7.83],[37.1,7.96],[37.08,7.81],[36.68,7.57],[36.87,7.51],[36.79,7.32]]],[[[36.59,8.91],[36.74,8.67],[36.52,8.66],[36.38,9.12],[36.8,9.25],[36.87,9.12],[36.59,8.91]]],[[[37.03,9.79],[37.16,9.71],[37.08,9.27],[36.94,9.58],[37.04,9.51],[37.0,9.84],[37.16,9.85],[37.03,9.79]]],[[[36.12,9.98],[36.25,10.07],[36.34,9.88],[36.46,10.24],[36.49,10.01],[36.68,10.03],[36.65,9.89],[36.71,9.85],[36.69,9.75],[36.27,9.74],[36.12,9.98]]],[[[39.21,-5.96],[39.23,-5.93],[39.22,-5.92],[39.23,-5.89],[39.23,-5.88],[39.28,-5.86],[39.31,-5.72],[39.43,-6.07],[39.44,-6.16],[39.41,-6.19],[39.4,-6.19],[39.4,-6.22],[39.44,-6.18],[39.46,-6.22],[39.52,-6.21],[39.56,-6.45],[39.47,-6.45],[39.42,-6.33],[39.44,-6.29],[39.43,-6.27],[39.42,-6.3],[39.38,-6.29],[39.37,-6.32],[39.34,-6.29],[39.34,-6.27],[39.32,-6.25],[39.32,-6.24],[39.31,-6.22],[39.28,-6.22],[39.28,-6.25],[39.29,-6.25],[39.3,-6.32],[39.21,-6.23],[39.22,-6.07],[39.21,-6.07],[39.21,-6.03],[39.2,-6.03],[39.2,-6.02],[39.19,-6.01],[39.19,-5.9],[39.2,-5.96],[39.21,-5.96]]],[[[39.49,-6.15],[39.51,-6.13],[39.51,-6.17],[39.49,-6.15]]],[[[39.05,6.24],[39.27,6.01],[39.01,6.17],[39.05,6.04],[38.88,6.41],[38.77,6.42],[38.86,6.66],[39.18,6.81],[39.45,6.7],[39.64,6.87],[39.87,6.66],[39.97,6.79],[39.91,6.52],[39.49,6.46],[39.47,6.11],[39.37,6.29],[39.27,6.06],[39.09,6.49],[39.05,6.24]]],[[[39.75,-5.23],[39.74,-5.23],[39.73,-5.23],[39.71,-5.22],[39.74,-5.21],[39.74,-5.19],[39.76,-5.18],[39.75,-5.15],[39.76,-5.15],[39.76,-5.14],[39.69,-5.1],[39.75,-5.08],[39.71,-5.06],[39.71,-5.05],[39.7,-5.05],[39.7,-5.04],[39.68,-5.05],[39.7,-5.03],[39.72,-4.98],[39.68,-4.95],[39.68,-4.88],[39.7,-4.92],[39.79,-4.94],[39.82,-5.0],[39.83,-4.97],[39.85,-4.97],[39.87,-4.9],[39.87,-5.01],[39.86,-5.02],[39.85,-5.0],[39.82,-5.01],[39.84,-5.03],[39.83,-5.04],[39.82,-5.04],[39.83,-5.05],[39.83,-5.06],[39.83,-5.07],[39.82,-5.07],[39.83,-5.08],[39.82,-5.09],[39.82,-5.1],[39.82,-5.12],[39.82,-5.13],[39.81,-5.13],[39.84,-5.16],[39.86,-5.13],[39.84,-5.27],[39.83,-5.3],[39.79,-5.33],[39.81,-5.37],[39.76,-5.4],[39.76,-5.43],[39.71,-5.42],[39.7,-5.43],[39.65,-5.42],[39.65,-5.35],[39.67,-5.33],[39.67,-5.36],[39.68,-5.35],[39.7,-5.26],[39.73,-5.24],[39.73,-5.25],[39.74,-5.25],[39.75,-5.25],[39.75,-5.26],[39.76,-5.26],[39.76,-5.27],[39.78,-5.25],[39.76,-5.23],[39.75,-5.23]]],[[[45.59,-21.19],[45.09,-21.4],[45.26,-20.94],[45.56,-20.86],[45.66,-21.01],[45.78,-20.86],[45.59,-21.19]]],[[[55.83,-21.05],[55.78,-21.41],[55.36,-21.31],[55.23,-21.0],[55.51,-20.82],[55.83,-21.05]]],[[[57.34,-20.25],[57.7,-20.0],[57.82,-20.26],[57.39,-20.46],[57.34,-20.25]]],[[[49.72,-16.72],[49.83,-16.85],[49.64,-16.85],[49.48,-17.1],[49.43,-18.16],[47.9,-22.48],[47.59,-23.79],[47.1,-24.99],[46.76,-25.16],[46.7,-24.74],[46.55,-24.7],[46.59,-24.34],[46.72,-24.32],[46.56,-24.27],[46.83,-24.31],[46.41,-23.98],[46.02,-24.05],[45.73,-24.35],[45.68,-24.12],[45.83,-23.82],[45.95,-23.93],[46.05,-23.5],[46.13,-23.8],[46.24,-23.5],[45.93,-22.95],[45.64,-22.84],[45.85,-22.7],[45.52,-22.66],[45.62,-22.52],[45.47,-21.7],[45.85,-21.04],[46.2,-21.01],[45.85,-20.94],[45.79,-20.23],[45.98,-20.36],[45.8,-20.03],[46.27,-20.03],[45.64,-19.59],[45.95,-19.53],[46.09,-19.29],[45.54,-19.39],[45.39,-18.76],[45.61,-18.73],[45.36,-18.65],[45.3,-18.19],[44.78,-18.08],[44.72,-17.75],[45.16,-17.76],[45.45,-18.06],[45.49,-17.94],[45.58,-18.02],[45.52,-17.82],[45.73,-17.85],[45.87,-17.64],[45.87,-17.83],[46.07,-17.92],[46.05,-17.68],[46.2,-17.61],[46.38,-17.69],[46.8,-17.46],[46.86,-17.67],[47.07,-17.13],[47.18,-17.54],[47.28,-17.47],[47.41,-17.64],[47.36,-17.3],[47.18,-17.2],[47.23,-16.94],[47.57,-16.74],[47.61,-17.03],[47.63,-16.62],[47.73,-16.65],[47.62,-16.48],[47.8,-16.31],[47.94,-16.28],[47.93,-16.47],[48.2,-16.46],[47.97,-16.21],[48.17,-15.91],[48.66,-16.12],[48.29,-15.69],[48.83,-15.87],[48.65,-15.67],[48.82,-15.24],[48.36,-15.44],[48.57,-15.25],[48.51,-14.86],[48.37,-14.79],[48.46,-14.28],[48.41,-14.41],[48.32,-13.9],[48.09,-13.81],[47.93,-13.6],[47.97,-13.51],[48.23,-13.81],[48.34,-13.76],[48.42,-13.64],[48.39,-13.54],[48.49,-13.56],[48.55,-13.52],[48.47,-13.36],[48.65,-13.46],[48.82,-13.26],[49.07,-13.7],[49.37,-13.24],[49.72,-13.79],[49.94,-13.23],[50.06,-13.56],[49.7,-13.86],[50.08,-13.61],[50.47,-15.46],[50.22,-15.99],[50.03,-15.88],[49.87,-15.41],[49.62,-15.56],[49.7,-16.11],[49.86,-16.23],[49.72,-16.72]]],[[[49.28,-12.85],[49.46,-12.83],[49.19,-12.96],[49.09,-12.52],[49.24,-12.49],[49.28,-12.85]]],[[[43.22,-11.74],[43.35,-11.36],[43.5,-11.89],[43.22,-11.74]]],[[[43.11,2.99],[43.42,3.14],[43.38,2.91],[43.16,2.74],[43.11,2.99]]],[[[43.58,3.42],[43.68,3.62],[43.99,3.76],[44.26,3.67],[44.37,3.04],[44.08,2.89],[43.79,2.99],[43.58,3.42]]],[[[72.96,19.14],[72.8,18.9],[72.67,19.94],[72.86,19.85],[72.71,20.07],[73.18,20.9],[73.56,21.17],[73.78,21.88],[73.96,21.52],[73.88,20.74],[73.65,20.3],[73.55,18.99],[73.94,17.84],[73.86,17.5],[74.04,16.53],[74.35,15.81],[75.16,15.11],[75.41,14.51],[75.71,14.33],[75.7,13.71],[76.04,13.31],[76.02,13.03],[76.39,12.85],[76.35,12.14],[76.68,11.78],[77.08,11.93],[77.42,11.76],[77.03,10.8],[77.6,10.1],[77.39,9.0],[77.78,8.2],[77.55,8.07],[76.97,8.38],[76.54,8.9],[76.66,8.99],[76.34,9.4],[75.74,11.35],[75.2,12.01],[74.36,14.52],[73.46,16.06],[73.31,17.03],[72.94,18.28],[73.07,18.2],[73.08,18.28],[72.91,18.36],[72.86,18.79],[73.05,18.79],[72.91,18.89],[73.09,19.04],[72.96,19.14]]],[[[98.9,-0.94],[99.3,-1.65],[99.24,-1.8],[98.87,-1.68],[98.59,-1.23],[98.66,-0.98],[98.9,-0.94]]],[[[97.63,0.8],[97.06,1.4],[97.39,1.5],[97.92,1.01],[97.89,0.63],[97.68,0.58],[97.63,0.8]]],[[[96.44,2.33],[95.69,2.78],[95.79,2.93],[96.44,2.33]]],[[[99.63,3.22],[99.63,3.2],[99.94,2.91],[100.02,2.56],[100.02,2.71],[100.14,2.5],[100.16,2.7],[100.91,1.84],[100.93,1.97],[100.82,2.19],[100.95,2.24],[101.27,2.02],[101.4,1.66],[102.08,1.36],[102.27,1.01],[102.37,0.81],[102.92,0.64],[102.98,0.43],[102.54,0.17],[103.34,0.51],[103.7,0.27],[103.72,0.06],[103.4,0.06],[103.38,0.02],[103.39,-0.22],[103.26,-0.26],[103.13,-0.36],[103.53,-0.43],[103.2,-0.69],[103.82,-1.1],[104.34,-1.09],[104.43,-1.95],[104.82,-2.08],[104.64,-2.38],[104.73,-2.58],[104.87,-2.32],[105.57,-2.45],[105.78,-2.93],[106.07,-3.08],[105.79,-3.61],[105.9,-3.85],[105.8,-4.34],[105.62,-4.25],[105.61,-4.26],[105.91,-4.46],[105.73,-5.9],[105.29,-5.45],[105.17,-5.59],[105.17,-5.81],[104.53,-5.53],[104.73,-5.93],[104.58,-5.95],[103.91,-5.14],[102.29,-3.97],[102.22,-3.67],[101.61,-3.24],[100.88,-2.32],[100.86,-1.92],[100.55,-1.32],[100.4,-1.27],[100.43,-1.2],[100.35,-1.17],[100.41,-1.05],[100.32,-0.85],[99.73,-0.03],[99.14,0.25],[98.76,1.76],[97.75,2.27],[97.59,2.87],[96.87,3.69],[96.5,3.75],[95.41,4.82],[95.19,5.53],[95.6,5.63],[96.37,5.21],[97.43,5.23],[97.9,4.9],[97.95,4.48],[98.22,4.4],[98.08,4.34],[98.15,4.08],[98.3,4.1],[98.88,3.68],[98.56,3.73],[99.18,3.54],[99.2,3.41],[99.63,3.22]],[[99.6,3.11],[99.86,2.1],[99.63,3.2],[99.6,3.11]]],[[[80.97,7.39],[80.92,7.19],[81.22,7.09],[81.22,6.94],[80.72,6.56],[80.56,5.94],[80.13,6.09],[79.85,7.09],[80.7,7.59],[80.69,7.38],[80.72,7.61],[80.97,7.39]]],[[[93.82,6.74],[93.64,7.12],[93.83,7.21],[93.94,7.0],[93.82,6.74]]],[[[92.8,12.43],[92.9,12.32],[92.8,12.31],[92.72,11.48],[92.53,11.84],[92.78,12.21],[92.7,12.8],[92.82,12.9],[92.85,13.4],[93.05,13.55],[93.04,13.08],[92.91,13.08],[92.86,12.92],[92.93,12.4],[92.8,12.43]]],[[[98.24,13.71],[98.23,13.96],[98.18,14.05],[98.17,13.53],[98.07,13.75],[98.1,14.19],[97.87,14.67],[98.04,14.64],[97.92,14.84],[97.83,14.74],[97.72,15.84],[97.56,16.07],[97.63,16.5],[97.86,16.01],[97.72,16.57],[97.36,16.48],[97.17,16.91],[97.26,17.1],[97.11,17.08],[96.79,17.49],[96.91,17.01],[96.49,16.59],[96.32,16.94],[96.09,16.82],[96.12,16.47],[95.22,16.26],[94.78,16.36],[94.68,16.74],[94.62,16.43],[94.24,15.95],[94.26,16.53],[94.61,17.55],[94.09,19.39],[93.91,19.47],[93.76,19.93],[93.13,20.09],[93.25,19.82],[93.14,20.0],[93.13,19.83],[92.97,20.12],[93.12,20.18],[92.99,20.15],[93.08,20.55],[92.87,20.12],[92.76,20.21],[92.94,20.32],[92.64,20.69],[92.73,20.26],[92.37,20.7],[92.2,21.32],[92.33,20.74],[91.95,21.45],[92.04,21.66],[91.8,22.3],[91.79,22.3],[91.79,22.23],[91.49,22.9],[91.18,22.72],[91.23,22.59],[91.02,22.68],[90.94,22.58],[90.63,23.05],[90.62,23.61],[90.47,23.57],[90.55,23.38],[90.24,23.44],[90.61,23.22],[90.43,22.79],[90.18,22.96],[90.47,22.74],[90.45,22.52],[89.75,22.76],[88.15,21.88],[88.21,22.14],[88.03,22.22],[88.19,22.1],[87.95,21.82],[86.63,21.33],[87.0,21.43],[86.81,21.14],[86.97,20.77],[86.77,20.73],[86.11,19.86],[84.91,19.27],[84.13,18.31],[82.29,17.05],[82.29,16.7],[81.91,16.45],[81.22,16.35],[81.39,16.61],[81.34,16.87],[80.13,17.23],[79.73,17.6],[79.63,17.98],[79.8,18.14],[79.47,18.8],[78.66,18.84],[78.21,19.37],[78.37,19.68],[79.05,19.78],[79.31,20.01],[79.56,19.54],[80.41,19.61],[80.66,19.77],[81.04,20.83],[80.91,21.44],[80.77,21.56],[79.57,21.55],[79.36,21.7],[78.28,21.34],[77.99,21.48],[77.84,22.08],[77.96,22.64],[79.29,22.9],[79.56,23.17],[80.17,23.1],[80.32,23.34],[81.42,23.48],[84.32,23.48],[84.43,23.33],[84.06,22.59],[84.11,22.37],[84.75,22.29],[84.95,22.72],[85.22,22.91],[85.72,22.76],[85.49,22.49],[85.74,22.15],[85.37,22.03],[85.75,21.34],[85.95,21.32],[86.09,21.46],[86.18,22.58],[87.29,22.06],[87.42,22.13],[87.63,23.18],[87.54,23.36],[87.78,23.47],[87.57,23.76],[87.57,24.48],[87.8,24.93],[87.62,25.25],[87.29,25.08],[87.18,24.66],[87.06,24.75],[86.98,24.61],[86.92,24.91],[86.6,24.97],[86.48,25.28],[85.59,24.72],[85.02,24.57],[84.76,24.59],[84.67,24.77],[83.96,24.5],[83.11,24.46],[82.73,24.73],[80.62,25.02],[79.82,24.71],[78.21,25.46],[77.98,25.71],[78.11,26.16],[77.53,26.25],[77.29,26.88],[76.9,27.25],[76.9,27.63],[77.18,28.28],[77.08,29.59],[77.63,30.49],[78.05,30.6],[78.3,30.22],[78.48,30.28],[78.53,29.72],[79.1,29.49],[78.79,29.49],[78.7,29.32],[81.39,28.03],[81.29,28.2],[82.55,27.79],[82.84,27.8],[82.13,28.01],[80.86,28.82],[81.27,28.65],[80.62,29.04],[81.13,28.99],[80.96,29.23],[80.63,29.31],[80.75,29.42],[80.94,29.46],[80.78,29.31],[81.05,29.27],[81.12,29.11],[81.32,29.34],[81.22,29.17],[81.38,29.16],[81.14,29.1],[81.28,29.04],[81.14,28.97],[81.46,28.91],[81.55,28.76],[81.57,28.78],[81.43,28.99],[81.57,28.98],[81.49,28.91],[81.63,28.78],[81.66,28.95],[81.71,28.81],[81.79,28.89],[81.69,28.71],[81.53,28.73],[81.79,28.49],[82.0,28.48],[81.92,28.61],[82.02,28.79],[82.17,28.63],[82.04,28.63],[82.13,28.5],[81.94,28.35],[81.32,28.63],[81.9,28.29],[81.79,28.38],[82.07,28.28],[82.25,28.31],[82.08,28.25],[82.91,27.92],[82.59,28.1],[82.78,28.05],[82.58,28.28],[82.77,28.31],[82.72,28.16],[82.89,28.18],[82.84,28.05],[83.09,27.94],[82.95,27.78],[83.14,27.86],[83.58,27.86],[83.66,27.71],[84.29,27.78],[83.37,27.95],[83.32,27.88],[83.15,27.95],[83.45,27.97],[83.17,28.12],[83.31,28.12],[83.21,28.26],[83.6,28.0],[83.52,28.08],[83.67,28.22],[83.51,28.36],[83.57,28.38],[83.79,28.27],[83.63,27.96],[83.83,28.15],[83.71,27.96],[83.91,28.07],[83.88,27.92],[84.05,28.0],[83.87,28.26],[84.15,28.19],[84.08,28.25],[84.29,28.25],[84.26,28.06],[84.4,28.06],[84.4,28.32],[84.46,28.11],[84.61,28.17],[84.51,28.04],[84.7,28.16],[84.76,28.02],[84.88,28.26],[84.84,28.03],[85.02,28.09],[84.86,27.84],[85.13,27.9],[85.21,28.08],[85.18,27.95],[85.39,27.95],[85.04,27.84],[85.19,27.77],[85.03,27.8],[85.19,27.73],[85.06,27.7],[84.49,27.79],[84.68,27.67],[84.96,27.65],[84.9,27.53],[85.11,27.55],[85.14,27.41],[85.65,27.41],[86.52,26.93],[86.74,26.88],[86.73,27.01],[86.08,27.22],[85.67,27.51],[85.81,27.45],[85.55,27.85],[85.71,27.67],[85.77,27.86],[85.91,27.78],[85.72,27.63],[86.0,27.38],[86.13,27.7],[86.13,27.37],[86.0,27.35],[86.15,27.26],[86.26,27.45],[86.22,27.26],[86.38,27.21],[86.44,27.36],[86.45,27.17],[86.73,27.46],[86.74,27.28],[86.45,27.14],[86.83,27.19],[86.74,27.06],[86.92,27.04],[86.79,26.9],[87.18,27.01],[86.99,27.13],[87.24,27.15],[87.09,27.5],[87.23,27.55],[87.21,27.36],[87.36,27.43],[87.23,27.26],[87.38,27.29],[87.26,27.21],[87.34,27.09],[87.18,26.94],[87.7,27.16],[87.62,27.42],[87.88,27.28],[87.7,27.28],[87.81,27.17],[87.57,27.05],[87.62,26.9],[87.25,26.85],[87.61,26.79],[87.97,26.98],[87.94,26.84],[88.19,26.78],[87.83,26.68],[86.95,26.86],[86.63,26.67],[86.52,26.83],[84.71,27.37],[84.7,27.15],[84.45,27.18],[85.92,26.59],[87.45,26.36],[88.21,26.37],[88.93,26.67],[89.83,26.63],[90.04,26.75],[89.79,26.7],[89.57,26.82],[89.78,26.89],[89.84,26.75],[89.87,26.94],[89.93,26.82],[90.02,26.92],[89.94,26.99],[90.14,26.91],[89.96,26.77],[90.56,27.03],[90.7,26.79],[90.89,26.83],[90.86,26.99],[91.15,26.89],[91.01,27.01],[91.23,27.04],[91.18,27.44],[91.28,27.08],[91.36,27.35],[91.61,27.47],[91.65,27.36],[91.4,27.21],[91.51,27.14],[91.33,26.95],[91.23,27.01],[91.31,26.81],[91.47,26.96],[91.66,26.89],[91.65,26.92],[91.88,27.0],[92.02,26.92],[91.97,27.07],[92.06,26.86],[92.69,27.04],[93.73,26.99],[94.26,27.49],[94.96,27.72],[95.31,28.06],[96.0,28.15],[96.24,27.96],[96.27,27.7],[96.04,27.54],[96.06,27.32],[95.38,26.93],[94.79,26.42],[94.36,25.76],[94.25,25.36],[94.42,24.84],[94.54,24.83],[94.63,25.39],[95.18,26.07],[95.07,26.47],[95.24,26.68],[95.65,26.53],[95.74,26.72],[96.22,26.76],[96.03,27.01],[96.22,27.14],[96.62,27.12],[96.73,27.26],[96.7,27.02],[97.09,27.0],[97.22,26.82],[97.27,27.07],[97.06,27.48],[97.25,27.31],[97.28,27.55],[97.45,27.59],[97.87,27.18],[98.37,27.53],[98.68,25.21],[98.87,25.01],[98.88,26.89],[99.04,27.14],[99.28,26.95],[99.23,26.25],[100.01,26.42],[100.28,26.25],[100.58,26.7],[101.22,26.59],[101.12,27.22],[101.64,27.73],[101.66,28.09],[101.92,28.4],[101.83,27.81],[102.02,27.51],[101.99,27.14],[102.35,27.1],[102.29,28.56],[102.44,29.02],[102.58,28.97],[102.56,28.59],[102.76,28.32],[102.78,27.79],[103.03,27.47],[103.33,27.64],[103.86,28.6],[104.44,28.48],[105.89,28.75],[106.51,29.1],[106.5,29.26],[106.79,29.51],[107.8,29.77],[108.91,30.8],[110.28,30.9],[111.62,30.58],[111.52,30.4],[111.73,30.04],[112.01,30.02],[112.27,29.62],[111.82,29.5],[111.64,29.01],[111.72,28.73],[111.05,28.68],[110.59,28.32],[112.01,28.58],[112.44,28.4],[112.53,28.11],[112.29,27.82],[112.26,27.38],[112.41,27.09],[112.81,26.93],[113.27,27.04],[113.35,27.23],[113.3,27.79],[113.1,28.07],[113.38,28.37],[113.3,28.56],[113.58,29.07],[115.31,29.56],[115.59,29.06],[115.42,28.66],[114.74,28.41],[113.98,27.77],[114.82,27.56],[114.64,26.68],[114.77,26.6],[115.16,26.88],[115.42,27.67],[115.76,28.06],[116.16,28.05],[116.33,27.75],[116.75,27.75],[116.99,28.14],[117.7,28.32],[118.19,28.62],[118.36,28.91],[119.27,29.1],[119.84,29.42],[120.17,29.77],[120.19,30.07],[120.52,29.96],[121.11,30.11],[121.29,29.68],[122.13,29.89],[121.44,29.52],[121.48,29.4],[121.98,29.58],[121.94,29.19],[121.81,29.18],[121.8,29.37],[121.74,29.19],[121.57,29.3],[121.41,29.16],[121.69,29.02],[121.49,28.94],[121.61,28.72],[121.14,28.84],[121.26,28.67],[121.48,28.67],[121.63,28.29],[121.46,28.34],[121.34,28.14],[121.16,28.38],[120.94,27.98],[120.56,28.11],[120.84,27.88],[120.63,27.75],[120.69,27.48],[120.51,27.2],[120.19,27.29],[120.42,27.14],[120.03,26.9],[120.12,26.79],[120.13,26.64],[119.86,26.52],[120.07,26.79],[119.87,26.65],[119.85,26.85],[119.69,26.81],[119.72,26.7],[119.55,26.75],[119.82,26.44],[119.58,26.47],[119.68,26.31],[119.94,26.35],[119.64,26.26],[119.45,25.97],[119.71,25.99],[119.59,25.68],[119.45,25.68],[119.65,25.36],[119.31,25.61],[119.1,25.41],[119.35,25.25],[119.13,25.24],[119.09,25.1],[119.06,25.27],[118.87,25.24],[119.02,24.95],[118.57,24.88],[118.76,24.76],[118.62,24.54],[118.43,24.7],[118.22,24.53],[118.16,24.69],[118.02,24.43],[117.79,24.46],[118.12,24.25],[117.74,23.9],[117.8,24.01],[117.66,24.06],[117.57,23.71],[117.43,23.94],[117.33,23.75],[117.17,23.87],[117.27,23.63],[116.91,23.65],[116.75,23.35],[116.52,23.42],[116.79,23.23],[116.51,23.22],[116.48,22.94],[116.2,22.98],[116.08,22.83],[116.03,22.93],[115.8,22.74],[115.74,22.93],[115.41,22.92],[115.6,22.86],[115.56,22.65],[115.22,22.78],[115.31,22.9],[114.98,22.68],[114.85,22.75],[114.87,22.53],[114.73,22.59],[114.77,22.81],[114.52,22.7],[114.61,22.5],[114.23,22.55],[114.2,22.38],[114.39,22.43],[114.27,22.38],[114.3,22.26],[114.1,22.36],[113.91,22.36],[114.04,22.5],[113.86,22.46],[113.6,22.84],[113.54,23.07],[113.83,23.12],[113.41,23.09],[113.48,22.91],[113.21,22.91],[113.49,22.77],[113.38,22.76],[113.57,22.55],[113.52,22.18],[113.17,22.57],[113.39,22.18],[113.3,22.17],[113.22,22.04],[113.09,22.21],[112.94,21.87],[112.82,21.96],[112.56,21.76],[112.39,22.07],[112.29,21.7],[111.89,21.92],[112.0,21.76],[111.68,21.78],[111.79,21.61],[111.64,21.52],[111.03,21.53],[110.43,21.19],[110.35,21.43],[110.39,21.16],[110.14,20.99],[110.16,20.84],[110.37,20.84],[110.22,20.66],[110.51,20.43],[110.28,20.24],[109.92,20.23],[109.86,20.4],[110.01,20.43],[109.82,20.51],[109.74,20.66],[109.86,20.71],[109.66,20.92],[109.76,21.35],[109.95,21.45],[109.67,21.5],[109.59,21.74],[109.46,21.66],[109.53,21.49],[109.14,21.4],[109.03,21.44],[109.14,21.6],[108.91,21.61],[108.8,21.82],[108.86,21.63],[108.74,21.6],[108.55,21.94],[108.44,21.86],[108.51,21.59],[108.39,21.55],[108.47,21.66],[108.33,21.72],[108.28,21.54],[108.2,21.5],[108.2,21.64],[107.93,21.44],[107.78,21.52],[107.39,21.27],[107.38,21.03],[107.16,20.93],[107.13,21.06],[106.93,20.96],[106.31,21.08],[106.75,20.95],[106.72,20.76],[106.57,20.68],[106.49,20.31],[106.24,20.17],[106.19,20.33],[106.18,20.09],[106.02,20.13],[105.86,20.57],[106.04,20.06],[105.64,18.91],[106.09,18.29],[106.43,18.12],[106.63,17.48],[107.82,16.29],[108.02,16.34],[108.09,16.23],[107.84,16.2],[108.03,16.2],[108.03,15.89],[107.5,15.8],[107.39,15.62],[107.68,15.52],[107.75,15.32],[107.99,15.4],[108.1,15.13],[108.26,15.21],[108.26,14.91],[108.43,14.91],[108.34,14.77],[108.49,14.83],[108.52,14.6],[108.73,14.62],[108.56,14.29],[108.44,14.34],[108.55,14.1],[108.35,13.8],[108.33,14.15],[107.96,14.14],[108.34,14.51],[108.15,14.58],[108.06,14.42],[107.88,14.8],[107.51,14.66],[107.59,14.86],[107.39,14.8],[107.26,14.96],[107.49,15.25],[107.41,15.39],[107.44,15.22],[107.25,15.3],[107.04,14.98],[106.85,15.16],[106.68,14.76],[106.47,14.8],[106.63,15.1],[106.23,14.93],[106.02,15.07],[106.0,15.31],[106.51,15.66],[106.56,15.37],[106.91,15.28],[106.91,15.9],[106.58,15.75],[106.68,16.08],[106.1,16.17],[106.34,16.39],[105.7,16.47],[105.5,16.92],[104.9,16.87],[104.99,17.26],[104.3,18.16],[104.84,17.39],[104.11,17.96],[103.62,18.07],[103.18,17.98],[102.99,17.47],[102.66,17.51],[102.77,17.07],[102.65,16.84],[102.29,17.41],[102.3,18.03],[102.09,17.63],[101.94,17.87],[102.05,18.19],[101.81,17.55],[101.76,17.69],[101.63,17.61],[101.65,17.23],[101.5,17.08],[102.1,17.05],[102.1,16.78],[101.78,16.61],[101.93,16.35],[101.86,16.16],[101.28,16.3],[101.38,16.86],[101.24,17.06],[100.94,15.98],[100.97,16.26],[100.81,16.45],[100.99,16.82],[100.81,16.46],[100.47,16.75],[100.23,17.36],[100.48,17.55],[100.37,17.82],[99.5,17.37],[99.36,17.47],[99.46,17.16],[99.18,17.28],[99.35,17.64],[99.17,17.72],[98.95,17.27],[98.68,17.85],[98.73,18.33],[99.02,18.29],[99.34,18.71],[99.24,18.71],[99.25,19.43],[99.03,19.21],[98.94,19.64],[98.81,19.08],[98.92,18.8],[98.54,18.04],[99.23,16.55],[99.4,15.57],[99.59,15.31],[99.41,14.21],[99.88,14.5],[99.78,14.65],[99.98,14.75],[99.82,14.89],[99.97,15.1],[99.74,15.37],[99.74,15.77],[99.87,15.9],[100.07,15.78],[99.91,16.02],[100.15,15.99],[100.31,16.16],[99.95,16.8],[100.1,17.24],[100.69,16.26],[100.62,15.83],[100.43,15.74],[100.66,15.67],[100.69,15.48],[100.13,15.7],[100.04,15.33],[100.18,15.57],[100.39,15.19],[100.66,15.11],[100.86,15.29],[100.64,14.87],[101.02,14.65],[100.9,14.41],[101.64,14.08],[101.83,14.17],[101.82,13.87],[101.69,13.88],[102.19,13.59],[102.22,13.73],[102.58,13.58],[102.74,13.22],[102.57,13.09],[102.94,13.01],[102.82,12.72],[102.98,12.66],[102.76,12.65],[102.81,12.51],[103.11,12.66],[103.78,12.3],[103.93,12.47],[104.37,12.45],[104.47,12.11],[104.2,11.95],[104.05,11.62],[104.11,11.32],[104.63,11.23],[104.33,11.2],[104.4,11.05],[104.18,10.86],[104.41,10.55],[104.19,10.7],[104.05,10.55],[103.87,10.71],[103.61,10.5],[103.5,10.64],[103.68,10.74],[103.81,11.17],[103.45,11.18],[103.31,11.0],[103.45,11.05],[103.43,10.89],[103.13,10.87],[103.18,11.41],[102.65,12.23],[102.5,12.29],[102.58,12.04],[102.29,12.19],[102.4,12.33],[102.16,12.5],[102.17,12.78],[101.84,12.67],[101.66,12.8],[101.42,12.58],[100.86,12.64],[101.07,13.57],[100.67,13.58],[100.53,13.83],[99.78,13.3],[100.04,13.07],[99.74,13.12],[100.03,12.93],[100.02,12.18],[99.1,10.31],[99.25,10.23],[99.12,10.12],[99.21,9.26],[99.29,9.13],[99.84,9.3],[99.93,8.52],[100.2,8.29],[100.3,7.91],[100.05,7.85],[100.4,7.16],[101.05,6.78],[101.47,6.88],[101.89,6.19],[102.35,6.16],[102.5,5.87],[103.15,5.34],[103.49,4.33],[103.33,3.75],[103.42,3.36],[103.43,3.32],[103.46,2.82],[103.82,2.58],[104.27,1.61],[104.28,1.36],[104.09,1.37],[104.12,1.41],[104.05,1.46],[104.08,1.52],[103.98,1.63],[104.0,1.44],[103.7,1.49],[103.51,1.27],[103.35,1.55],[101.29,2.84],[101.37,3.0],[101.25,3.36],[100.81,3.78],[100.93,3.87],[100.7,3.9],[100.92,3.97],[100.56,4.31],[100.69,4.68],[100.64,4.89],[100.35,5.09],[100.33,5.66],[100.44,5.64],[100.13,6.58],[99.74,6.85],[99.79,7.18],[99.57,7.22],[99.63,7.48],[99.45,7.34],[99.12,8.02],[98.77,8.02],[98.77,8.55],[98.38,8.3],[98.43,8.18],[98.28,8.25],[98.23,8.73],[98.44,9.06],[98.34,9.15],[98.75,10.32],[98.55,9.98],[98.46,10.62],[98.73,10.91],[98.72,11.56],[98.93,11.96],[98.69,11.75],[98.79,11.94],[98.6,12.39],[98.74,12.58],[98.61,13.24],[98.24,13.71]],[[84.09,28.05],[84.2,28.16],[84.15,28.19],[84.09,28.05]],[[119.34,26.04],[119.09,26.14],[119.24,25.96],[119.45,25.97],[119.34,26.04]],[[103.37,3.51],[103.15,3.5],[103.37,3.5],[103.37,3.51]],[[99.95,18.53],[99.79,18.37],[99.7,18.55],[99.47,18.39],[99.35,18.53],[99.09,17.95],[99.3,17.83],[100.11,18.56],[100.03,18.03],[100.36,18.32],[100.25,18.66],[100.5,18.82],[100.34,19.08],[100.55,19.13],[100.67,18.99],[100.25,19.75],[100.45,20.15],[100.37,20.35],[100.13,20.23],[99.89,20.43],[99.85,20.05],[99.54,19.74],[99.95,18.53]],[[96.66,19.04],[96.51,19.29],[96.4,18.87],[96.66,18.54],[96.66,19.04]],[[97.75,17.28],[97.59,17.31],[97.51,17.11],[97.85,16.87],[97.75,17.28]],[[81.52,18.26],[81.44,17.86],[82.04,18.07],[82.76,19.52],[83.13,19.79],[83.46,19.81],[83.61,20.12],[83.98,20.31],[83.93,20.44],[84.39,20.59],[84.6,21.39],[84.33,21.29],[84.36,21.58],[84.58,21.64],[85.11,21.43],[85.16,21.04],[85.5,20.97],[85.74,21.07],[85.7,21.25],[84.85,21.98],[84.65,21.82],[83.78,22.11],[83.35,21.86],[82.64,21.19],[82.34,20.56],[82.29,20.09],[82.08,19.85],[82.2,19.37],[81.96,19.14],[81.97,18.85],[81.52,18.26]],[[96.22,23.71],[96.33,23.57],[96.58,23.89],[96.6,24.28],[96.45,24.32],[96.22,23.71]],[[95.7,21.9],[95.31,22.04],[94.55,20.7],[94.81,19.83],[95.03,19.63],[95.39,19.57],[95.68,19.88],[95.66,20.66],[95.91,20.84],[95.97,21.14],[95.7,21.9]],[[95.54,18.33],[95.64,18.4],[95.46,19.08],[95.3,18.97],[95.32,18.62],[95.54,18.33]],[[94.64,23.06],[94.76,23.09],[94.69,23.51],[94.52,23.46],[94.64,23.06]],[[93.82,23.97],[93.87,24.12],[93.68,24.23],[93.33,24.07],[93.82,23.97]],[[94.16,23.85],[94.23,24.04],[93.99,24.3],[94.01,23.92],[94.16,23.85]],[[84.5,27.72],[83.88,27.63],[83.94,27.51],[84.65,27.53],[85.17,27.35],[84.5,27.72]],[[83.09,27.53],[83.86,27.5],[83.18,27.74],[82.76,27.71],[83.09,27.53]]],[[[81.39,29.04],[81.67,29.24],[81.43,28.99],[81.39,29.04]]],[[[82.31,28.8],[82.45,28.61],[82.17,28.63],[82.31,28.8]]],[[[88.51,27.12],[88.51,26.85],[88.32,26.79],[88.32,27.1],[88.51,27.12]]],[[[80.49,29.44],[80.31,29.2],[80.49,29.04],[80.15,29.08],[80.29,29.2],[80.25,29.44],[80.37,29.74],[80.43,29.62],[80.69,29.69],[80.43,29.6],[80.32,29.33],[80.49,29.44]]],[[[100.47,-3.02],[100.37,-3.16],[100.47,-3.34],[100.19,-2.99],[100.18,-2.8],[100.47,-3.02]]],[[[105.44,-1.99],[105.56,-2.08],[105.13,-2.08],[105.39,-1.61],[105.6,-1.53],[105.8,-1.81],[105.7,-1.53],[106.04,-1.6],[106.29,-2.41],[106.84,-2.59],[106.66,-2.64],[106.59,-2.93],[106.73,-3.09],[105.95,-2.81],[105.79,-2.18],[105.44,-1.99]]],[[[104.36,-0.68],[104.25,-0.49],[104.33,-0.35],[104.6,-0.47],[104.36,-0.68]]],[[[104.43,-0.24],[104.5,0.0],[105.0,-0.3],[104.43,-0.24]]],[[[102.79,0.96],[103.02,0.76],[102.5,0.79],[102.48,1.14],[102.79,0.96]]],[[[104.22,1.07],[104.32,1.18],[104.57,1.23],[104.66,1.04],[104.59,0.81],[104.46,1.05],[104.22,1.07]]],[[[102.23,1.36],[102.43,1.24],[102.43,0.99],[102.27,1.01],[102.23,1.36]]],[[[104.08,10.25],[104.01,10.01],[103.83,10.36],[104.02,10.41],[104.08,10.25]]],[[[104.83,12.01],[104.51,12.41],[104.06,12.72],[103.62,12.72],[103.38,13.05],[103.39,12.9],[103.26,12.93],[103.23,13.14],[102.94,13.33],[103.06,13.49],[103.13,13.38],[103.26,13.43],[103.2,13.6],[103.4,13.54],[103.39,13.4],[103.6,13.49],[104.47,12.91],[105.03,12.81],[104.99,12.62],[105.21,12.54],[105.17,11.98],[105.39,12.02],[105.55,12.27],[105.9,12.28],[105.51,11.95],[105.81,12.18],[105.79,11.69],[105.58,11.56],[106.17,11.09],[106.19,10.79],[106.43,10.75],[106.3,10.48],[106.46,10.51],[106.4,10.34],[106.71,10.2],[106.32,10.25],[106.58,9.99],[106.18,10.19],[106.56,9.85],[106.16,10.11],[105.98,9.95],[106.12,9.83],[105.94,9.75],[105.4,10.17],[105.82,9.69],[105.61,9.35],[105.19,9.19],[104.88,9.23],[105.11,10.05],[104.74,10.23],[104.6,10.14],[104.38,10.46],[104.59,10.59],[104.86,10.53],[104.68,10.8],[104.93,10.74],[104.8,11.01],[104.95,11.05],[104.94,11.5],[104.77,11.9],[104.83,12.01]]],[[[114.58,-8.4],[114.45,-8.09],[114.96,-8.18],[115.18,-8.06],[115.71,-8.35],[115.17,-8.86],[115.17,-8.72],[114.58,-8.4]]],[[[114.44,-7.79],[114.35,-8.52],[114.59,-8.76],[113.23,-8.28],[112.71,-8.46],[111.81,-8.26],[111.68,-8.38],[109.35,-7.71],[108.6,-7.68],[108.3,-7.81],[107.84,-7.74],[107.4,-7.5],[106.41,-7.36],[106.52,-6.97],[106.01,-6.82],[105.54,-6.87],[105.21,-6.76],[105.36,-6.65],[105.47,-6.83],[105.65,-6.48],[105.8,-6.49],[106.05,-5.88],[106.17,-6.03],[106.27,-5.94],[106.83,-6.12],[107.03,-6.05],[107.02,-5.92],[107.34,-5.96],[107.65,-6.25],[108.3,-6.25],[108.71,-6.82],[110.17,-6.85],[110.29,-7.11],[110.26,-6.93],[110.48,-6.93],[110.72,-6.67],[110.72,-6.44],[111.0,-6.42],[111.14,-6.69],[111.49,-6.62],[111.97,-6.76],[111.98,-6.89],[112.56,-6.86],[112.6,-7.21],[112.82,-7.29],[112.74,-7.54],[113.15,-7.75],[114.04,-7.62],[114.44,-7.79]]],[[[114.11,-6.94],[113.53,-7.25],[113.25,-7.22],[113.33,-7.13],[112.72,-7.17],[112.68,-7.05],[112.86,-6.89],[114.11,-6.94]]],[[[114.24,-3.22],[114.12,-3.33],[114.27,-2.7],[114.11,-3.27],[114.16,-2.63],[114.0,-3.32],[113.7,-3.42],[113.77,-3.0],[113.39,-3.22],[113.0,-2.91],[112.91,-3.18],[112.59,-3.38],[112.12,-3.3],[111.88,-3.47],[111.7,-2.8],[111.54,-2.96],[111.46,-2.81],[110.98,-3.06],[110.66,-3.0],[110.59,-2.85],[110.27,-2.94],[110.3,-2.52],[109.96,-1.81],[110.28,-1.54],[110.1,-1.31],[110.25,-1.53],[110.08,-1.65],[110.02,-1.1],[109.78,-0.98],[109.87,-0.82],[109.73,-0.83],[109.19,-0.36],[109.25,0.05],[108.9,0.8],[108.98,1.14],[109.42,1.79],[109.35,1.91],[109.64,2.06],[109.75,1.73],[109.84,1.79],[109.98,1.6],[110.48,1.65],[110.71,1.55],[110.65,1.43],[110.76,1.57],[111.33,1.32],[111.01,1.53],[111.24,1.63],[111.13,1.75],[111.21,2.01],[111.51,2.17],[111.5,2.67],[113.01,3.15],[113.43,3.77],[113.76,3.95],[113.97,4.6],[114.64,4.73],[114.62,4.8],[114.95,5.01],[115.07,5.04],[115.05,4.73],[115.38,4.91],[115.65,5.26],[115.51,5.35],[115.6,5.49],[115.35,5.3],[115.37,5.4],[115.6,5.64],[115.84,5.47],[116.14,6.16],[116.35,6.4],[116.5,6.45],[116.75,7.04],[116.78,6.48],[117.14,7.01],[117.32,6.56],[117.5,6.49],[117.52,6.62],[117.66,6.31],[117.49,5.88],[117.73,5.82],[117.98,6.07],[118.13,5.85],[117.85,5.83],[117.87,5.67],[118.05,5.72],[118.16,5.63],[118.21,5.78],[118.47,5.68],[118.49,5.49],[119.11,5.25],[119.21,5.43],[119.27,5.22],[119.09,5.08],[118.13,4.88],[118.27,4.66],[118.51,4.54],[118.44,4.52],[118.59,4.51],[118.55,4.35],[118.29,4.4],[117.99,4.22],[117.58,4.46],[117.52,4.17],[117.43,4.24],[117.32,4.19],[117.48,4.18],[117.84,3.7],[117.66,3.62],[117.57,3.79],[117.33,3.77],[117.17,3.73],[117.3,3.63],[117.02,3.59],[117.52,3.31],[117.31,3.21],[117.47,3.14],[117.36,3.04],[117.56,3.07],[117.45,2.96],[117.76,2.76],[118.1,2.29],[117.64,2.27],[118.1,1.67],[117.82,1.83],[119.0,0.99],[118.8,0.8],[118.36,0.8],[117.85,1.19],[118.02,0.86],[117.68,0.7],[117.48,0.29],[117.39,-0.46],[117.13,-0.78],[117.25,-0.9],[116.84,-1.28],[116.89,-0.81],[116.67,-1.09],[116.75,-1.37],[116.11,-1.82],[116.35,-1.84],[116.4,-2.02],[116.22,-2.17],[116.57,-2.33],[116.51,-2.57],[116.28,-2.51],[116.24,-2.65],[116.39,-2.57],[116.33,-2.93],[116.22,-3.0],[116.14,-2.8],[116.14,-3.2],[115.89,-3.37],[116.03,-3.37],[115.93,-3.58],[114.67,-4.14],[114.52,-3.33],[114.32,-3.4],[114.35,-3.19],[114.23,-3.33],[114.24,-3.22]],[[116.75,6.14],[116.62,6.28],[116.47,6.02],[116.61,5.92],[116.75,6.14]]],[[[116.13,-4.04],[116.0,-3.62],[116.26,-3.21],[116.33,-3.74],[116.13,-4.04]]],[[[107.98,-3.27],[107.84,-3.06],[107.61,-3.24],[107.63,-2.6],[108.27,-2.76],[108.2,-3.14],[107.98,-3.27]]],[[[108.27,3.73],[107.97,4.0],[108.22,4.23],[108.41,3.86],[108.3,3.66],[108.12,3.74],[108.27,3.73]]],[[[119.7,10.49],[119.32,10.31],[119.2,10.05],[118.75,9.93],[118.75,9.67],[118.49,9.3],[117.18,8.33],[117.63,9.05],[118.13,9.34],[118.99,10.4],[119.26,10.49],[119.24,10.93],[119.46,10.72],[119.26,10.98],[119.41,11.05],[119.5,11.42],[119.51,11.1],[119.7,10.49]]],[[[108.77,11.51],[108.21,11.5],[108.15,11.36],[107.67,11.27],[107.68,11.85],[107.38,11.84],[107.27,12.4],[107.76,12.35],[108.19,12.1],[108.35,12.25],[108.19,12.24],[108.25,12.49],[108.58,12.43],[109.13,12.86],[109.26,12.77],[108.76,12.33],[109.01,12.19],[109.06,12.03],[108.88,12.02],[109.0,11.82],[108.78,12.07],[108.59,11.62],[108.77,11.51]]],[[[108.57,13.59],[108.76,13.9],[108.96,13.3],[108.57,13.59]]],[[[110.53,18.78],[110.04,18.51],[110.05,18.38],[109.75,18.4],[109.72,18.21],[109.47,18.19],[108.69,18.5],[108.63,19.28],[109.31,19.71],[109.16,19.72],[109.26,19.9],[109.57,19.85],[109.71,20.01],[109.99,19.9],[110.16,20.06],[110.42,19.92],[110.38,20.07],[110.61,19.92],[110.68,20.16],[110.93,20.0],[111.03,19.64],[110.8,19.61],[110.48,19.17],[110.58,19.13],[110.43,18.82],[110.53,18.78]]],[[[122.08,-5.23],[122.05,-5.46],[121.79,-5.27],[121.86,-5.09],[122.08,-5.23]]],[[[122.93,-5.18],[123.22,-5.3],[122.65,-5.7],[122.56,-5.5],[122.81,-5.22],[122.86,-4.53],[123.05,-4.37],[123.21,-4.86],[123.03,-4.75],[122.93,-5.18]]],[[[122.65,-5.35],[122.33,-5.4],[122.32,-4.83],[122.74,-4.65],[122.65,-5.35]]],[[[124.58,1.19],[124.53,1.36],[124.82,1.47],[124.99,1.76],[125.17,1.69],[125.25,1.51],[125.07,1.37],[124.9,0.98],[124.52,0.48],[124.28,0.4],[123.62,0.27],[123.26,0.32],[123.07,0.52],[121.79,0.42],[121.72,0.53],[121.6,0.55],[121.06,0.4],[120.51,0.52],[120.25,0.34],[120.0,-0.18],[120.05,-0.62],[120.5,-0.99],[120.67,-1.41],[121.09,-1.43],[121.64,-0.8],[121.94,-0.99],[122.2,-0.78],[122.96,-0.75],[122.72,-0.66],[123.06,-0.56],[123.4,-0.64],[123.44,-0.84],[123.32,-1.06],[123.1,-0.84],[122.8,-0.94],[122.37,-1.52],[121.87,-1.68],[121.67,-1.95],[121.34,-1.78],[121.29,-1.84],[122.32,-2.92],[122.25,-3.03],[122.48,-3.18],[122.19,-3.61],[122.67,-3.9],[122.54,-3.99],[122.69,-4.16],[122.85,-4.07],[122.9,-4.4],[122.68,-4.33],[122.75,-4.51],[122.58,-4.4],[122.09,-4.54],[122.01,-4.9],[121.54,-4.77],[121.61,-4.07],[120.88,-3.53],[121.06,-3.2],[120.97,-2.82],[121.08,-2.71],[120.56,-2.68],[120.19,-2.98],[120.41,-3.25],[120.33,-4.11],[120.45,-4.65],[120.26,-5.14],[120.46,-5.61],[119.93,-5.55],[119.7,-5.7],[119.43,-5.6],[119.63,-3.98],[119.5,-3.54],[119.29,-3.42],[118.92,-3.56],[118.77,-3.1],[118.88,-2.9],[118.75,-2.77],[119.14,-2.46],[119.14,-2.19],[119.35,-1.89],[119.33,-1.17],[119.72,-0.64],[119.87,-0.85],[119.8,-0.13],[119.61,-0.01],[119.84,-0.09],[119.79,0.23],[119.91,0.22],[120.05,0.72],[120.29,0.98],[120.59,0.77],[120.81,1.04],[120.82,1.33],[121.46,1.3],[121.55,1.06],[122.44,1.03],[122.85,0.81],[122.97,0.97],[123.75,0.83],[124.29,1.01],[124.58,1.19]]],[[[122.9,-1.19],[123.21,-1.21],[123.24,-1.4],[123.37,-1.22],[123.55,-1.28],[123.4,-1.53],[123.29,-1.42],[123.26,-1.63],[123.1,-1.58],[123.15,-1.31],[122.87,-1.6],[122.9,-1.19]]],[[[121.89,-0.34],[122.08,-0.27],[122.13,-0.41],[121.65,-0.57],[121.89,-0.34]]],[[[120.17,5.35],[120.26,5.24],[120.22,5.12],[119.74,5.05],[120.17,5.35]]],[[[121.96,6.41],[121.79,6.63],[122.07,6.75],[122.32,6.63],[121.96,6.41]]],[[[122.87,10.09],[122.8,10.53],[122.96,10.89],[123.51,10.94],[123.14,9.83],[123.13,9.54],[123.31,9.34],[123.21,9.09],[123.01,9.04],[122.38,9.84],[122.87,10.09]]],[[[123.31,9.42],[123.38,9.99],[124.06,11.28],[124.04,10.5],[123.65,10.08],[123.31,9.42]]],[[[121.96,10.41],[122.1,11.7],[121.85,11.76],[121.89,11.9],[122.59,11.51],[122.82,11.61],[122.86,11.44],[123.14,11.59],[123.1,11.33],[123.12,11.17],[122.72,10.95],[122.73,10.8],[121.96,10.41]]],[[[123.28,12.58],[123.9,12.21],[124.07,11.73],[123.54,12.21],[123.15,11.92],[123.28,12.58]]],[[[119.88,12.33],[120.17,12.12],[120.22,12.12],[120.24,12.2],[120.34,12.0],[119.97,12.01],[119.88,12.33]]],[[[121.56,13.12],[121.56,12.62],[121.25,12.21],[121.09,12.27],[120.97,12.43],[120.46,13.41],[121.2,13.44],[121.56,13.12]]],[[[122.03,13.2],[121.82,13.34],[121.88,13.56],[122.15,13.37],[122.03,13.2]]],[[[124.19,13.06],[124.08,12.54],[123.83,12.83],[124.03,12.97],[123.74,12.84],[123.32,13.01],[123.2,13.42],[122.53,13.95],[122.42,13.94],[122.68,13.38],[122.6,13.16],[122.4,13.52],[121.76,13.96],[121.29,13.6],[121.04,13.63],[121.0,13.78],[120.89,13.69],[120.87,13.9],[120.63,13.81],[120.59,14.22],[120.98,14.48],[120.96,14.63],[120.6,14.9],[120.61,14.48],[120.47,14.41],[120.3,14.82],[120.08,14.78],[119.91,15.85],[119.75,15.97],[119.88,16.39],[120.15,16.04],[120.42,16.17],[120.29,16.61],[120.46,17.38],[120.33,17.57],[120.62,18.55],[121.14,18.63],[121.9,18.27],[122.24,18.51],[122.33,18.31],[122.17,18.09],[122.16,17.62],[122.52,17.1],[122.2,16.24],[121.58,15.93],[121.64,15.72],[121.37,15.31],[121.73,14.69],[121.6,14.65],[121.74,14.16],[121.92,14.0],[122.23,13.89],[122.31,14.0],[122.17,14.16],[122.27,14.24],[122.33,14.11],[122.42,14.31],[122.68,14.34],[123.04,14.1],[123.05,13.77],[123.32,13.8],[123.23,13.98],[123.34,14.1],[123.43,13.92],[123.7,13.88],[123.71,13.94],[123.97,13.74],[123.59,13.72],[123.53,13.57],[123.82,13.25],[123.93,13.33],[123.76,13.06],[124.19,13.06]],[[121.09,17.83],[120.91,17.76],[121.02,17.65],[120.8,17.34],[120.79,16.91],[120.61,17.11],[120.63,16.19],[120.79,16.53],[120.78,16.28],[121.0,16.39],[121.02,16.9],[121.34,16.97],[121.27,17.32],[121.07,17.36],[121.27,17.69],[121.09,17.83]]],[[[121.57,25.28],[122.0,25.0],[121.82,24.85],[121.88,24.59],[121.39,23.11],[120.94,22.5],[120.84,21.9],[120.05,23.06],[120.11,23.62],[121.0,25.0],[121.57,25.28]]],[[[127.08,-3.37],[127.26,-3.37],[127.22,-3.67],[126.69,-3.85],[126.2,-3.62],[126.01,-3.36],[126.09,-3.11],[126.69,-3.06],[127.07,-3.2],[127.08,-3.37]]],[[[128.45,-3.46],[128.17,-3.23],[128.18,-3.06],[127.91,-3.57],[127.83,-3.16],[128.1,-3.06],[128.17,-2.86],[129.04,-2.8],[129.13,-2.97],[129.38,-2.79],[130.34,-2.98],[130.83,-3.45],[130.84,-3.88],[129.9,-3.34],[129.52,-3.3],[129.52,-3.47],[128.93,-3.35],[128.88,-3.2],[128.45,-3.46]]],[[[130.43,-1.98],[130.24,-2.06],[129.71,-1.88],[130.32,-1.67],[130.43,-1.98]]],[[[125.41,-1.78],[126.35,-1.82],[125.43,-1.96],[125.41,-1.78]]],[[[124.4,-1.66],[125.32,-1.8],[125.31,-1.9],[124.4,-2.03],[124.4,-1.66]]],[[[127.63,-1.34],[128.14,-1.69],[127.54,-1.74],[127.39,-1.67],[127.63,-1.34]]],[[[130.64,-1.0],[130.89,-0.9],[131.14,-1.02],[130.95,-1.37],[130.64,-1.0]]],[[[127.32,-0.34],[127.56,-0.32],[127.69,-0.48],[127.59,-0.64],[127.89,-0.82],[127.46,-0.84],[127.47,-0.64],[127.29,-0.52],[127.32,-0.34]]],[[[130.67,-0.3],[130.53,-0.44],[130.5,-0.26],[130.2,-0.21],[130.39,-0.23],[130.26,-0.11],[130.5,-0.04],[131.04,-0.02],[131.29,-0.17],[131.24,-0.39],[130.75,-0.46],[130.67,-0.3]]],[[[128.69,1.59],[128.7,1.07],[128.19,0.79],[128.67,0.56],[128.67,0.34],[128.88,0.22],[128.07,0.48],[127.86,0.3],[128.04,-0.42],[128.44,-0.92],[128.0,-0.69],[127.86,-0.39],[127.66,-0.23],[127.73,0.31],[127.53,0.57],[127.64,0.84],[127.39,1.05],[127.57,1.76],[127.98,2.2],[127.84,1.83],[128.02,1.72],[128.02,1.31],[127.66,0.89],[127.88,0.83],[127.98,1.09],[128.19,1.17],[128.1,1.29],[128.69,1.59]]],[[[128.57,2.11],[128.26,1.99],[128.19,2.29],[128.45,2.59],[128.56,2.65],[128.69,2.42],[128.57,2.11]]],[[[122.22,7.96],[122.92,8.15],[123.03,8.48],[123.31,8.53],[123.39,8.72],[123.75,8.6],[123.84,8.42],[123.87,8.16],[123.66,7.96],[124.23,8.21],[124.38,8.59],[124.75,8.5],[124.81,9.0],[125.1,8.83],[125.2,9.09],[125.52,9.01],[125.44,9.82],[125.63,9.61],[125.96,9.48],[126.04,9.24],[126.21,9.31],[126.33,8.85],[126.09,8.61],[126.39,8.5],[126.36,7.89],[126.56,7.73],[126.6,7.28],[126.28,6.93],[126.35,6.8],[126.19,6.94],[126.19,6.28],[125.85,7.36],[125.65,7.24],[125.37,6.72],[125.71,6.1],[125.41,5.57],[125.17,5.8],[125.26,6.09],[124.92,5.86],[124.05,6.39],[123.95,6.91],[124.26,7.37],[124.01,7.65],[123.43,7.82],[123.44,7.37],[123.12,7.52],[123.19,7.59],[123.11,7.73],[123.01,7.48],[122.82,7.44],[122.81,7.75],[122.62,7.78],[122.15,6.91],[121.92,6.99],[122.22,7.96]]],[[[124.28,9.6],[123.75,9.55],[123.81,9.83],[124.15,10.15],[124.55,10.05],[124.58,9.73],[124.28,9.6]]],[[[125.64,10.47],[125.71,9.89],[125.61,9.82],[125.65,9.92],[125.6,10.06],[125.48,10.11],[125.64,10.47]]],[[[125.28,9.91],[125.0,10.38],[125.03,10.01],[124.76,10.16],[124.79,10.76],[124.6,11.01],[124.51,10.86],[124.38,10.92],[124.29,11.54],[124.65,11.29],[124.98,11.4],[124.97,11.27],[125.04,11.06],[125.02,10.75],[125.26,10.37],[125.13,10.26],[125.28,9.91]]],[[[125.66,11.2],[125.83,10.94],[125.66,11.14],[125.23,11.09],[124.98,11.28],[124.99,11.43],[124.84,11.47],[124.72,11.72],[124.89,11.54],[125.04,11.76],[124.48,12.1],[124.26,12.54],[124.99,12.55],[125.0,12.66],[125.03,12.59],[125.22,12.53],[125.52,12.19],[125.41,11.76],[125.64,11.35],[125.54,11.2],[125.66,11.2]]],[[[124.13,14.06],[124.22,14.08],[124.42,13.79],[124.34,13.55],[124.02,13.66],[124.13,14.06]]],[[[127.84,26.43],[127.92,26.3],[127.65,26.08],[127.72,26.43],[127.96,26.55],[127.88,26.69],[128.07,26.64],[128.26,26.88],[128.33,26.76],[127.84,26.43]]],[[[129.69,28.5],[129.72,28.43],[129.38,28.11],[129.14,28.25],[129.69,28.5]]],[[[145.89,-17.06],[146.15,-17.65],[146.02,-18.08],[146.02,-18.25],[146.2,-18.52],[146.34,-18.53],[146.34,-18.61],[146.32,-18.64],[146.33,-18.64],[146.26,-18.86],[146.46,-19.08],[146.6,-19.15],[146.47,-19.34],[145.63,-18.67],[145.32,-17.37],[145.52,-17.14],[145.53,-16.8],[144.9,-16.2],[145.08,-16.09],[145.21,-15.64],[145.32,-15.67],[145.23,-15.58],[145.32,-15.6],[145.48,-16.08],[145.44,-16.18],[145.49,-16.28],[145.41,-16.47],[145.78,-16.93],[145.96,-16.9],[145.9,-16.98],[145.89,-17.06]],[[146.31,-18.63],[146.31,-18.64],[146.32,-18.64],[146.31,-18.63]]],[[[145.79,-8.0],[145.82,-7.89],[145.29,-7.85],[145.18,-7.33],[145.27,-7.82],[144.6,-7.36],[144.24,-7.39],[144.06,-7.75],[143.62,-7.44],[143.92,-7.98],[143.49,-8.0],[143.31,-7.83],[143.58,-8.24],[142.72,-8.28],[143.37,-8.76],[143.32,-9.03],[142.79,-9.13],[142.49,-8.94],[142.61,-8.63],[142.51,-8.52],[142.24,-8.37],[142.08,-8.51],[141.83,-8.31],[141.87,-8.14],[141.5,-8.2],[141.4,-7.99],[141.06,-8.2],[140.87,-7.95],[140.46,-8.04],[140.06,-7.88],[139.86,-8.1],[139.38,-8.16],[139.26,-7.99],[138.94,-8.19],[138.89,-8.1],[138.97,-8.05],[138.95,-7.9],[139.05,-7.84],[139.15,-7.55],[139.36,-7.39],[138.97,-7.53],[138.7,-7.24],[139.2,-7.2],[138.56,-6.95],[138.89,-6.84],[139.14,-6.95],[138.82,-6.78],[138.81,-6.71],[138.97,-6.76],[139.0,-6.69],[138.4,-6.34],[138.24,-5.87],[138.58,-5.64],[138.21,-5.4],[138.12,-5.51],[138.19,-5.34],[138.04,-5.49],[138.04,-5.33],[137.9,-5.32],[138.02,-5.25],[138.12,-5.37],[138.21,-5.07],[137.82,-5.04],[137.84,-4.88],[137.75,-5.01],[137.69,-4.82],[135.96,-4.51],[136.3,-4.44],[135.81,-4.48],[135.35,-4.37],[135.42,-4.31],[135.27,-4.21],[135.36,-4.33],[134.83,-4.25],[134.76,-4.13],[135.01,-4.01],[134.87,-4.02],[134.76,-3.89],[134.52,-4.02],[134.35,-3.86],[134.32,-4.02],[134.16,-3.73],[133.95,-3.82],[133.86,-3.54],[133.83,-3.71],[133.71,-3.66],[133.64,-3.47],[133.89,-3.05],[133.87,-2.9],[133.66,-3.12],[133.63,-3.44],[133.51,-3.37],[133.59,-3.57],[133.43,-3.66],[133.34,-3.54],[133.46,-3.86],[133.26,-3.8],[133.38,-3.93],[133.25,-4.06],[132.99,-4.11],[132.8,-3.95],[132.73,-3.68],[132.95,-3.54],[132.8,-3.27],[132.67,-3.33],[132.42,-3.0],[132.2,-2.92],[132.07,-2.97],[131.94,-2.78],[132.19,-2.67],[132.72,-2.81],[133.17,-2.42],[133.4,-2.75],[133.65,-2.59],[133.64,-2.89],[133.7,-2.63],[133.77,-2.79],[133.94,-2.73],[133.84,-2.53],[134.1,-2.42],[133.97,-2.04],[132.98,-2.27],[132.21,-2.19],[132.11,-2.04],[132.21,-1.97],[132.02,-1.96],[132.11,-1.65],[131.99,-1.42],[131.79,-1.42],[131.73,-1.57],[131.57,-1.24],[131.47,-1.38],[131.37,-1.23],[131.22,-1.37],[131.32,-1.48],[131.2,-1.53],[130.94,-1.45],[131.31,-0.95],[131.22,-0.83],[131.79,-0.72],[132.17,-0.41],[132.71,-0.35],[133.43,-0.73],[133.97,-0.71],[134.29,-1.34],[134.1,-1.7],[134.15,-2.23],[134.46,-2.85],[134.48,-2.53],[134.64,-2.48],[134.7,-2.96],[134.86,-2.89],[134.81,-3.13],[135.0,-3.33],[135.47,-3.37],[136.04,-3.01],[135.96,-2.83],[136.28,-2.6],[136.4,-2.25],[136.63,-2.33],[137.28,-2.15],[137.32,-1.87],[137.46,-1.83],[137.35,-1.79],[137.69,-1.58],[137.99,-1.67],[137.99,-1.54],[139.77,-2.36],[140.11,-2.31],[140.3,-2.5],[140.71,-2.48],[140.73,-2.64],[141.2,-2.63],[142.08,-3.07],[143.41,-3.41],[144.14,-3.86],[144.53,-3.81],[144.43,-3.97],[145.34,-4.4],[145.81,-4.85],[145.75,-5.45],[146.46,-5.61],[147.0,-5.94],[147.45,-5.97],[147.81,-6.32],[147.86,-6.63],[147.57,-6.74],[147.2,-6.74],[146.89,-6.53],[147.07,-6.71],[146.89,-6.76],[147.18,-7.46],[147.71,-7.94],[148.15,-8.05],[148.24,-8.56],[148.45,-8.67],[148.59,-9.06],[149.28,-9.01],[149.24,-9.49],[150.06,-9.67],[149.72,-9.8],[149.86,-10.01],[150.63,-10.28],[150.87,-10.22],[150.64,-10.35],[150.35,-10.33],[150.7,-10.57],[150.22,-10.7],[149.86,-10.55],[150.14,-10.4],[148.97,-10.29],[148.69,-10.1],[147.72,-10.1],[147.29,-9.5],[147.01,-9.39],[147.04,-9.06],[146.59,-9.0],[146.62,-8.8],[146.16,-8.09],[145.79,-8.0]],[[143.95,-5.98],[143.65,-5.57],[143.67,-5.94],[143.92,-6.13],[143.95,-5.98]],[[142.86,-5.57],[143.2,-5.84],[143.12,-5.95],[143.19,-6.04],[143.3,-5.85],[143.18,-5.54],[143.36,-5.45],[142.86,-5.57]],[[140.98,-4.82],[140.85,-4.83],[140.88,-4.95],[141.42,-5.13],[140.98,-4.82]],[[139.62,-4.26],[139.11,-4.27],[140.11,-4.75],[140.48,-4.72],[140.33,-4.53],[139.84,-4.48],[139.62,-4.26]],[[138.93,-4.2],[138.75,-4.25],[138.18,-3.92],[138.27,-3.78],[137.71,-3.83],[137.67,-4.05],[137.31,-4.03],[137.32,-3.74],[136.6,-4.0],[137.51,-4.21],[137.52,-4.09],[138.4,-4.2],[138.92,-4.39],[138.93,-4.2]]],[[[137.69,-8.38],[137.86,-8.11],[138.01,-8.3],[137.96,-8.06],[138.23,-8.1],[137.87,-7.99],[137.99,-7.77],[138.22,-7.84],[138.1,-7.75],[138.17,-7.52],[138.74,-7.38],[138.94,-7.54],[139.11,-7.57],[138.93,-7.89],[138.95,-8.05],[138.48,-8.32],[137.69,-8.38]]],[[[131.25,-7.73],[131.24,-7.48],[131.45,-7.34],[131.53,-7.14],[131.93,-7.11],[131.97,-7.25],[131.63,-7.26],[131.63,-7.65],[131.34,-7.99],[131.11,-7.99],[131.11,-7.71],[131.25,-7.73]]],[[[134.18,-6.92],[134.05,-6.77],[134.11,-6.46],[134.21,-6.51],[134.09,-6.19],[134.52,-6.6],[134.18,-6.92]]],[[[134.6,-6.37],[134.29,-6.16],[134.38,-5.81],[134.2,-5.73],[134.36,-5.72],[134.49,-5.43],[134.75,-5.67],[134.73,-5.98],[134.6,-5.95],[134.77,-6.11],[134.6,-6.37]]],[[[135.42,-1.6],[136.9,-1.79],[136.54,-1.9],[136.32,-1.86],[135.42,-1.6]]],[[[135.87,-1.19],[135.75,-0.82],[135.65,-0.9],[135.48,-0.75],[135.54,-0.87],[135.42,-0.65],[135.88,-0.72],[136.38,-1.11],[135.87,-1.19]]],[[[148.8,-20.45],[148.69,-20.44],[148.69,-20.45],[148.69,-20.46],[148.72,-20.49],[148.66,-20.59],[148.7,-20.69],[148.84,-20.89],[149.22,-21.06],[149.18,-21.28],[149.34,-21.43],[149.26,-21.48],[149.44,-21.58],[149.45,-21.58],[149.47,-21.53],[149.48,-21.53],[149.43,-21.8],[149.57,-22.17],[149.45,-22.09],[149.33,-22.34],[149.48,-22.79],[149.33,-22.66],[149.2,-21.85],[149.12,-22.03],[149.04,-21.66],[148.94,-21.7],[148.9,-21.43],[148.97,-21.54],[149.01,-21.41],[148.82,-21.36],[148.66,-21.56],[148.39,-21.13],[148.52,-20.9],[148.17,-20.47],[148.31,-20.13],[148.33,-20.14],[148.34,-20.15],[148.35,-20.16],[148.4,-20.16],[148.41,-20.18],[148.56,-20.07],[148.58,-20.2],[148.68,-20.28],[148.77,-20.24],[148.77,-20.3],[148.84,-20.35],[148.84,-20.43],[148.91,-20.48],[148.88,-20.49],[148.8,-20.45]]],[[[148.07,-5.61],[148.03,-5.82],[147.8,-5.67],[147.78,-5.46],[148.07,-5.61]]],[[[147.19,-2.21],[146.51,-2.21],[146.57,-1.99],[147.43,-2.07],[147.19,-2.21]]],[[[151.47,-5.54],[151.5,-5.68],[151.18,-5.95],[150.46,-6.25],[149.61,-6.29],[149.32,-6.05],[149.04,-6.16],[149.03,-6.01],[148.32,-5.69],[148.34,-5.5],[148.42,-5.44],[149.88,-5.52],[150.09,-5.0],[150.19,-5.05],[150.01,-5.28],[150.1,-5.52],[150.9,-5.49],[151.35,-4.91],[151.68,-4.87],[151.49,-4.21],[151.94,-4.34],[152.16,-4.14],[152.17,-4.31],[152.4,-4.34],[152.36,-4.77],[151.94,-5.12],[151.74,-5.04],[152.08,-5.27],[152.08,-5.45],[151.47,-5.54]]],[[[150.43,-2.48],[150.44,-2.66],[150.17,-2.68],[149.94,-2.47],[150.2,-2.37],[150.43,-2.48]]],[[[150.74,-22.62],[150.74,-22.58],[150.77,-22.55],[150.75,-22.52],[150.78,-22.53],[150.78,-22.64],[150.83,-22.68],[150.73,-22.93],[150.75,-23.13],[150.7,-22.95],[150.36,-22.81],[150.5,-22.6],[150.64,-22.67],[150.58,-22.33],[150.66,-22.45],[150.67,-22.35],[150.69,-22.43],[150.75,-22.45],[150.66,-22.49],[150.68,-22.57],[150.74,-22.62]]],[[[150.44,-9.63],[150.43,-9.37],[150.8,-9.41],[150.93,-9.67],[150.44,-9.63]]],[[[152.97,-9.23],[152.5,-9.03],[152.8,-8.97],[153.02,-9.13],[152.97,-9.23]]],[[[157.84,-8.33],[157.88,-8.58],[157.62,-8.49],[157.53,-8.25],[157.21,-8.26],[157.5,-7.97],[157.84,-8.33]]],[[[156.71,-7.95],[156.5,-7.7],[156.58,-7.57],[156.81,-7.73],[156.71,-7.95]]],[[[157.53,-7.38],[157.01,-7.28],[156.48,-6.61],[157.05,-6.91],[157.53,-7.38]]],[[[155.51,-6.84],[155.15,-6.53],[155.2,-6.31],[154.73,-5.93],[154.76,-5.54],[154.61,-5.46],[154.51,-5.13],[154.61,-5.01],[154.68,-5.42],[155.05,-5.54],[155.45,-6.15],[155.81,-6.36],[155.91,-6.8],[155.51,-6.84]]],[[[152.34,-3.64],[151.1,-2.85],[150.62,-2.72],[150.88,-2.68],[150.8,-2.55],[152.05,-3.24],[152.55,-3.81],[152.82,-3.87],[153.11,-4.37],[152.88,-4.85],[152.34,-3.64]]],[[[168.15,-21.45],[168.12,-21.63],[167.86,-21.59],[167.82,-21.38],[168.15,-21.45]]],[[[166.95,-22.09],[167.01,-22.32],[166.74,-22.38],[165.99,-21.7],[165.6,-21.63],[165.25,-21.39],[165.29,-21.26],[164.96,-21.25],[165.0,-21.0],[164.7,-21.05],[164.8,-20.83],[164.46,-20.79],[164.54,-20.68],[164.37,-20.64],[164.41,-20.51],[164.17,-20.5],[164.25,-20.34],[164.1,-20.24],[164.51,-20.3],[165.22,-20.76],[165.63,-21.28],[166.95,-22.09]]],[[[167.02,-20.93],[167.19,-20.81],[167.05,-20.72],[167.27,-20.71],[167.46,-21.05],[167.39,-21.18],[167.02,-20.93]]],[[[168.98,-18.87],[169.04,-18.62],[169.33,-18.9],[169.27,-19.0],[168.98,-18.87]]],[[[168.28,-17.51],[168.59,-17.7],[168.49,-17.82],[168.24,-17.69],[168.28,-17.51]]],[[[168.13,-16.36],[167.92,-16.26],[168.14,-16.09],[168.3,-16.34],[168.13,-16.36]]],[[[167.43,-16.54],[167.38,-16.19],[167.15,-16.09],[167.18,-15.89],[167.77,-16.47],[167.43,-16.54]]],[[[166.82,-15.15],[167.06,-14.94],[167.21,-15.6],[166.76,-15.63],[166.52,-14.84],[166.59,-14.62],[166.82,-15.15]]],[[[162.39,-10.84],[161.62,-10.63],[161.29,-10.22],[162.11,-10.45],[162.39,-10.84]]],[[[159.83,-9.8],[159.6,-9.31],[160.39,-9.43],[160.83,-9.86],[159.83,-9.8]]],[[[160.72,-8.31],[160.98,-8.59],[160.94,-8.81],[161.56,-9.79],[160.81,-9.05],[160.57,-8.34],[160.72,-8.31]]],[[[159.85,-8.33],[159.76,-8.4],[159.9,-8.56],[159.62,-8.36],[158.94,-8.05],[158.46,-7.53],[159.85,-8.33]]],[[[177.66,-18.19],[177.64,-18.05],[178.16,-17.41],[178.58,-17.64],[178.57,-17.97],[178.69,-18.0],[177.66,-18.19]]],[[[179.2,-16.7],[178.79,-16.99],[178.65,-16.79],[179.4,-16.59],[179.51,-16.44],[180.0,-16.17],[179.47,-16.7],[179.93,-16.47],[179.82,-16.67],[179.93,-16.76],[179.2,-16.7]]]]}},{"type":"Feature","properties":{"biome":"Tropical & Subtropical Dry Broadleaf Forests","style":{"fillColor":"#CCCD65"}},"geometry":{"type":"MultiPolygon","coordinates":[[[[-86.53,13.21],[-86.58,13.06],[-86.34,12.84],[-86.09,12.94],[-85.94,12.72],[-85.61,12.9],[-85.27,12.36],[-85.45,12.25],[-85.12,12.19],[-85.17,11.97],[-84.77,11.63],[-84.79,11.24],[-85.17,11.79],[-85.74,12.16],[-86.07,12.19],[-85.88,12.1],[-85.92,11.7],[-85.6,11.25],[-85.52,10.8],[-85.05,10.52],[-84.63,9.76],[-85.21,10.29],[-85.37,10.32],[-85.3,10.11],[-84.93,9.83],[-85.5,10.21],[-85.79,10.1],[-85.87,10.35],[-85.61,10.63],[-85.67,10.81],[-85.95,10.89],[-85.64,11.06],[-86.52,11.77],[-86.74,12.24],[-87.69,12.9],[-87.58,13.08],[-87.36,12.86],[-86.99,12.86],[-87.38,13.17],[-87.39,13.43],[-87.84,13.45],[-87.79,13.27],[-87.94,13.18],[-88.82,13.24],[-89.17,13.46],[-89.81,13.52],[-90.15,13.84],[-90.55,13.93],[-90.03,14.0],[-89.47,13.55],[-88.69,13.52],[-88.57,13.96],[-88.74,14.2],[-88.66,14.29],[-88.54,14.05],[-88.23,14.08],[-88.4,13.88],[-88.32,13.67],[-88.63,13.51],[-88.55,13.37],[-88.21,13.37],[-88.24,13.63],[-87.68,13.86],[-87.82,14.01],[-87.64,13.97],[-87.65,13.61],[-87.41,13.61],[-87.46,13.81],[-87.21,13.73],[-87.25,13.5],[-87.42,13.51],[-87.27,13.36],[-87.18,13.56],[-86.96,13.57],[-87.11,13.78],[-86.96,13.6],[-86.8,13.71],[-86.76,13.98],[-87.0,13.97],[-87.02,14.24],[-87.18,14.24],[-87.17,14.0],[-87.33,14.05],[-87.37,14.25],[-87.03,14.3],[-86.61,13.92],[-86.87,13.49],[-87.06,13.44],[-87.09,13.17],[-86.53,13.21]],[[-86.42,11.96],[-86.24,11.71],[-85.9,11.64],[-86.17,11.88],[-86.1,12.03],[-86.42,11.96]]],[[[-90.58,14.09],[-90.52,14.03],[-91.24,13.95],[-91.79,14.24],[-91.55,14.52],[-90.58,14.09]]],[[[-89.2,14.06],[-89.46,14.0],[-89.54,14.21],[-89.75,14.15],[-89.73,14.38],[-89.96,14.53],[-89.61,14.7],[-89.7,14.41],[-89.57,14.46],[-89.2,14.06]]],[[[-87.71,15.05],[-87.55,15.12],[-87.19,14.9],[-87.31,14.54],[-87.0,14.37],[-87.35,14.52],[-87.24,14.87],[-87.53,15.04],[-87.68,14.88],[-87.58,14.81],[-87.57,14.22],[-87.74,14.51],[-87.64,14.74],[-87.86,14.91],[-87.8,15.12],[-87.99,14.98],[-88.0,15.19],[-88.21,14.96],[-88.23,14.82],[-87.96,14.72],[-87.98,14.46],[-88.12,14.71],[-88.35,14.74],[-88.32,14.98],[-88.56,14.96],[-88.66,14.75],[-88.61,14.97],[-88.25,15.04],[-88.32,15.26],[-88.86,15.01],[-88.53,15.4],[-88.08,15.4],[-88.01,15.66],[-87.83,15.74],[-87.66,15.59],[-87.84,15.21],[-87.51,15.3],[-87.71,15.05]]],[[[-92.5,15.05],[-92.6,14.99],[-93.44,15.72],[-92.43,15.14],[-91.79,14.44],[-92.24,14.54],[-92.23,14.69],[-92.63,14.92],[-92.5,15.05]]],[[[-86.74,15.02],[-86.94,15.12],[-86.84,15.34],[-87.09,15.35],[-87.14,15.15],[-87.28,15.15],[-87.28,15.29],[-87.12,15.4],[-86.43,15.5],[-86.38,15.14],[-86.65,15.31],[-86.56,15.44],[-86.87,15.25],[-86.74,15.02]]],[[[-93.45,16.14],[-93.3,16.34],[-93.59,16.33],[-93.34,16.51],[-93.45,16.61],[-93.94,16.32],[-93.76,16.32],[-93.4,15.77],[-93.62,15.8],[-93.93,15.98],[-93.92,16.11],[-94.62,16.23],[-94.59,16.36],[-94.79,16.27],[-94.86,16.43],[-95.06,16.27],[-94.81,16.27],[-95.1,16.24],[-94.85,16.21],[-96.23,15.67],[-96.85,15.72],[-97.2,15.95],[-97.8,15.96],[-98.77,16.54],[-99.69,16.7],[-100.38,17.11],[-101.06,17.27],[-101.84,17.91],[-102.22,17.93],[-103.48,18.32],[-103.76,18.74],[-104.96,19.31],[-105.7,20.4],[-105.26,20.58],[-105.29,20.75],[-105.55,20.79],[-105.19,21.27],[-105.21,21.49],[-105.46,21.63],[-105.33,21.87],[-105.44,22.0],[-105.27,22.13],[-105.35,22.31],[-105.61,22.3],[-105.54,22.53],[-105.74,22.7],[-105.67,22.28],[-105.91,22.85],[-106.04,22.82],[-106.81,23.66],[-106.74,23.78],[-106.82,23.71],[-107.16,24.17],[-107.47,24.31],[-107.48,24.63],[-107.71,24.54],[-107.94,24.68],[-107.92,24.87],[-107.7,24.87],[-107.93,24.92],[-107.97,25.31],[-107.98,25.04],[-108.35,25.33],[-108.76,25.37],[-108.7,25.53],[-108.86,25.6],[-109.07,25.49],[-109.01,25.64],[-109.42,25.94],[-109.27,26.17],[-109.31,26.57],[-109.78,26.72],[-109.96,27.1],[-110.52,27.29],[-110.57,27.8],[-110.16,27.57],[-109.96,27.61],[-109.94,27.94],[-110.19,28.25],[-110.04,28.49],[-110.59,28.5],[-110.64,28.77],[-110.53,28.97],[-110.71,29.07],[-110.47,29.09],[-110.46,28.91],[-110.21,29.17],[-110.68,30.04],[-110.54,30.08],[-110.2,29.55],[-110.48,30.06],[-110.46,30.21],[-110.15,30.26],[-110.02,29.67],[-109.89,29.68],[-110.01,29.46],[-109.83,29.62],[-109.8,29.42],[-109.69,29.48],[-109.87,29.94],[-109.71,29.84],[-109.67,29.38],[-109.52,29.38],[-109.33,29.78],[-109.42,30.03],[-109.21,29.78],[-109.09,29.95],[-109.18,29.57],[-109.01,29.75],[-108.94,29.55],[-108.79,29.55],[-108.76,29.32],[-108.9,29.36],[-108.74,29.05],[-108.55,29.2],[-108.68,29.07],[-108.58,28.87],[-108.76,28.75],[-108.77,29.08],[-109.21,29.47],[-109.16,29.23],[-109.17,29.35],[-108.97,29.19],[-109.09,29.03],[-108.92,28.83],[-109.05,28.88],[-109.0,28.59],[-109.23,27.94],[-109.12,27.71],[-108.95,27.8],[-108.91,27.66],[-108.94,27.98],[-108.67,28.15],[-108.74,27.97],[-108.52,28.05],[-108.59,28.25],[-108.4,28.28],[-108.48,28.21],[-108.45,28.09],[-108.28,28.06],[-108.61,27.96],[-108.74,27.68],[-108.53,27.57],[-108.23,27.88],[-108.0,27.84],[-108.33,27.77],[-108.43,27.54],[-108.22,27.55],[-108.48,27.34],[-108.3,27.29],[-108.47,27.07],[-107.92,27.05],[-107.94,27.21],[-107.82,27.41],[-107.78,26.91],[-107.64,27.15],[-107.55,26.77],[-106.93,26.62],[-107.23,26.63],[-107.15,26.56],[-107.18,26.5],[-107.54,26.71],[-107.56,26.53],[-107.98,26.88],[-108.23,26.84],[-108.04,26.63],[-108.23,26.67],[-108.26,26.47],[-108.05,26.5],[-108.24,26.09],[-107.93,26.11],[-107.94,26.27],[-107.76,26.2],[-107.87,26.32],[-107.4,26.13],[-107.49,25.95],[-107.74,26.15],[-107.81,26.0],[-107.47,25.53],[-107.43,25.59],[-107.33,25.59],[-107.46,25.98],[-107.31,26.04],[-107.29,25.9],[-107.29,26.15],[-107.1,26.16],[-107.13,25.88],[-106.92,25.77],[-107.3,25.85],[-107.15,25.81],[-107.32,25.67],[-107.28,25.48],[-107.42,25.56],[-107.49,25.49],[-107.23,25.39],[-107.16,25.7],[-107.21,25.42],[-107.08,25.48],[-107.21,25.36],[-107.0,25.3],[-106.71,25.38],[-106.73,25.67],[-106.54,25.68],[-106.67,25.44],[-106.45,25.46],[-106.66,25.4],[-106.49,25.33],[-106.69,25.36],[-107.2,25.18],[-107.05,25.01],[-107.04,25.18],[-106.7,25.28],[-106.95,25.06],[-106.57,25.22],[-106.74,25.07],[-106.61,25.03],[-106.87,24.97],[-106.73,24.94],[-106.9,24.82],[-106.72,24.68],[-106.38,25.03],[-106.48,24.74],[-106.09,24.99],[-106.4,24.7],[-105.96,24.8],[-106.18,24.59],[-105.77,24.6],[-105.94,24.5],[-106.37,24.61],[-106.22,24.46],[-106.54,24.4],[-106.41,24.35],[-106.58,24.23],[-106.49,24.07],[-106.3,24.34],[-106.29,24.23],[-106.11,24.3],[-106.33,24.16],[-106.29,24.05],[-105.66,24.27],[-106.32,23.76],[-106.22,23.67],[-105.99,23.92],[-105.55,24.04],[-105.62,23.82],[-105.97,23.74],[-106.05,23.45],[-105.81,23.44],[-105.93,23.33],[-105.84,23.14],[-105.53,23.13],[-105.6,23.04],[-105.35,22.91],[-105.23,23.55],[-105.2,23.08],[-104.97,23.06],[-104.52,23.35],[-104.42,23.27],[-104.43,23.12],[-105.24,22.93],[-105.13,22.42],[-104.92,22.7],[-104.83,22.68],[-105.02,22.31],[-104.69,21.89],[-104.53,22.57],[-104.64,22.77],[-104.52,22.61],[-104.33,22.76],[-104.51,22.15],[-104.43,21.94],[-104.48,21.93],[-104.61,21.75],[-104.44,21.48],[-104.35,21.53],[-104.37,21.36],[-104.2,21.25],[-104.22,21.55],[-104.16,21.23],[-104.04,21.23],[-103.8,22.45],[-103.66,22.46],[-103.66,22.14],[-103.41,22.11],[-103.36,22.03],[-103.56,22.11],[-103.77,21.94],[-103.77,21.45],[-104.0,21.15],[-103.76,21.18],[-103.83,21.0],[-103.54,21.0],[-103.55,21.25],[-103.44,21.16],[-103.15,21.45],[-103.01,21.42],[-103.1,21.02],[-103.38,21.01],[-103.29,20.75],[-102.91,20.85],[-102.55,20.68],[-103.0,21.01],[-102.83,21.38],[-101.48,21.09],[-101.0,20.68],[-100.66,20.78],[-100.39,20.66],[-100.43,19.73],[-100.66,20.0],[-100.83,19.77],[-101.32,19.63],[-101.27,19.85],[-101.46,19.88],[-101.19,20.0],[-101.32,20.11],[-102.24,19.81],[-102.37,19.95],[-102.61,19.88],[-102.6,19.72],[-102.74,19.8],[-102.67,19.93],[-102.9,19.92],[-102.82,19.96],[-102.84,20.08],[-102.95,19.97],[-103.33,20.05],[-103.46,19.97],[-103.43,19.65],[-102.99,19.8],[-103.22,19.51],[-103.43,19.5],[-103.35,18.99],[-103.04,19.19],[-103.12,19.53],[-102.99,19.44],[-102.82,19.69],[-102.44,19.57],[-102.55,19.38],[-102.42,19.16],[-101.86,19.3],[-101.92,19.07],[-101.73,19.02],[-101.47,18.6],[-101.22,18.71],[-101.63,19.05],[-101.27,19.22],[-101.26,19.05],[-101.12,19.05],[-101.11,19.23],[-101.04,19.07],[-100.87,19.1],[-100.99,19.58],[-100.74,19.15],[-100.61,19.42],[-100.42,19.46],[-100.35,19.2],[-100.48,19.23],[-100.47,19.1],[-100.09,18.83],[-100.43,18.64],[-100.27,18.72],[-100.21,18.53],[-100.13,18.69],[-100.04,18.57],[-99.95,18.76],[-99.82,18.44],[-99.97,18.49],[-99.94,18.36],[-99.61,18.52],[-99.22,18.32],[-99.19,18.52],[-99.44,18.47],[-99.76,18.74],[-99.17,19.0],[-98.57,18.78],[-98.42,18.91],[-98.35,18.7],[-97.94,18.82],[-97.86,18.58],[-98.09,18.51],[-98.16,18.29],[-97.94,18.45],[-97.66,18.12],[-97.77,17.98],[-97.94,18.12],[-97.82,17.89],[-97.94,17.98],[-97.88,17.86],[-98.13,17.74],[-97.88,17.71],[-97.74,17.9],[-97.74,17.76],[-97.48,17.76],[-97.46,17.64],[-97.95,17.66],[-98.1,17.46],[-98.18,17.93],[-98.37,18.0],[-98.33,17.76],[-98.54,17.79],[-98.52,17.33],[-98.69,17.51],[-98.59,17.79],[-98.88,18.01],[-98.91,17.58],[-98.93,17.73],[-99.07,17.69],[-99.02,17.84],[-99.18,17.79],[-99.14,17.6],[-99.3,17.8],[-99.39,17.49],[-99.07,17.38],[-99.24,17.23],[-99.33,17.45],[-99.47,17.34],[-99.64,17.7],[-99.77,17.69],[-99.69,17.9],[-99.83,17.79],[-99.93,17.9],[-99.92,17.61],[-100.09,17.76],[-100.16,17.55],[-100.26,18.06],[-100.42,17.71],[-100.46,17.97],[-100.54,17.78],[-100.51,17.97],[-100.62,18.04],[-100.53,17.92],[-100.66,17.77],[-100.82,18.14],[-101.07,18.0],[-100.93,18.15],[-101.16,18.37],[-101.32,18.23],[-101.55,18.43],[-101.67,18.1],[-101.5,18.05],[-101.33,17.67],[-101.15,17.64],[-101.3,17.76],[-101.12,17.85],[-101.14,17.47],[-100.98,17.62],[-100.99,17.38],[-100.74,17.45],[-100.78,17.27],[-100.64,17.3],[-100.65,17.52],[-100.56,17.34],[-100.32,17.37],[-99.88,17.05],[-99.64,17.16],[-99.79,17.39],[-99.48,17.27],[-99.49,17.13],[-99.18,17.23],[-99.27,17.1],[-98.86,16.8],[-98.47,16.95],[-98.5,16.83],[-98.14,16.78],[-97.93,16.95],[-97.77,16.55],[-97.93,16.75],[-98.01,16.55],[-97.7,16.34],[-97.43,16.95],[-97.57,16.61],[-97.53,16.51],[-97.43,16.63],[-97.44,16.44],[-97.59,16.33],[-97.13,16.0],[-96.67,16.07],[-96.78,15.93],[-96.33,15.92],[-95.72,16.09],[-95.96,16.21],[-95.82,16.33],[-96.07,16.3],[-95.97,16.5],[-96.2,16.51],[-96.24,16.62],[-96.42,16.31],[-96.79,16.43],[-96.8,17.1],[-97.0,17.34],[-96.32,16.94],[-96.61,16.87],[-96.7,17.02],[-96.74,16.61],[-96.53,16.58],[-96.59,16.44],[-96.44,16.46],[-96.53,16.72],[-96.23,16.7],[-96.21,16.95],[-96.07,16.7],[-95.98,16.89],[-95.46,16.66],[-95.13,16.85],[-94.91,16.65],[-94.71,16.79],[-94.45,16.6],[-94.39,16.73],[-94.03,16.36],[-93.85,16.88],[-93.7,16.77],[-93.64,16.89],[-93.15,16.84],[-93.24,17.1],[-92.94,17.08],[-93.1,16.85],[-92.66,16.58],[-92.61,16.39],[-92.41,16.42],[-92.22,16.15],[-91.91,16.09],[-91.7,15.8],[-91.91,15.45],[-92.5,15.68],[-92.42,15.85],[-92.65,16.05],[-92.77,16.09],[-92.8,15.94],[-93.09,16.15],[-93.45,16.14]],[[-103.26,18.71],[-103.51,18.69],[-103.13,18.54],[-103.37,18.4],[-102.95,18.25],[-102.76,18.33],[-102.96,18.6],[-102.8,18.69],[-102.93,18.98],[-103.13,18.87],[-103.02,18.76],[-103.22,18.75],[-103.0,19.08],[-103.28,18.89],[-103.26,18.71]],[[-102.74,18.33],[-102.65,18.16],[-102.15,18.23],[-102.39,18.42],[-102.29,18.5],[-102.5,18.53],[-102.42,18.81],[-102.75,18.83],[-102.76,18.33],[-102.74,18.33]],[[-104.95,20.88],[-104.87,21.05],[-105.0,21.25],[-104.89,21.29],[-104.25,21.07],[-104.52,21.44],[-104.51,21.29],[-104.88,21.36],[-104.89,21.58],[-105.05,21.63],[-105.12,21.51],[-104.95,20.88]],[[-105.51,20.44],[-105.16,20.03],[-105.08,20.19],[-105.07,19.85],[-104.86,19.63],[-104.65,19.88],[-104.72,19.55],[-104.35,19.63],[-104.33,19.46],[-104.1,19.39],[-104.07,19.09],[-103.93,19.27],[-103.99,19.49],[-103.88,19.33],[-103.87,19.44],[-104.12,19.69],[-104.47,19.74],[-104.33,19.86],[-104.36,20.17],[-104.04,20.27],[-103.9,20.19],[-104.01,19.98],[-103.86,19.78],[-103.73,19.83],[-103.72,19.39],[-103.45,19.48],[-103.66,19.98],[-103.58,20.13],[-104.54,20.82],[-104.47,20.51],[-104.8,20.98],[-104.75,20.8],[-105.07,20.73],[-104.95,20.66],[-105.51,20.44]],[[-103.71,20.66],[-103.83,20.57],[-103.72,20.45],[-103.43,20.59],[-103.54,20.78],[-103.36,20.77],[-103.47,21.02],[-103.69,20.71],[-103.97,21.07],[-104.65,21.01],[-104.17,20.8],[-104.01,20.96],[-104.05,20.74],[-104.36,20.79],[-104.01,20.51],[-103.95,20.76],[-103.71,20.66]],[[-95.61,16.51],[-95.85,16.75],[-96.01,16.54],[-95.77,16.4],[-95.61,16.51]],[[-98.65,18.08],[-98.6,17.87],[-98.46,18.04],[-99.02,18.23],[-98.9,18.03],[-98.65,18.08]],[[-108.53,26.99],[-108.5,27.31],[-108.8,27.66],[-108.64,27.41],[-108.67,27.2],[-108.79,27.24],[-108.61,27.11],[-108.7,26.99],[-108.53,26.99]],[[-109.16,28.49],[-109.18,28.7],[-109.43,28.75],[-109.39,28.51],[-109.16,28.49]]],[[[-104.17,22.18],[-104.18,22.67],[-104.02,22.57],[-104.09,22.9],[-103.93,22.84],[-103.9,22.36],[-104.02,22.48],[-104.07,22.14],[-104.26,22.0],[-104.11,21.98],[-104.43,21.94],[-104.17,22.18]]],[[[-97.38,17.55],[-97.14,17.5],[-97.25,17.02],[-97.4,17.02],[-97.38,17.55]]],[[[-97.04,17.77],[-97.25,18.04],[-97.47,18.01],[-97.48,18.16],[-97.16,18.15],[-97.32,18.5],[-96.88,18.01],[-96.81,17.67],[-96.82,17.39],[-96.98,17.67],[-97.0,17.4],[-97.13,17.51],[-97.04,17.77]]],[[[-96.78,19.05],[-96.72,19.57],[-96.48,19.69],[-96.02,18.98],[-96.19,18.8],[-96.04,18.74],[-96.06,18.55],[-96.29,18.53],[-96.78,19.05]]],[[[-155.66,18.95],[-155.89,19.09],[-156.03,19.7],[-155.67,19.97],[-155.88,20.26],[-155.34,19.89],[-155.27,19.39],[-154.97,19.36],[-155.66,18.95]],[[-155.79,19.36],[-155.74,19.17],[-155.39,19.49],[-155.57,19.76],[-155.79,19.36]]],[[[-87.73,21.0],[-87.66,21.14],[-87.54,20.9],[-87.98,20.31],[-88.89,19.94],[-89.26,19.44],[-90.21,19.26],[-90.32,19.52],[-90.45,19.24],[-90.59,19.38],[-90.74,19.08],[-91.05,19.05],[-90.68,19.31],[-90.69,19.67],[-90.39,19.94],[-90.3,20.77],[-89.82,21.26],[-88.15,21.57],[-87.83,21.32],[-87.99,21.13],[-87.73,21.0]]],[[[-156.38,20.8],[-156.43,20.85],[-156.54,20.8],[-156.65,20.84],[-156.69,20.94],[-156.62,21.03],[-156.57,20.82],[-156.55,21.0],[-156.47,20.9],[-156.3,20.94],[-156.34,20.67],[-156.04,20.66],[-156.43,20.6],[-156.38,20.8]]],[[[-109.71,23.07],[-109.86,22.9],[-110.05,23.08],[-110.24,23.82],[-110.18,24.26],[-110.01,24.13],[-110.01,23.81],[-109.82,23.96],[-109.68,23.67],[-109.71,23.07]],[[-109.82,23.6],[-110.03,23.75],[-109.96,23.14],[-109.81,23.2],[-109.82,23.6]]],[[[-110.56,29.62],[-110.66,29.55],[-110.81,30.04],[-110.74,30.09],[-110.64,29.95],[-110.56,29.62]]],[[[-79.93,-3.62],[-79.8,-3.66],[-80.16,-3.82],[-80.43,-3.78],[-80.31,-4.01],[-80.09,-3.88],[-80.27,-4.05],[-80.47,-4.09],[-80.31,-4.2],[-80.41,-4.36],[-80.04,-4.23],[-80.13,-4.29],[-79.88,-4.4],[-79.8,-4.48],[-79.64,-4.42],[-79.58,-4.48],[-79.8,-4.55],[-79.89,-4.42],[-79.83,-4.74],[-80.09,-4.66],[-80.13,-4.85],[-79.94,-5.12],[-79.64,-5.2],[-79.67,-5.59],[-79.39,-5.7],[-79.1,-6.55],[-79.18,-6.83],[-78.82,-7.46],[-78.96,-7.57],[-79.31,-7.33],[-79.37,-6.81],[-79.73,-6.39],[-80.55,-5.97],[-80.86,-5.24],[-81.33,-4.67],[-81.25,-4.27],[-80.79,-3.75],[-80.0,-3.43],[-79.64,-2.8],[-79.76,-3.23],[-79.6,-3.32],[-79.93,-3.62]]],[[[-79.99,-2.71],[-79.9,-2.77],[-80.27,-3.02],[-80.22,-2.77],[-79.99,-2.71]]],[[[-80.32,-3.05],[-80.38,-2.92],[-80.27,-3.02],[-80.32,-3.05]]],[[[-80.63,-1.98],[-80.26,-2.24],[-80.25,-2.74],[-81.01,-2.19],[-80.63,-1.98]]],[[[-79.62,-2.12],[-79.42,-1.91],[-79.26,-2.1],[-79.54,-2.59],[-79.62,-2.12]]],[[[-80.19,-2.11],[-80.77,-1.77],[-80.74,-1.36],[-80.91,-1.05],[-80.59,-0.93],[-80.5,-1.13],[-80.35,-1.09],[-80.48,-0.68],[-80.1,-0.82],[-80.49,-0.39],[-80.03,0.16],[-79.58,-0.18],[-79.96,-0.62],[-79.91,-0.94],[-80.12,-1.16],[-79.98,-1.28],[-80.19,-2.11]]],[[[-76.93,2.35],[-76.8,2.35],[-77.0,2.09],[-76.99,1.81],[-77.12,1.72],[-77.18,1.86],[-77.26,1.69],[-77.13,1.67],[-77.37,1.6],[-77.22,1.44],[-77.41,1.58],[-77.49,1.29],[-77.45,1.57],[-77.67,1.85],[-77.4,1.62],[-77.26,2.04],[-76.93,2.35]]],[[[-74.31,2.94],[-74.36,3.05],[-74.22,2.86],[-74.23,3.03],[-74.11,3.03],[-74.03,2.7],[-74.5,2.72],[-74.54,2.94],[-74.31,2.94]]],[[[-74.34,5.01],[-74.52,4.92],[-74.62,5.33],[-74.58,4.93],[-74.76,4.59],[-74.62,4.82],[-74.63,4.54],[-74.52,4.75],[-74.38,4.62],[-74.62,4.35],[-74.44,4.32],[-74.48,4.12],[-74.57,4.23],[-74.61,3.91],[-75.08,3.42],[-74.88,3.31],[-74.98,3.05],[-75.65,2.05],[-75.95,2.0],[-75.67,2.3],[-75.84,2.49],[-75.56,2.57],[-75.67,2.58],[-75.35,3.24],[-75.47,3.12],[-75.39,3.51],[-75.56,3.34],[-75.59,3.75],[-75.33,3.9],[-75.27,4.09],[-75.39,4.04],[-75.39,4.17],[-75.04,4.53],[-74.98,5.26],[-74.67,5.39],[-74.72,5.28],[-74.67,5.35],[-74.54,5.36],[-74.53,5.2],[-74.48,5.37],[-74.34,5.01]]],[[[-73.31,4.63],[-73.28,4.4],[-73.09,4.63],[-73.34,4.08],[-73.73,3.88],[-73.67,4.27],[-73.31,4.63]]],[[[-75.85,6.06],[-75.7,6.0],[-75.81,5.93],[-75.58,5.75],[-75.47,5.91],[-75.52,5.73],[-75.36,5.67],[-75.58,5.71],[-75.62,5.09],[-75.89,4.85],[-75.83,4.63],[-75.89,4.75],[-76.31,3.82],[-76.29,3.18],[-76.52,3.0],[-76.66,3.08],[-76.42,3.93],[-75.61,5.47],[-75.71,5.81],[-75.99,5.83],[-75.87,6.0],[-75.89,7.02],[-75.63,7.29],[-75.49,7.23],[-75.83,6.85],[-75.85,6.06]]],[[[-80.81,8.11],[-80.56,8.31],[-80.6,8.57],[-80.14,8.52],[-79.86,8.66],[-79.77,8.58],[-80.24,8.3],[-80.42,8.37],[-80.59,8.15],[-80.0,7.49],[-80.56,7.68],[-80.81,8.11]]],[[[-73.49,9.08],[-73.63,9.1],[-73.58,8.62],[-73.71,8.92],[-73.61,9.36],[-74.26,9.24],[-74.61,9.69],[-74.64,10.01],[-75.25,10.13],[-74.97,10.49],[-74.76,10.53],[-74.81,11.04],[-74.53,10.64],[-74.34,10.7],[-74.24,11.04],[-74.21,10.87],[-74.01,10.97],[-74.04,10.66],[-73.88,10.69],[-74.03,10.59],[-73.79,10.56],[-73.98,10.44],[-73.71,10.49],[-73.78,10.25],[-73.52,10.32],[-73.46,10.66],[-73.29,10.64],[-73.39,10.74],[-73.11,10.93],[-73.15,11.08],[-73.1,10.95],[-73.11,10.81],[-73.61,10.0],[-73.47,9.85],[-73.18,9.96],[-73.49,9.08]]],[[[-73.81,10.99],[-73.82,11.15],[-74.03,11.1],[-73.96,11.23],[-73.25,11.16],[-73.45,11.02],[-73.52,11.15],[-73.68,11.0],[-73.71,11.11],[-73.81,10.99]]],[[[-85.75,13.39],[-85.93,13.43],[-85.79,13.8],[-85.91,13.91],[-85.68,13.8],[-85.75,13.39]]],[[[-86.39,13.97],[-86.49,14.15],[-86.22,14.11],[-86.13,14.32],[-86.27,14.28],[-85.93,14.72],[-86.31,14.32],[-86.69,14.23],[-86.34,14.34],[-86.23,14.58],[-86.6,14.55],[-86.84,14.81],[-86.43,14.6],[-86.19,14.82],[-86.56,14.9],[-86.19,14.94],[-86.07,14.76],[-85.73,14.98],[-85.79,14.42],[-86.39,13.97]]],[[[-85.8,15.16],[-86.17,15.21],[-85.83,15.42],[-85.71,15.37],[-85.8,15.16]]],[[[-77.83,17.94],[-76.87,18.0],[-76.95,17.83],[-77.14,17.92],[-77.18,17.7],[-77.83,17.94]]],[[[-79.36,22.41],[-78.78,22.39],[-78.51,21.96],[-78.35,22.04],[-78.45,22.17],[-78.16,22.11],[-76.91,21.29],[-75.69,21.09],[-75.74,20.9],[-75.58,20.88],[-75.46,20.75],[-75.61,20.86],[-75.77,20.83],[-75.54,20.75],[-75.88,20.46],[-75.72,20.34],[-75.34,20.39],[-74.5,20.17],[-75.23,20.23],[-75.41,19.9],[-75.55,20.15],[-76.39,20.34],[-77.35,20.03],[-76.05,19.98],[-77.62,19.88],[-77.47,20.15],[-77.06,20.32],[-77.07,20.7],[-78.1,20.79],[-78.4,21.06],[-78.43,21.48],[-78.64,21.73],[-79.28,21.6],[-80.27,21.92],[-80.46,22.18],[-80.63,22.14],[-81.41,22.67],[-82.16,22.77],[-82.74,22.75],[-83.38,22.24],[-83.69,22.45],[-83.8,22.3],[-83.61,22.25],[-83.81,22.2],[-83.87,22.33],[-83.8,22.44],[-83.39,22.65],[-83.52,22.72],[-82.94,22.83],[-83.36,22.87],[-83.28,22.94],[-82.51,23.06],[-82.78,22.84],[-82.9,22.83],[-83.28,22.67],[-83.19,22.55],[-82.94,22.79],[-82.43,22.83],[-82.54,22.96],[-82.4,23.12],[-80.69,23.06],[-79.63,22.73],[-79.36,22.41]],[[-77.95,21.18],[-77.92,20.93],[-77.56,20.85],[-77.67,21.19],[-77.99,21.29],[-78.15,21.11],[-77.95,21.18]],[[-79.17,21.87],[-78.82,21.89],[-78.83,22.12],[-79.68,22.45],[-78.99,22.11],[-79.15,22.13],[-79.17,21.87]],[[-80.3,22.02],[-80.17,21.9],[-79.62,21.81],[-79.49,21.95],[-79.91,22.2],[-80.3,22.02]]],[[[-80.93,22.07],[-81.09,22.12],[-81.23,22.3],[-81.36,22.21],[-81.38,22.34],[-81.61,22.39],[-81.27,22.36],[-81.08,22.16],[-80.63,22.14],[-80.93,22.07]]],[[[-82.88,21.44],[-83.18,21.58],[-82.71,21.67],[-82.57,21.57],[-82.88,21.44]]],[[[-84.96,21.86],[-84.37,22.01],[-84.03,21.98],[-84.47,21.79],[-84.51,21.93],[-84.96,21.86]]],[[[-64.09,-20.8],[-63.88,-20.71],[-63.87,-20.92],[-64.1,-20.86],[-64.18,-20.73],[-64.17,-21.0],[-64.08,-20.91],[-63.93,-21.13],[-64.09,-20.97],[-64.18,-21.2],[-64.43,-21.2],[-64.68,-20.96],[-64.71,-21.11],[-65.0,-21.08],[-65.08,-22.01],[-65.3,-21.87],[-65.6,-22.04],[-65.45,-21.83],[-65.64,-21.51],[-65.81,-21.66],[-65.73,-21.44],[-65.88,-21.24],[-65.32,-21.73],[-65.47,-21.25],[-65.39,-20.76],[-65.73,-20.99],[-65.89,-20.78],[-66.08,-20.87],[-65.87,-20.18],[-65.75,-20.13],[-65.64,-20.44],[-65.45,-20.14],[-65.43,-20.58],[-65.22,-20.33],[-64.98,-20.35],[-65.07,-20.66],[-64.88,-20.88],[-64.54,-20.9],[-64.53,-20.77],[-64.34,-21.03],[-64.23,-20.88],[-64.45,-20.46],[-64.71,-20.64],[-64.73,-20.44],[-64.91,-20.56],[-64.92,-20.3],[-65.12,-20.02],[-65.05,-19.81],[-64.86,-19.77],[-64.94,-19.46],[-65.42,-19.83],[-65.46,-19.24],[-65.62,-19.09],[-65.47,-19.01],[-65.3,-19.14],[-65.28,-18.96],[-64.75,-19.4],[-64.46,-19.88],[-64.2,-19.91],[-64.09,-20.8]]],[[[-65.34,-17.71],[-63.66,-17.98],[-63.68,-18.29],[-63.55,-18.26],[-63.72,-18.34],[-63.7,-18.15],[-63.89,-18.05],[-64.03,-18.71],[-63.98,-18.83],[-63.76,-18.64],[-63.75,-18.93],[-64.0,-18.91],[-63.91,-19.13],[-63.69,-19.06],[-63.72,-19.26],[-63.9,-19.19],[-64.06,-19.46],[-64.27,-19.2],[-64.38,-19.33],[-64.44,-18.71],[-64.59,-18.8],[-64.5,-19.35],[-64.61,-19.4],[-65.22,-18.9],[-65.29,-18.58],[-65.3,-18.87],[-65.51,-18.98],[-65.8,-18.52],[-66.19,-18.4],[-65.91,-18.4],[-66.48,-18.17],[-66.65,-17.75],[-66.43,-17.64],[-66.69,-17.45],[-66.24,-17.24],[-65.97,-17.45],[-65.74,-17.34],[-65.68,-17.55],[-65.9,-17.73],[-66.13,-17.63],[-66.03,-17.72],[-65.58,-17.84],[-65.33,-18.11],[-65.34,-17.71]]],[[[-67.05,-16.68],[-66.79,-16.73],[-66.5,-17.16],[-67.14,-17.24],[-67.01,-16.79],[-67.15,-16.83],[-67.05,-16.68]]],[[[-68.08,-16.58],[-67.93,-16.5],[-67.79,-16.66],[-67.46,-16.66],[-67.62,-17.13],[-67.9,-17.0],[-68.08,-16.58]]],[[[-67.4,-16.55],[-67.2,-15.98],[-67.11,-16.13],[-67.17,-16.48],[-67.4,-16.55]]],[[[-58.04,-14.83],[-57.95,-14.5],[-57.27,-14.19],[-56.71,-14.27],[-56.75,-14.85],[-57.19,-15.11],[-57.15,-15.37],[-57.76,-16.28],[-57.82,-15.55],[-58.07,-15.79],[-58.05,-15.68],[-58.25,-15.71],[-58.63,-15.47],[-59.16,-15.64],[-59.36,-15.46],[-59.34,-15.16],[-59.52,-14.91],[-59.78,-14.83],[-59.83,-14.98],[-59.42,-15.14],[-59.43,-15.25],[-59.87,-15.21],[-60.19,-15.47],[-60.56,-15.07],[-60.69,-15.15],[-60.44,-15.51],[-60.57,-15.7],[-60.78,-15.6],[-61.05,-15.72],[-60.83,-15.95],[-60.83,-15.78],[-60.7,-15.84],[-60.48,-16.13],[-60.56,-16.2],[-59.96,-16.34],[-59.27,-16.28],[-59.32,-16.45],[-59.96,-16.39],[-60.15,-16.56],[-59.74,-16.8],[-59.24,-16.64],[-59.61,-16.91],[-59.39,-16.97],[-59.57,-17.16],[-59.45,-17.37],[-58.55,-17.03],[-58.92,-17.51],[-58.91,-17.72],[-57.61,-17.37],[-57.59,-17.62],[-57.4,-17.47],[-57.41,-18.45],[-57.78,-18.89],[-57.41,-19.06],[-57.43,-19.41],[-57.6,-19.2],[-58.33,-19.18],[-58.99,-18.63],[-59.61,-18.44],[-60.56,-17.54],[-60.74,-17.74],[-60.48,-17.97],[-60.52,-18.1],[-61.7,-17.97],[-61.81,-17.8],[-61.86,-17.96],[-63.05,-18.18],[-63.41,-17.49],[-64.17,-16.9],[-63.59,-16.99],[-63.6,-16.54],[-63.4,-16.88],[-63.25,-16.8],[-62.92,-17.07],[-63.59,-16.14],[-63.34,-15.9],[-63.67,-15.62],[-63.43,-15.62],[-63.12,-16.01],[-63.29,-15.36],[-63.14,-15.25],[-62.67,-15.84],[-62.89,-15.4],[-62.87,-14.98],[-62.31,-15.61],[-62.59,-15.08],[-62.6,-14.66],[-62.37,-14.51],[-62.12,-14.93],[-62.05,-14.66],[-61.8,-14.88],[-62.09,-14.33],[-62.04,-13.96],[-61.7,-14.05],[-61.41,-14.52],[-61.12,-14.62],[-61.4,-14.03],[-61.27,-14.17],[-61.18,-14.05],[-61.54,-13.6],[-60.83,-13.82],[-60.73,-14.01],[-60.83,-14.44],[-60.26,-14.9],[-60.52,-14.22],[-60.67,-14.25],[-60.38,-14.04],[-60.45,-13.9],[-60.96,-13.44],[-61.35,-13.47],[-61.5,-13.32],[-61.45,-13.13],[-60.97,-13.05],[-61.22,-12.79],[-61.16,-12.67],[-60.77,-12.99],[-60.18,-12.92],[-60.04,-13.19],[-59.94,-12.45],[-59.65,-12.96],[-59.61,-13.56],[-59.4,-13.68],[-59.77,-13.88],[-59.11,-14.87],[-58.53,-15.09],[-58.04,-14.83]],[[-57.98,-17.59],[-58.03,-17.73],[-58.27,-17.72],[-58.13,-18.0],[-57.76,-18.13],[-57.66,-18.01],[-57.98,-17.59]],[[-57.75,-18.68],[-58.2,-18.83],[-58.07,-18.9],[-58.17,-19.0],[-57.82,-18.91],[-57.75,-18.68]],[[-59.47,-14.71],[-59.9,-14.38],[-59.94,-14.55],[-59.77,-14.77],[-59.47,-14.71]],[[-61.01,-15.08],[-60.95,-14.8],[-61.1,-14.7],[-60.92,-15.57],[-60.76,-15.19],[-61.01,-15.08]]],[[[-69.02,-15.37],[-68.46,-15.24],[-68.68,-15.55],[-68.65,-15.78],[-68.99,-15.59],[-69.02,-15.37]]],[[[-68.75,-14.35],[-68.65,-14.62],[-68.8,-14.57],[-68.75,-14.35]]],[[[-68.73,-14.25],[-68.78,-14.19],[-68.5,-14.43],[-68.55,-14.56],[-68.75,-14.35],[-68.73,-14.25]]],[[[-43.57,-16.63],[-43.85,-16.72],[-43.9,-16.27],[-44.22,-16.12],[-44.12,-15.6],[-44.37,-15.82],[-44.62,-15.82],[-44.89,-16.33],[-44.68,-16.45],[-44.75,-16.85],[-44.6,-16.84],[-44.81,-16.94],[-44.97,-16.35],[-44.91,-16.11],[-45.13,-15.94],[-44.61,-15.56],[-44.27,-14.85],[-44.66,-14.15],[-44.49,-13.86],[-44.52,-13.53],[-44.75,-13.42],[-44.57,-13.03],[-44.42,-13.25],[-44.3,-13.22],[-44.43,-12.61],[-44.1,-12.52],[-44.14,-12.01],[-44.43,-12.05],[-44.04,-11.63],[-43.78,-11.66],[-43.4,-12.44],[-43.48,-12.57],[-43.66,-12.22],[-43.84,-12.24],[-43.74,-12.45],[-43.93,-12.59],[-43.52,-12.79],[-43.26,-12.53],[-43.4,-11.97],[-44.0,-11.15],[-44.17,-10.56],[-44.48,-10.34],[-44.84,-10.62],[-44.93,-10.24],[-44.55,-10.19],[-44.69,-9.98],[-44.41,-9.81],[-44.3,-9.46],[-44.1,-9.46],[-44.1,-9.17],[-43.91,-8.96],[-43.82,-9.42],[-43.87,-8.95],[-43.67,-9.06],[-43.92,-8.55],[-43.7,-8.25],[-43.66,-7.44],[-43.26,-7.21],[-43.26,-7.57],[-42.8,-7.5],[-42.43,-7.16],[-42.21,-7.23],[-42.18,-6.91],[-41.82,-7.31],[-41.99,-7.01],[-41.72,-7.01],[-41.47,-6.72],[-41.56,-6.6],[-41.67,-6.68],[-41.64,-6.28],[-41.37,-6.36],[-41.55,-5.78],[-41.43,-5.6],[-41.72,-5.68],[-41.66,-5.37],[-42.3,-6.4],[-42.92,-6.4],[-42.85,-6.24],[-43.02,-5.99],[-43.15,-6.26],[-43.39,-5.92],[-43.42,-6.08],[-43.85,-5.81],[-44.03,-5.89],[-44.18,-5.66],[-44.82,-5.45],[-44.81,-4.97],[-45.19,-4.71],[-45.4,-4.74],[-45.32,-5.05],[-45.52,-4.88],[-46.3,-5.33],[-46.44,-5.05],[-46.59,-5.05],[-46.91,-5.37],[-46.97,-4.59],[-46.09,-3.75],[-45.5,-3.71],[-44.95,-3.29],[-44.75,-3.31],[-43.89,-2.58],[-43.7,-2.61],[-43.97,-2.85],[-43.82,-3.17],[-43.31,-2.76],[-42.46,-2.83],[-42.38,-2.98],[-42.0,-2.87],[-41.54,-3.02],[-41.55,-2.9],[-39.64,-3.02],[-38.47,-3.7],[-37.59,-4.62],[-37.31,-4.71],[-37.18,-5.07],[-36.96,-4.92],[-36.74,-5.15],[-35.57,-5.13],[-35.27,-5.8],[-35.32,-6.08],[-34.98,-6.4],[-35.53,-7.38],[-35.45,-7.55],[-35.18,-7.51],[-35.6,-8.06],[-36.02,-8.14],[-35.74,-8.35],[-36.61,-8.87],[-36.61,-9.15],[-36.38,-9.04],[-36.51,-9.45],[-36.08,-10.09],[-36.42,-10.52],[-36.9,-10.2],[-37.03,-10.6],[-37.35,-10.34],[-37.19,-10.89],[-37.38,-11.19],[-37.6,-10.95],[-37.74,-11.0],[-37.9,-11.51],[-37.56,-11.85],[-38.09,-11.66],[-38.32,-11.75],[-38.36,-12.03],[-38.12,-12.2],[-38.3,-12.25],[-38.5,-12.16],[-38.63,-11.81],[-38.92,-12.45],[-39.06,-11.97],[-39.5,-11.92],[-39.13,-12.48],[-39.5,-12.56],[-39.59,-12.84],[-40.62,-13.4],[-40.12,-13.73],[-40.2,-14.11],[-40.54,-14.56],[-40.83,-14.59],[-40.99,-14.42],[-40.95,-14.65],[-41.37,-15.02],[-42.05,-15.2],[-42.93,-14.78],[-43.06,-15.06],[-42.92,-15.23],[-42.99,-15.63],[-43.12,-15.53],[-43.08,-15.91],[-43.22,-15.77],[-43.57,-16.63]],[[-44.33,-9.84],[-43.82,-9.43],[-43.82,-9.42],[-44.33,-9.84]],[[-43.31,-11.32],[-43.22,-11.08],[-43.36,-11.09],[-42.73,-10.73],[-42.44,-10.23],[-42.52,-10.33],[-42.98,-9.92],[-43.31,-10.04],[-43.37,-9.73],[-43.43,-11.08],[-43.31,-11.32]],[[-44.01,-10.88],[-43.76,-11.09],[-43.52,-10.99],[-43.53,-10.09],[-43.7,-10.14],[-44.01,-10.88]],[[-44.04,-13.36],[-43.75,-13.34],[-43.78,-13.15],[-43.59,-12.99],[-43.66,-12.82],[-44.14,-12.99],[-44.04,-13.36]],[[-40.89,-4.09],[-40.92,-4.9],[-40.73,-4.25],[-40.91,-3.5],[-41.07,-3.58],[-41.18,-3.24],[-41.27,-3.41],[-40.89,-4.09]],[[-35.48,-6.74],[-35.6,-6.62],[-35.82,-7.04],[-35.73,-7.12],[-35.48,-6.74]],[[-38.8,-4.06],[-39.03,-4.2],[-39.03,-4.41],[-38.67,-4.18],[-38.8,-4.06]],[[-39.63,-3.83],[-39.45,-3.77],[-39.5,-3.56],[-39.89,-3.67],[-39.63,-3.83]],[[-41.66,-13.17],[-41.83,-12.6],[-41.7,-12.13],[-41.88,-12.2],[-41.97,-12.59],[-41.79,-13.39],[-41.66,-13.17]],[[-41.99,-12.04],[-42.11,-11.81],[-42.4,-11.76],[-42.21,-12.14],[-41.99,-12.04]]],[[[-61.52,-12.53],[-61.51,-12.35],[-61.28,-12.37],[-61.19,-12.64],[-61.52,-12.53]]],[[[-60.89,-12.59],[-61.15,-12.46],[-61.0,-12.18],[-60.68,-12.42],[-60.89,-12.59]]],[[[-44.2,-10.92],[-44.3,-10.82],[-44.79,-11.06],[-44.54,-10.72],[-44.34,-10.64],[-44.2,-10.92]]],[[[-43.94,-7.79],[-44.13,-7.87],[-44.01,-7.65],[-44.11,-7.47],[-43.76,-7.29],[-44.07,-8.5],[-44.34,-8.33],[-44.01,-8.07],[-44.18,-8.07],[-43.94,-7.79]]],[[[-73.47,2.85],[-73.75,2.74],[-73.89,3.23],[-74.07,3.22],[-73.81,3.46],[-73.95,3.82],[-73.25,3.15],[-73.23,2.91],[-72.83,2.8],[-72.74,2.59],[-73.47,2.85]]],[[[-70.89,7.16],[-70.74,6.47],[-71.64,6.2],[-71.77,6.01],[-71.66,5.82],[-71.95,5.77],[-71.9,5.57],[-72.07,5.52],[-72.11,5.28],[-72.55,5.19],[-72.47,4.91],[-72.71,4.95],[-72.82,4.63],[-73.03,4.7],[-72.76,4.98],[-72.76,5.18],[-72.61,5.12],[-72.55,5.36],[-72.03,5.79],[-72.11,5.95],[-71.86,6.1],[-72.02,6.15],[-71.95,6.32],[-71.82,6.29],[-71.82,6.71],[-72.04,6.87],[-71.86,7.45],[-72.09,7.52],[-72.14,7.67],[-71.63,7.57],[-71.37,8.03],[-70.97,8.02],[-70.49,8.68],[-70.46,8.53],[-70.26,8.78],[-70.07,8.74],[-70.18,8.92],[-69.96,8.87],[-70.01,9.05],[-69.88,9.01],[-69.89,9.16],[-69.77,9.04],[-69.76,9.23],[-68.39,8.74],[-68.6,8.36],[-70.89,7.16]]],[[[-71.37,9.03],[-71.02,9.38],[-70.98,9.64],[-71.53,10.69],[-70.48,11.1],[-70.18,10.97],[-70.04,10.5],[-70.27,10.4],[-70.09,9.97],[-70.21,9.84],[-70.49,10.04],[-70.83,9.91],[-70.77,9.79],[-70.36,9.85],[-70.48,9.4],[-70.69,9.52],[-70.88,9.21],[-72.1,8.47],[-72.31,8.6],[-72.79,9.85],[-72.28,10.73],[-72.41,10.83],[-72.3,11.07],[-72.54,10.84],[-72.38,11.11],[-72.24,11.13],[-71.98,10.81],[-71.77,10.34],[-72.42,9.36],[-72.17,8.63],[-71.74,8.8],[-71.58,9.04],[-71.37,9.03]],[[-70.72,10.64],[-70.91,10.05],[-70.44,10.45],[-70.44,10.75],[-70.72,10.64]]],[[[-68.37,10.75],[-69.02,10.43],[-69.19,10.11],[-69.46,10.07],[-69.47,10.4],[-69.91,10.77],[-69.78,11.01],[-70.16,11.2],[-69.23,11.51],[-68.4,11.18],[-68.3,10.98],[-68.37,10.75]]],[[[-66.37,18.12],[-66.08,17.96],[-67.21,17.98],[-66.37,18.12]]],[[[-72.58,18.87],[-71.39,18.48],[-71.22,18.55],[-71.24,18.78],[-71.54,18.92],[-71.39,18.94],[-70.99,18.77],[-70.81,18.48],[-70.08,18.32],[-70.51,18.19],[-70.64,18.43],[-71.06,18.31],[-71.42,17.61],[-72.04,18.22],[-71.47,17.97],[-71.33,18.23],[-72.36,18.52],[-72.3,18.7],[-72.53,18.77],[-72.82,19.04],[-72.69,19.46],[-73.36,19.62],[-73.44,19.68],[-73.4,19.84],[-72.81,19.89],[-73.27,19.83],[-72.51,19.44],[-72.39,19.09],[-72.66,19.05],[-72.58,18.87]]],[[[-71.65,19.86],[-71.17,19.85],[-70.59,19.31],[-71.52,19.65],[-71.93,19.62],[-72.16,19.7],[-71.82,19.65],[-71.65,19.86]]],[[[-41.26,-16.43],[-41.43,-16.64],[-41.86,-16.54],[-41.8,-16.43],[-41.26,-16.43]]],[[[24.96,-15.64],[25.07,-15.69],[24.96,-15.72],[25.06,-15.81],[24.99,-15.95],[24.96,-15.92],[24.98,-15.86],[24.88,-15.84],[24.71,-15.53],[24.76,-15.44],[24.92,-15.77],[24.85,-15.55],[24.96,-15.64]]],[[[24.52,-15.24],[24.43,-15.13],[24.59,-15.25],[24.57,-15.39],[24.68,-15.35],[24.65,-15.52],[24.36,-15.51],[24.52,-15.24]]],[[[24.45,-14.65],[24.21,-14.51],[24.17,-14.59],[24.07,-14.56],[24.1,-14.62],[24.06,-14.66],[23.98,-14.63],[23.98,-14.41],[24.07,-14.39],[23.87,-14.39],[23.68,-14.23],[23.79,-14.08],[24.49,-13.96],[24.4,-14.07],[24.67,-14.07],[24.95,-14.48],[24.45,-14.65]]],[[[23.28,-14.26],[23.45,-14.17],[23.55,-14.15],[23.5,-14.2],[23.47,-14.22],[23.57,-14.18],[23.55,-14.4],[23.26,-14.38],[23.28,-14.26]]],[[[24.25,-12.17],[24.07,-12.27],[24.26,-12.24],[24.16,-12.34],[24.31,-12.52],[24.12,-12.52],[24.48,-12.56],[24.61,-12.66],[24.72,-12.93],[24.65,-13.06],[24.75,-12.98],[24.75,-12.81],[24.71,-12.88],[24.64,-12.68],[24.67,-12.63],[24.56,-12.59],[24.64,-12.5],[24.76,-12.44],[25.01,-12.94],[24.93,-12.93],[24.97,-12.96],[24.7,-13.04],[24.87,-13.03],[24.71,-13.14],[24.8,-13.23],[24.32,-13.11],[24.41,-13.22],[24.25,-13.31],[24.21,-13.11],[24.34,-13.09],[24.35,-13.05],[24.22,-12.81],[24.39,-12.7],[24.26,-12.74],[24.24,-12.7],[24.17,-12.65],[24.19,-12.84],[24.07,-12.74],[24.21,-12.92],[23.98,-12.88],[24.21,-13.32],[24.03,-13.14],[24.06,-13.49],[23.89,-13.21],[23.9,-13.63],[23.84,-13.45],[23.79,-13.65],[23.65,-13.5],[23.64,-13.7],[23.52,-13.8],[23.46,-13.58],[23.44,-13.75],[23.36,-13.86],[23.3,-13.71],[23.34,-13.49],[23.21,-13.53],[23.21,-13.35],[23.36,-13.49],[23.37,-13.31],[23.73,-13.15],[23.8,-12.99],[23.58,-13.16],[23.6,-12.93],[23.84,-12.67],[23.38,-13.14],[23.29,-13.03],[23.46,-12.77],[23.17,-13.0],[23.15,-13.22],[22.98,-13.23],[22.96,-13.02],[23.55,-12.33],[23.46,-12.01],[23.76,-11.74],[23.97,-11.66],[23.99,-11.88],[24.14,-11.75],[24.17,-12.0],[23.99,-12.0],[24.25,-12.17]]],[[[-23.73,14.93],[-23.77,15.32],[-23.47,15.04],[-23.41,14.82],[-23.73,14.93]]],[[[44.45,-16.68],[44.41,-16.31],[44.91,-16.39],[45.21,-15.95],[45.3,-16.14],[45.35,-15.98],[45.56,-15.95],[45.61,-16.08],[45.63,-15.92],[45.88,-15.76],[45.96,-15.86],[46.06,-15.88],[46.12,-15.71],[46.33,-16.0],[46.55,-16.0],[46.52,-15.98],[46.45,-15.89],[46.42,-15.86],[46.3,-15.81],[46.46,-15.51],[46.95,-15.2],[47.07,-15.34],[46.94,-15.52],[47.03,-15.6],[47.23,-15.43],[47.05,-15.19],[47.47,-14.67],[47.4,-15.11],[47.51,-15.08],[47.8,-14.22],[48.11,-14.46],[48.16,-14.07],[47.99,-13.92],[47.89,-13.9],[47.93,-13.6],[48.32,-13.9],[48.51,-14.54],[48.37,-14.79],[48.56,-14.99],[48.57,-15.25],[48.36,-15.44],[48.82,-15.24],[48.65,-15.67],[48.82,-15.88],[48.28,-15.7],[48.66,-16.12],[48.17,-15.91],[47.97,-16.21],[48.2,-16.46],[47.93,-16.47],[47.94,-16.28],[47.8,-16.31],[47.62,-16.48],[47.73,-16.65],[47.63,-16.62],[47.61,-17.03],[47.57,-16.74],[47.23,-16.94],[47.18,-17.2],[47.36,-17.3],[47.41,-17.65],[47.28,-17.47],[47.18,-17.54],[47.07,-17.13],[46.86,-17.67],[46.8,-17.46],[46.38,-17.69],[46.2,-17.61],[46.05,-17.68],[46.07,-17.92],[45.87,-17.83],[45.87,-17.64],[45.73,-17.85],[45.52,-17.82],[45.58,-18.02],[45.49,-17.94],[45.45,-18.06],[45.16,-17.76],[44.72,-17.75],[44.78,-18.08],[45.3,-18.19],[45.36,-18.65],[45.61,-18.73],[45.39,-18.76],[45.54,-19.39],[46.09,-19.29],[45.65,-19.69],[45.93,-19.75],[45.92,-19.88],[46.1,-19.79],[46.12,-20.0],[46.27,-20.03],[45.8,-20.03],[45.98,-20.36],[45.79,-20.23],[45.85,-20.94],[46.2,-21.01],[45.85,-21.04],[45.77,-21.28],[45.57,-21.35],[45.56,-21.25],[45.26,-21.54],[44.95,-21.5],[44.92,-20.9],[45.17,-20.79],[45.26,-20.32],[44.9,-20.44],[44.97,-20.15],[44.41,-19.84],[44.48,-19.54],[44.47,-19.47],[44.04,-18.41],[44.0,-17.74],[44.45,-16.68]],[[45.09,-21.4],[45.59,-21.19],[45.78,-20.86],[45.65,-21.01],[45.55,-20.83],[45.11,-21.07],[45.09,-21.4]]],[[[49.48,-12.42],[49.65,-12.81],[49.73,-12.74],[49.93,-13.04],[49.73,-13.79],[49.37,-13.24],[49.14,-13.7],[48.97,-13.65],[48.8,-13.18],[48.96,-12.89],[48.89,-12.55],[48.76,-12.39],[48.94,-12.49],[49.25,-11.95],[49.37,-12.21],[49.25,-12.14],[49.2,-12.3],[49.37,-12.22],[49.48,-12.42]],[[49.2,-12.97],[49.46,-12.84],[49.27,-12.84],[49.23,-12.47],[49.1,-12.48],[49.2,-12.97]]],[[[80.72,6.56],[81.07,6.74],[81.22,7.09],[80.92,7.19],[80.97,7.39],[80.76,7.62],[79.85,7.09],[79.7,8.13],[79.76,8.3],[79.82,7.89],[79.92,8.79],[80.18,9.37],[80.43,9.46],[80.64,9.43],[81.23,8.65],[81.2,8.46],[81.35,8.49],[81.79,7.6],[81.88,7.03],[81.66,6.44],[80.59,5.92],[80.72,6.56]]],[[[77.42,11.76],[77.08,11.93],[76.68,11.78],[76.41,12.02],[76.39,12.85],[76.02,13.03],[76.04,13.31],[75.7,13.71],[75.75,14.38],[75.96,14.23],[76.53,12.91],[77.0,13.2],[77.43,13.05],[77.86,13.17],[78.4,12.62],[78.58,12.58],[78.75,12.84],[79.17,12.97],[79.34,12.77],[79.18,12.21],[78.71,11.46],[78.75,11.23],[78.53,11.15],[78.59,10.88],[78.31,10.03],[77.99,9.7],[77.87,8.72],[77.62,8.54],[77.39,8.98],[77.6,10.13],[77.03,10.8],[77.11,11.24],[77.42,11.76]]],[[[79.87,10.32],[79.3,10.26],[78.84,9.52],[78.9,10.25],[79.08,10.36],[79.59,11.83],[79.55,13.19],[79.92,14.21],[80.29,13.08],[80.15,12.44],[79.82,11.91],[79.83,11.36],[79.66,11.3],[79.84,11.35],[79.87,10.32]]],[[[79.36,15.54],[79.13,15.04],[79.37,14.59],[79.26,14.44],[78.98,14.41],[78.44,14.81],[77.75,15.04],[77.8,15.83],[78.2,16.31],[77.73,16.43],[77.39,16.78],[77.26,18.24],[76.89,18.64],[76.52,19.45],[74.52,20.09],[74.62,20.57],[75.5,20.62],[75.95,20.98],[75.01,21.1],[74.76,21.45],[74.68,21.92],[74.5,21.91],[74.49,21.6],[74.01,21.27],[74.18,21.05],[74.02,20.92],[74.13,20.57],[73.86,20.39],[73.69,19.64],[74.0,18.7],[73.97,17.87],[74.37,16.68],[74.35,15.81],[74.04,16.53],[73.86,17.5],[73.94,17.84],[73.55,19.04],[73.65,20.3],[73.88,20.74],[73.88,21.8],[73.75,21.89],[73.54,21.15],[73.18,20.9],[72.84,20.18],[72.73,20.09],[72.96,20.8],[72.67,21.39],[72.82,21.67],[72.53,21.67],[72.78,21.95],[72.5,21.94],[72.56,22.19],[72.37,22.2],[72.64,23.69],[72.47,24.26],[72.55,24.62],[72.92,25.04],[73.48,25.26],[73.86,25.91],[74.42,26.34],[74.84,27.0],[75.52,27.29],[75.81,27.83],[76.88,27.79],[77.14,28.41],[76.9,27.25],[77.29,26.88],[77.53,26.25],[78.11,26.16],[78.02,25.59],[79.51,24.79],[79.82,24.71],[80.62,25.02],[82.73,24.73],[83.18,24.46],[83.99,24.5],[84.67,24.77],[84.79,24.58],[85.18,24.6],[86.48,25.28],[86.6,24.97],[86.92,24.91],[86.95,24.61],[87.06,24.75],[87.15,24.63],[87.29,25.08],[87.62,25.25],[87.8,24.93],[87.57,24.48],[87.57,23.76],[87.78,23.47],[87.54,23.36],[87.63,23.16],[87.42,22.13],[87.29,22.06],[86.18,22.58],[86.09,21.46],[85.95,21.32],[85.75,21.34],[85.37,22.03],[85.74,22.15],[85.49,22.49],[85.72,22.76],[85.22,22.91],[84.95,22.72],[84.8,22.32],[84.11,22.37],[84.05,22.56],[84.41,23.45],[82.86,23.38],[82.39,23.51],[80.35,23.34],[80.17,23.1],[79.56,23.17],[79.29,22.9],[77.96,22.64],[77.84,22.08],[78.05,21.41],[78.28,21.34],[79.29,21.7],[79.57,21.55],[80.8,21.54],[81.04,20.8],[80.64,19.75],[80.37,19.6],[79.56,19.54],[79.31,20.01],[79.05,19.78],[78.37,19.68],[78.21,19.37],[78.66,18.84],[79.47,18.8],[79.8,18.14],[79.63,17.98],[79.73,17.6],[80.13,17.23],[81.34,16.87],[81.39,16.61],[81.15,16.0],[80.21,16.6],[80.08,16.85],[79.24,15.84],[79.36,15.54]]],[[[85.16,21.04],[85.11,21.43],[84.58,21.64],[84.36,21.58],[84.33,21.29],[84.6,21.39],[84.39,20.59],[83.93,20.44],[83.98,20.31],[83.61,20.12],[83.46,19.81],[83.13,19.79],[82.76,19.52],[82.04,18.07],[81.44,17.86],[81.52,18.26],[81.97,18.85],[81.96,19.14],[82.2,19.37],[82.08,19.85],[82.64,21.19],[83.35,21.86],[83.78,22.11],[84.65,21.82],[84.85,21.98],[85.7,21.25],[85.74,21.07],[85.16,21.04]]],[[[70.86,21.52],[70.84,21.25],[71.16,21.23],[71.24,21.0],[70.68,20.85],[70.45,21.65],[70.86,21.52]]],[[[118.93,-9.55],[119.01,-9.44],[119.94,-9.28],[120.82,-10.09],[120.45,-10.32],[119.66,-9.78],[119.18,-9.75],[118.93,-9.55]]],[[[119.17,-8.73],[118.69,-8.75],[118.94,-8.83],[118.44,-8.88],[118.39,-8.61],[117.89,-8.94],[117.03,-9.11],[116.73,-9.01],[116.79,-8.59],[117.12,-8.37],[117.57,-8.41],[117.58,-8.51],[117.69,-8.58],[117.73,-8.48],[117.79,-8.72],[118.26,-8.66],[117.7,-8.24],[117.94,-8.08],[118.27,-8.37],[118.64,-8.29],[118.65,-8.55],[118.76,-8.31],[119.0,-8.31],[119.03,-8.64],[119.17,-8.56],[119.17,-8.73]]],[[[115.84,-8.82],[116.06,-8.76],[116.04,-8.44],[116.29,-8.24],[116.73,-8.36],[116.57,-8.9],[115.84,-8.82]]],[[[121.51,-8.62],[121.62,-8.47],[122.0,-8.44],[122.22,-8.62],[122.89,-8.28],[122.93,-8.19],[122.72,-8.22],[122.84,-8.07],[122.97,-8.14],[123.02,-8.32],[122.79,-8.43],[122.82,-8.6],[121.65,-8.91],[121.57,-8.8],[120.99,-8.96],[120.82,-8.83],[119.8,-8.76],[119.85,-8.43],[120.12,-8.43],[120.21,-8.3],[120.98,-8.35],[121.51,-8.62]]],[[[103.39,13.4],[103.27,13.62],[103.26,13.43],[103.06,13.49],[102.94,13.33],[103.23,13.14],[103.26,12.93],[103.62,12.72],[104.06,12.72],[104.69,12.22],[104.94,11.55],[104.96,11.1],[104.8,11.01],[104.93,10.74],[104.68,10.8],[104.86,10.52],[104.59,10.59],[104.38,10.46],[104.14,10.56],[104.19,10.7],[104.41,10.55],[104.18,10.86],[104.4,11.05],[104.33,11.2],[104.63,11.23],[104.13,11.3],[104.06,11.47],[104.2,11.95],[104.47,12.11],[104.37,12.45],[103.93,12.47],[103.78,12.3],[103.11,12.66],[102.81,12.51],[102.76,12.65],[102.98,12.66],[102.82,12.72],[102.94,13.01],[102.57,13.09],[102.74,13.22],[102.58,13.58],[101.89,13.78],[101.76,14.17],[101.64,14.08],[100.9,14.41],[101.02,14.65],[100.64,14.87],[100.86,15.29],[100.66,15.11],[100.39,15.19],[100.18,15.57],[100.04,15.33],[100.13,15.7],[100.69,15.48],[100.66,15.67],[100.43,15.74],[100.62,15.83],[100.69,16.26],[100.12,17.25],[99.94,16.83],[100.31,16.16],[100.15,15.99],[99.91,16.02],[100.07,15.78],[99.87,15.9],[99.74,15.77],[99.74,15.37],[99.97,15.1],[99.82,14.89],[99.98,14.75],[99.78,14.66],[99.89,14.5],[99.42,14.22],[99.59,15.31],[99.4,15.57],[99.23,16.55],[98.54,18.02],[98.65,18.48],[98.92,18.8],[98.81,19.08],[98.93,19.63],[99.03,19.21],[99.25,19.43],[99.24,18.71],[99.34,18.71],[99.01,18.28],[98.73,18.32],[98.68,17.85],[98.92,17.31],[99.26,17.73],[99.18,17.28],[99.47,17.16],[99.36,17.47],[99.5,17.37],[100.37,17.82],[100.48,17.55],[100.23,17.36],[100.47,16.75],[100.7,16.68],[100.97,16.26],[100.94,15.98],[101.26,17.04],[101.38,16.86],[101.28,16.3],[101.5,16.13],[101.85,16.14],[101.93,16.35],[101.78,16.61],[102.1,16.79],[102.1,17.05],[101.5,17.08],[101.65,17.23],[101.63,17.61],[101.76,17.69],[101.81,17.55],[101.93,18.06],[102.1,17.63],[102.3,18.03],[102.29,17.41],[102.66,16.84],[102.77,17.07],[102.68,17.54],[103.0,17.5],[103.11,17.95],[103.66,18.06],[104.27,17.88],[104.98,17.28],[104.9,16.87],[105.5,16.92],[105.7,16.47],[106.32,16.4],[106.12,16.15],[106.68,16.08],[106.58,15.75],[106.91,15.9],[106.88,15.25],[106.56,15.37],[106.51,15.66],[105.99,15.29],[106.02,15.07],[106.19,14.93],[106.63,15.1],[106.47,14.8],[106.69,14.77],[106.85,15.16],[107.04,14.98],[107.25,15.3],[107.44,15.22],[107.41,15.39],[107.49,15.25],[107.26,14.96],[107.39,14.8],[107.59,14.86],[107.53,14.64],[107.88,14.8],[108.07,14.41],[108.15,14.58],[108.34,14.51],[107.96,14.14],[108.33,14.15],[108.32,13.8],[108.54,14.1],[108.45,14.36],[108.56,14.29],[108.73,14.62],[108.52,14.6],[108.49,14.83],[108.34,14.77],[108.43,14.91],[108.26,14.91],[108.26,15.21],[108.1,15.13],[107.99,15.4],[107.75,15.32],[107.68,15.52],[107.39,15.6],[107.5,15.8],[108.03,15.89],[108.07,16.22],[108.33,16.12],[108.25,16.04],[108.49,15.68],[108.94,15.25],[109.46,12.65],[109.35,12.8],[109.19,12.64],[109.34,12.4],[109.15,12.46],[109.28,11.88],[109.18,12.07],[109.24,11.72],[109.01,11.54],[109.02,11.35],[107.24,10.37],[107.28,10.56],[107.13,10.46],[106.79,10.98],[106.88,10.81],[106.76,10.67],[106.21,10.78],[106.17,11.08],[105.56,11.63],[105.71,11.57],[105.84,11.76],[105.77,12.11],[105.9,12.28],[105.6,12.31],[105.26,11.99],[105.21,12.54],[104.99,12.64],[105.08,12.94],[104.94,12.75],[104.73,12.79],[103.6,13.49],[103.39,13.4]],[[108.88,12.02],[109.05,12.07],[108.76,12.33],[109.26,12.77],[109.15,12.9],[108.61,12.45],[108.25,12.49],[108.19,12.24],[108.35,12.25],[108.19,12.1],[107.76,12.35],[107.27,12.4],[107.38,11.84],[107.68,11.85],[107.65,11.3],[108.1,11.35],[107.91,11.03],[108.21,11.5],[108.77,11.51],[108.59,11.62],[108.78,12.07],[108.92,11.79],[108.88,12.02]],[[108.56,13.55],[108.96,13.15],[108.83,13.55],[108.94,13.66],[108.77,13.91],[108.56,13.55]]],[[[97.76,17.26],[97.81,16.84],[97.55,17.03],[97.55,17.3],[97.76,17.26]]],[[[95.3,18.95],[95.4,19.07],[95.65,18.61],[95.59,18.34],[95.42,18.41],[95.3,18.95]]],[[[96.4,18.9],[96.61,19.12],[96.71,18.63],[96.51,18.61],[96.4,18.9]]],[[[100.25,18.66],[100.36,18.32],[100.14,17.99],[100.1,18.56],[99.3,17.83],[99.14,17.91],[99.33,18.52],[99.47,18.39],[99.7,18.55],[99.79,18.37],[99.95,18.55],[99.56,19.73],[99.85,20.05],[99.89,20.43],[100.19,20.24],[100.32,20.37],[100.45,20.19],[100.25,19.79],[100.55,19.13],[100.34,19.08],[100.51,18.85],[100.25,18.66]]],[[[95.97,21.14],[95.91,20.84],[95.66,20.66],[95.75,20.04],[95.39,19.57],[95.03,19.63],[94.81,19.83],[94.55,20.7],[94.62,20.95],[95.31,22.04],[95.7,21.9],[95.97,21.14]]],[[[94.81,23.32],[94.69,23.05],[94.53,23.21],[94.59,23.54],[94.81,23.32]]],[[[96.26,24.09],[96.57,24.32],[96.58,23.89],[96.33,23.57],[96.26,24.09]]],[[[164.7,-21.05],[165.0,-21.0],[164.96,-21.25],[165.29,-21.26],[165.25,-21.39],[165.99,-21.7],[166.58,-22.24],[166.44,-22.31],[166.06,-21.9],[164.94,-21.35],[164.19,-20.52],[164.41,-20.51],[164.46,-20.79],[164.7,-20.8],[164.7,-21.05]]],[[[177.64,-18.05],[177.66,-18.19],[177.34,-18.12],[177.26,-17.89],[177.52,-17.51],[178.19,-17.31],[178.37,-17.51],[178.11,-17.44],[177.64,-18.05]]],[[[178.55,-16.63],[178.83,-16.64],[178.95,-16.46],[179.83,-16.26],[179.43,-16.58],[178.5,-16.82],[178.55,-16.63]]],[[[123.4,-10.69],[123.19,-10.84],[122.81,-10.92],[122.8,-10.79],[123.43,-10.5],[123.4,-10.69]]],[[[124.41,-10.16],[123.45,-10.36],[123.75,-10.08],[123.57,-9.93],[123.78,-9.5],[124.95,-8.96],[125.13,-8.65],[126.96,-8.33],[127.3,-8.44],[126.47,-8.95],[125.37,-9.28],[124.41,-10.16]]],[[[123.6,-8.23],[123.91,-8.26],[123.57,-8.57],[123.2,-8.53],[123.46,-8.35],[123.38,-8.27],[123.55,-8.25],[123.49,-8.35],[123.6,-8.23]]],[[[124.14,-8.54],[123.91,-8.44],[124.27,-8.18],[124.37,-8.31],[124.14,-8.54]]],[[[125.07,-8.15],[125.13,-8.32],[124.35,-8.44],[124.59,-8.12],[125.07,-8.15]]],[[[126.84,-7.74],[126.47,-7.97],[126.07,-7.89],[125.78,-8.01],[125.94,-7.66],[126.64,-7.57],[126.84,-7.74]]]]}},{"type":"Feature","properties":{"biome":"Tropical & Subtropical Coniferous Forests","style":{"fillColor":"#88CE66"}},"geometry":{"type":"MultiPolygon","coordinates":[[[[-109.82,23.59],[-109.92,23.1],[-110.05,23.54],[-110.03,23.75],[-109.82,23.59]]],[[[-107.5,29.71],[-107.2,29.84],[-107.1,29.04],[-106.96,29.17],[-106.71,29.0],[-106.93,28.69],[-107.17,28.86],[-106.99,28.25],[-107.64,28.78],[-107.44,28.54],[-107.47,28.26],[-107.3,28.44],[-106.97,28.04],[-106.8,28.44],[-106.57,28.44],[-106.87,28.73],[-106.65,28.92],[-106.67,29.22],[-106.85,29.24],[-106.84,29.43],[-106.99,29.36],[-107.02,29.8],[-106.51,29.51],[-106.24,28.62],[-106.25,28.38],[-106.47,28.46],[-106.5,28.28],[-106.43,28.11],[-106.32,28.3],[-106.32,27.96],[-106.51,28.08],[-106.58,27.92],[-106.72,28.07],[-106.8,27.95],[-106.61,27.71],[-106.46,27.92],[-106.29,27.73],[-106.63,27.54],[-106.38,27.5],[-106.48,27.08],[-106.35,26.84],[-106.31,27.03],[-106.05,26.95],[-106.12,27.2],[-105.73,27.12],[-105.71,26.93],[-105.86,26.89],[-105.26,26.49],[-105.37,26.43],[-104.81,25.86],[-104.78,25.65],[-105.22,25.95],[-105.16,25.82],[-105.28,25.77],[-105.11,25.66],[-105.28,25.71],[-105.27,25.51],[-105.4,25.47],[-105.28,25.32],[-105.14,25.45],[-104.75,25.3],[-104.7,24.74],[-105.28,25.1],[-105.13,24.8],[-104.98,24.79],[-105.04,24.67],[-104.75,24.61],[-104.7,24.08],[-104.84,23.96],[-104.48,23.78],[-104.37,24.0],[-104.45,23.37],[-104.97,23.06],[-105.2,23.08],[-105.17,23.52],[-105.38,23.35],[-105.23,23.04],[-105.34,22.92],[-105.6,23.03],[-105.53,23.13],[-105.84,23.14],[-105.93,23.33],[-105.81,23.44],[-106.05,23.45],[-105.97,23.74],[-105.62,23.82],[-105.55,24.04],[-105.99,23.92],[-106.22,23.67],[-106.32,23.77],[-105.66,24.27],[-106.29,24.05],[-106.33,24.16],[-106.11,24.3],[-106.29,24.23],[-106.3,24.34],[-106.58,24.06],[-106.41,24.35],[-106.54,24.4],[-106.22,24.46],[-106.38,24.49],[-106.37,24.61],[-105.94,24.5],[-105.77,24.61],[-106.18,24.59],[-105.96,24.8],[-106.4,24.7],[-106.1,24.85],[-106.09,24.99],[-106.48,24.74],[-106.38,25.03],[-106.72,24.68],[-106.9,24.82],[-106.73,24.94],[-106.87,24.97],[-106.61,25.03],[-106.74,25.07],[-106.57,25.22],[-106.94,25.04],[-106.69,25.28],[-107.04,25.18],[-107.06,25.01],[-107.31,25.24],[-106.49,25.33],[-106.67,25.39],[-106.44,25.37],[-106.67,25.44],[-106.54,25.68],[-106.73,25.67],[-106.71,25.38],[-107.0,25.3],[-107.21,25.36],[-107.08,25.48],[-107.21,25.42],[-107.16,25.7],[-107.23,25.39],[-107.49,25.49],[-107.28,25.48],[-107.32,25.67],[-107.15,25.81],[-107.3,25.85],[-106.92,25.77],[-107.13,25.88],[-107.1,26.16],[-107.29,26.15],[-107.29,25.9],[-107.31,26.04],[-107.46,25.98],[-107.33,25.59],[-107.47,25.53],[-107.81,26.0],[-107.74,26.15],[-107.49,25.95],[-107.4,26.13],[-107.87,26.32],[-107.76,26.2],[-107.94,26.27],[-107.93,26.11],[-108.24,26.09],[-108.05,26.5],[-108.26,26.47],[-108.23,26.67],[-108.04,26.63],[-108.23,26.84],[-107.98,26.88],[-107.56,26.53],[-107.54,26.71],[-107.18,26.5],[-107.23,26.63],[-106.93,26.62],[-107.55,26.77],[-107.64,27.15],[-107.78,26.91],[-107.82,27.41],[-107.92,27.05],[-108.47,27.07],[-108.3,27.29],[-108.48,27.34],[-108.22,27.55],[-108.43,27.54],[-108.33,27.77],[-108.05,27.75],[-108.0,27.84],[-108.23,27.88],[-108.53,27.57],[-108.74,27.68],[-108.61,27.96],[-108.28,28.06],[-108.45,28.09],[-108.41,28.29],[-108.6,28.24],[-108.52,28.05],[-108.74,27.97],[-108.67,28.15],[-108.94,27.98],[-108.91,27.66],[-108.94,27.8],[-109.17,27.81],[-109.05,28.88],[-108.92,28.83],[-109.09,29.03],[-108.97,29.19],[-109.17,29.35],[-109.16,29.23],[-109.21,29.48],[-108.77,29.08],[-108.76,28.75],[-108.58,28.87],[-108.68,29.07],[-108.54,29.16],[-108.74,29.05],[-108.93,29.73],[-109.19,29.58],[-109.08,29.86],[-109.12,29.97],[-109.27,29.81],[-109.15,30.04],[-109.31,30.57],[-109.22,30.76],[-108.97,30.25],[-108.75,30.5],[-108.91,30.63],[-108.94,30.88],[-108.81,30.61],[-108.68,30.76],[-108.25,30.51],[-108.06,30.05],[-107.81,30.23],[-107.5,29.71]],[[-107.28,29.34],[-107.47,29.58],[-107.59,28.91],[-107.5,28.79],[-107.38,28.94],[-107.28,28.77],[-107.4,29.02],[-107.28,29.34]],[[-107.83,29.47],[-108.06,29.48],[-108.11,29.38],[-107.69,29.23],[-107.83,29.47]]],[[[-108.64,27.41],[-108.8,27.66],[-108.5,27.31],[-108.53,26.99],[-108.78,27.14],[-108.64,27.41]]],[[[-110.03,29.49],[-109.89,29.68],[-110.02,29.67],[-110.14,30.23],[-109.72,29.76],[-109.74,29.42],[-109.77,29.56],[-110.03,29.49]]],[[[-110.48,30.02],[-110.21,29.55],[-110.63,30.11],[-110.5,30.42],[-110.62,30.43],[-110.69,30.74],[-110.54,30.99],[-110.22,30.51],[-110.3,30.27],[-110.16,30.26],[-110.46,30.21],[-110.48,30.02]]],[[[-109.51,29.72],[-109.42,29.85],[-109.57,29.86],[-109.9,30.81],[-110.08,30.5],[-110.25,30.91],[-110.01,30.79],[-110.13,30.98],[-109.89,31.12],[-109.74,31.02],[-109.68,30.6],[-109.42,30.57],[-109.51,30.05],[-109.33,29.79],[-109.51,29.72]]],[[[-111.06,30.74],[-111.17,31.36],[-110.63,31.33],[-110.59,31.15],[-110.48,31.32],[-110.25,30.97],[-110.68,31.13],[-110.65,30.84],[-110.89,30.95],[-111.06,30.74]]],[[[-108.68,31.26],[-108.78,31.02],[-109.13,30.98],[-108.92,31.31],[-108.68,31.26]]],[[[-102.76,18.32],[-102.94,18.25],[-103.37,18.4],[-103.13,18.54],[-103.17,18.66],[-103.51,18.69],[-103.26,18.71],[-103.19,19.03],[-103.0,19.1],[-103.17,18.88],[-103.22,18.75],[-103.03,18.75],[-103.11,18.93],[-102.93,18.98],[-102.8,18.69],[-102.96,18.6],[-102.76,18.32]]],[[[-103.46,19.45],[-103.76,19.42],[-103.73,19.82],[-103.86,19.78],[-104.01,19.97],[-103.89,20.18],[-104.38,20.15],[-104.33,19.86],[-104.47,19.77],[-103.88,19.46],[-103.88,19.33],[-103.99,19.49],[-104.06,19.09],[-104.1,19.39],[-104.33,19.46],[-104.36,19.63],[-104.72,19.55],[-104.65,19.88],[-104.85,19.63],[-105.07,19.85],[-105.0,20.09],[-105.1,20.01],[-105.06,20.11],[-105.15,20.22],[-105.11,20.08],[-105.16,20.03],[-105.51,20.44],[-104.95,20.65],[-105.07,20.73],[-104.76,20.79],[-104.79,20.95],[-104.46,20.5],[-104.54,20.82],[-103.59,20.15],[-103.64,19.85],[-103.46,19.45]]],[[[-103.54,20.78],[-103.5,20.48],[-103.63,20.58],[-103.72,20.45],[-103.83,20.57],[-103.71,20.66],[-103.95,20.76],[-103.92,20.58],[-104.24,20.63],[-104.35,20.81],[-104.05,20.74],[-104.03,20.97],[-104.17,20.8],[-104.66,21.0],[-104.02,21.06],[-103.69,20.71],[-103.43,21.01],[-103.43,20.75],[-103.54,20.78]]],[[[-105.05,21.26],[-105.05,21.63],[-104.87,21.56],[-104.88,21.36],[-104.51,21.29],[-104.51,21.44],[-104.25,21.06],[-105.05,21.26]]],[[[-103.76,21.18],[-104.0,21.18],[-103.73,21.7],[-103.54,21.76],[-103.55,21.4],[-103.71,21.29],[-103.54,21.0],[-103.73,20.93],[-103.76,21.18]]],[[[-103.43,21.39],[-103.21,21.61],[-103.23,22.11],[-103.04,22.21],[-103.06,21.6],[-103.34,21.32],[-103.43,21.39]]],[[[-104.35,21.53],[-104.47,21.5],[-104.61,21.76],[-104.48,21.93],[-104.43,21.94],[-104.11,21.98],[-104.26,22.0],[-104.07,22.14],[-104.03,22.47],[-103.91,22.35],[-103.81,22.46],[-103.79,22.02],[-104.04,21.23],[-104.23,21.55],[-104.23,21.25],[-104.35,21.53]]],[[[-103.48,22.5],[-103.67,22.19],[-103.61,22.64],[-103.44,22.78],[-103.5,22.59],[-103.39,22.61],[-103.21,22.95],[-103.21,22.79],[-103.01,22.79],[-103.24,22.37],[-103.48,22.5]]],[[[-103.43,23.16],[-103.27,22.97],[-103.46,22.87],[-103.48,23.03],[-103.76,22.49],[-104.06,22.86],[-103.82,23.16],[-104.08,23.04],[-104.21,23.16],[-104.09,22.43],[-104.43,21.94],[-104.51,22.15],[-104.33,22.76],[-104.52,22.61],[-104.64,22.78],[-104.53,22.57],[-104.72,22.18],[-104.59,22.16],[-104.64,21.89],[-105.02,22.31],[-104.83,22.68],[-105.13,22.42],[-105.24,22.93],[-104.42,23.12],[-104.16,23.79],[-103.87,23.34],[-103.9,23.55],[-103.57,23.41],[-103.44,23.63],[-103.07,23.4],[-103.34,23.34],[-103.43,23.16]]],[[[-104.01,24.23],[-103.7,24.12],[-103.88,23.96],[-103.59,23.59],[-103.85,23.58],[-104.01,24.23]]],[[[-104.06,30.58],[-103.89,30.61],[-104.03,30.55],[-104.21,30.58],[-104.29,30.71],[-104.02,30.81],[-104.07,31.01],[-103.71,30.74],[-103.7,30.51],[-103.86,30.45],[-103.79,30.63],[-104.02,30.72],[-104.06,30.58]]],[[[-102.21,18.25],[-102.33,18.15],[-102.72,18.27],[-102.72,18.86],[-102.35,18.76],[-102.5,18.53],[-102.29,18.5],[-102.21,18.25]]],[[[-103.38,21.01],[-103.1,21.02],[-102.88,21.66],[-102.53,21.82],[-103.0,21.02],[-102.55,20.69],[-103.23,20.81],[-103.38,21.01]]],[[[-102.72,22.5],[-102.51,22.44],[-102.54,22.11],[-102.37,22.0],[-102.62,21.86],[-102.7,22.06],[-102.87,21.78],[-102.72,22.5]]],[[[-101.56,26.46],[-101.84,26.76],[-101.8,26.82],[-101.48,26.44],[-101.72,26.38],[-101.94,26.6],[-101.56,26.46]]],[[[-102.03,27.5],[-101.98,27.61],[-101.75,27.09],[-101.97,27.22],[-102.0,27.06],[-102.12,27.23],[-101.95,27.31],[-102.03,27.5]]],[[[-102.0,28.51],[-101.9,28.01],[-101.5,27.67],[-101.96,27.85],[-102.15,28.42],[-102.33,28.11],[-102.38,28.35],[-102.27,28.26],[-102.24,28.39],[-102.39,28.64],[-102.4,28.46],[-102.53,28.47],[-102.37,28.05],[-102.61,28.31],[-102.53,28.79],[-102.87,29.3],[-102.64,29.27],[-102.53,29.01],[-102.41,28.99],[-102.47,28.73],[-102.0,28.51]]],[[[-101.87,28.56],[-101.8,28.67],[-101.89,28.84],[-102.03,28.56],[-102.28,28.74],[-102.34,29.4],[-102.0,29.42],[-102.06,29.27],[-101.52,29.06],[-101.58,28.82],[-101.39,28.74],[-101.48,28.45],[-101.87,28.56]]],[[[-101.07,18.0],[-100.78,18.12],[-100.66,17.77],[-100.53,17.92],[-100.62,18.04],[-100.51,17.97],[-100.54,17.78],[-100.46,17.97],[-100.42,17.71],[-100.26,18.06],[-100.16,17.55],[-100.09,17.76],[-99.92,17.61],[-99.93,17.9],[-99.83,17.79],[-99.69,17.9],[-99.77,17.69],[-99.64,17.7],[-99.47,17.34],[-99.34,17.45],[-99.31,17.24],[-99.19,17.29],[-99.49,17.13],[-99.48,17.27],[-99.79,17.39],[-99.64,17.16],[-99.86,17.04],[-100.32,17.37],[-100.56,17.34],[-100.65,17.52],[-100.65,17.29],[-100.79,17.28],[-100.74,17.45],[-100.97,17.36],[-100.98,17.62],[-101.15,17.48],[-101.12,17.85],[-101.3,17.76],[-101.16,17.64],[-101.46,17.75],[-101.55,18.42],[-101.32,18.23],[-101.17,18.37],[-100.93,18.13],[-101.07,18.0]]],[[[-101.41,21.09],[-101.18,21.32],[-100.87,20.75],[-101.21,20.76],[-101.41,21.09]]],[[[-100.53,21.37],[-100.7,21.52],[-100.19,21.55],[-100.33,21.32],[-100.53,21.37]]],[[[-101.48,21.44],[-101.51,21.17],[-101.79,21.25],[-101.68,21.32],[-101.72,21.76],[-101.48,21.44]]],[[[-99.78,21.54],[-100.0,21.47],[-100.17,21.76],[-100.33,21.66],[-100.69,21.93],[-100.76,22.33],[-100.55,22.24],[-100.33,22.88],[-100.24,22.69],[-100.5,22.02],[-100.2,21.96],[-99.78,21.54]]],[[[-101.69,25.3],[-101.39,25.28],[-101.11,25.11],[-101.78,25.16],[-101.69,25.3]]],[[[-92.89,16.11],[-92.8,15.94],[-92.76,16.09],[-92.59,15.81],[-92.8,15.73],[-93.14,15.98],[-93.48,15.99],[-93.69,16.38],[-93.94,16.32],[-93.91,16.47],[-93.46,16.61],[-93.34,16.51],[-93.59,16.33],[-93.3,16.34],[-93.45,16.14],[-92.89,16.11]]],[[[-95.61,16.52],[-95.74,16.4],[-96.01,16.54],[-95.83,16.75],[-95.61,16.52]]],[[[-96.99,17.67],[-96.81,17.39],[-96.94,17.88],[-96.88,18.01],[-96.98,17.99],[-97.39,18.6],[-97.32,18.87],[-97.06,18.79],[-96.99,18.14],[-96.81,18.01],[-96.88,17.92],[-96.75,17.99],[-96.74,17.76],[-96.12,17.39],[-95.97,16.96],[-95.65,16.85],[-95.82,16.94],[-95.77,17.19],[-95.88,17.13],[-95.77,17.33],[-95.58,17.22],[-95.7,16.98],[-95.45,17.21],[-95.32,16.98],[-95.12,16.94],[-95.16,16.78],[-95.46,16.66],[-95.98,16.89],[-96.07,16.7],[-96.21,16.95],[-96.23,16.7],[-96.53,16.72],[-96.44,16.46],[-96.59,16.44],[-96.53,16.58],[-96.74,16.61],[-96.7,17.02],[-96.61,16.87],[-96.32,16.94],[-97.01,17.36],[-96.8,17.1],[-96.79,16.43],[-96.42,16.31],[-96.24,16.62],[-96.2,16.51],[-95.97,16.5],[-96.07,16.3],[-95.82,16.33],[-95.96,16.21],[-95.85,16.11],[-95.72,16.09],[-96.78,15.93],[-96.67,16.07],[-97.13,16.0],[-97.52,16.2],[-97.39,16.29],[-97.59,16.33],[-97.44,16.44],[-97.43,16.63],[-97.53,16.51],[-97.57,16.61],[-97.43,16.95],[-97.7,16.34],[-98.01,16.55],[-97.93,16.75],[-97.77,16.55],[-97.93,16.95],[-98.14,16.78],[-98.5,16.83],[-98.47,16.95],[-98.56,16.83],[-99.08,16.87],[-99.02,17.04],[-99.27,17.1],[-99.07,17.38],[-99.39,17.5],[-99.27,17.85],[-99.16,17.6],[-99.18,17.79],[-99.02,17.84],[-98.92,17.58],[-98.88,18.01],[-98.59,17.79],[-98.69,17.51],[-98.49,17.33],[-98.54,17.79],[-98.33,17.76],[-98.37,18.0],[-98.18,17.93],[-98.1,17.46],[-97.95,17.66],[-97.53,17.58],[-97.48,17.76],[-97.74,17.76],[-97.74,17.9],[-97.88,17.71],[-98.13,17.74],[-97.62,18.14],[-97.26,18.04],[-97.05,17.81],[-97.13,17.51],[-96.97,17.45],[-96.99,17.67]],[[-97.14,17.5],[-97.37,17.53],[-97.42,17.03],[-97.17,17.17],[-97.14,17.5]]],[[[-98.81,17.99],[-98.76,18.14],[-98.9,18.03],[-99.02,18.24],[-98.51,18.1],[-98.6,17.87],[-98.65,18.08],[-98.81,17.99]]],[[[-99.26,19.76],[-99.2,19.31],[-98.86,19.12],[-98.85,19.45],[-98.63,19.71],[-98.21,19.57],[-98.54,19.75],[-98.48,19.99],[-99.45,20.75],[-99.37,20.85],[-99.48,21.01],[-99.27,20.97],[-99.33,21.13],[-99.17,21.13],[-99.38,21.46],[-99.19,21.65],[-99.04,21.39],[-99.11,21.0],[-98.41,20.59],[-98.48,20.46],[-97.87,19.98],[-97.41,20.01],[-97.15,19.62],[-96.94,19.63],[-97.15,19.36],[-97.08,19.07],[-97.2,18.9],[-97.44,18.97],[-97.24,19.44],[-97.44,19.64],[-97.7,19.56],[-97.65,19.36],[-98.01,19.44],[-97.54,18.92],[-97.9,19.09],[-97.99,18.78],[-98.32,18.7],[-98.42,18.91],[-98.57,18.78],[-98.92,19.0],[-99.72,18.81],[-99.44,18.47],[-99.19,18.52],[-99.24,18.31],[-99.61,18.52],[-99.95,18.36],[-99.96,18.49],[-99.82,18.44],[-99.96,18.76],[-100.04,18.57],[-100.13,18.69],[-100.21,18.53],[-100.27,18.72],[-100.4,18.6],[-100.42,18.71],[-100.09,18.83],[-100.47,19.1],[-100.48,19.23],[-100.35,19.2],[-100.42,19.46],[-100.61,19.42],[-100.74,19.15],[-100.99,19.58],[-100.87,19.1],[-101.04,19.07],[-101.11,19.23],[-101.12,19.05],[-101.26,19.05],[-101.27,19.22],[-101.63,19.05],[-101.22,18.71],[-101.41,18.6],[-101.73,19.02],[-101.92,19.07],[-101.82,19.19],[-101.92,19.34],[-101.99,19.18],[-102.47,19.18],[-102.55,19.38],[-102.43,19.55],[-102.62,19.55],[-102.61,19.66],[-102.9,19.69],[-102.99,19.44],[-103.12,19.53],[-103.04,19.18],[-103.36,19.0],[-103.45,19.42],[-102.96,19.74],[-103.22,19.81],[-103.46,19.66],[-103.48,19.95],[-103.24,20.09],[-102.95,19.97],[-102.85,20.09],[-102.9,19.92],[-102.67,19.93],[-102.74,19.8],[-102.6,19.72],[-102.61,19.88],[-102.37,19.95],[-102.24,19.81],[-101.32,20.11],[-101.19,20.0],[-101.46,19.88],[-101.27,19.85],[-101.32,19.63],[-100.83,19.77],[-100.66,20.0],[-100.43,19.73],[-100.47,20.36],[-100.2,20.42],[-99.81,20.21],[-99.59,20.42],[-99.41,20.17],[-99.46,19.95],[-99.26,19.76]],[[-98.58,20.53],[-99.16,20.96],[-99.26,20.75],[-98.95,20.7],[-98.83,20.31],[-98.82,20.62],[-98.46,20.0],[-98.35,20.03],[-98.26,20.18],[-98.39,20.38],[-98.53,20.32],[-98.58,20.53]],[[-99.66,19.78],[-99.94,19.74],[-99.97,19.44],[-99.77,19.22],[-99.56,19.11],[-99.42,19.12],[-99.48,19.33],[-99.66,19.78]]],[[[-100.38,20.99],[-100.03,21.12],[-100.05,20.88],[-100.33,20.8],[-100.38,20.99]]],[[[-99.73,21.48],[-99.69,21.28],[-99.37,21.13],[-99.48,21.01],[-100.12,21.15],[-100.27,21.35],[-100.14,21.5],[-99.97,21.22],[-99.73,21.48]]],[[[-98.18,23.43],[-98.24,23.05],[-98.56,23.25],[-98.48,23.54],[-98.18,23.43]]],[[[-99.56,24.47],[-99.63,24.17],[-99.52,24.03],[-99.42,24.12],[-99.24,23.59],[-99.08,23.57],[-99.26,23.42],[-99.26,22.88],[-99.39,23.17],[-99.52,22.9],[-99.35,22.62],[-99.37,21.74],[-99.59,21.75],[-99.69,23.39],[-99.86,23.25],[-99.92,23.44],[-99.76,23.56],[-100.01,23.92],[-100.02,24.12],[-99.82,23.97],[-99.77,24.15],[-100.04,24.18],[-100.01,24.37],[-100.59,25.13],[-100.91,25.14],[-100.83,24.89],[-101.11,25.13],[-100.6,25.7],[-100.3,25.44],[-100.39,25.65],[-100.23,25.66],[-99.56,24.47]]],[[[-92.35,16.89],[-92.49,16.89],[-92.62,17.04],[-92.61,17.08],[-92.28,17.18],[-92.14,17.07],[-92.22,16.99],[-91.71,16.89],[-91.87,16.51],[-91.76,16.01],[-91.31,15.98],[-91.23,15.66],[-91.16,15.78],[-90.98,15.71],[-90.38,15.07],[-90.22,15.21],[-90.15,14.87],[-89.83,14.88],[-89.84,14.75],[-89.51,14.76],[-89.38,15.09],[-88.62,14.98],[-88.63,14.74],[-88.56,14.96],[-88.33,14.98],[-88.35,14.74],[-88.12,14.71],[-88.0,14.46],[-88.04,14.71],[-87.65,14.74],[-87.74,14.51],[-87.57,14.22],[-87.58,14.81],[-87.68,14.88],[-87.56,15.03],[-87.48,14.9],[-87.25,14.91],[-87.44,14.93],[-87.55,15.12],[-87.52,15.14],[-87.39,14.99],[-87.27,15.06],[-87.34,15.35],[-87.18,15.33],[-87.28,15.29],[-87.22,15.11],[-87.15,15.32],[-87.08,15.36],[-86.86,15.35],[-86.83,15.32],[-86.9,15.22],[-87.06,15.33],[-87.04,15.15],[-87.23,15.02],[-86.66,14.74],[-86.6,14.55],[-86.23,14.58],[-86.34,14.34],[-86.68,14.22],[-86.31,14.32],[-85.92,14.71],[-86.27,14.28],[-86.13,14.32],[-86.22,14.11],[-86.49,14.15],[-86.34,13.97],[-85.79,14.42],[-85.64,15.05],[-85.27,15.0],[-85.35,14.79],[-85.59,14.85],[-85.66,14.51],[-85.89,14.31],[-85.73,14.23],[-85.35,14.57],[-85.3,14.38],[-85.77,13.98],[-85.77,13.81],[-86.01,14.05],[-86.19,13.78],[-86.03,13.64],[-86.1,13.43],[-85.8,13.4],[-85.73,13.2],[-85.76,13.05],[-85.6,12.92],[-85.94,12.72],[-86.09,12.94],[-86.34,12.84],[-86.58,13.06],[-86.53,13.21],[-87.16,13.24],[-86.81,13.68],[-86.96,13.6],[-87.13,13.75],[-86.96,13.57],[-87.02,13.51],[-87.18,13.56],[-87.28,13.36],[-87.42,13.51],[-87.25,13.5],[-87.21,13.72],[-87.46,13.81],[-87.41,13.61],[-87.65,13.61],[-87.64,13.97],[-87.82,14.01],[-87.69,13.84],[-88.24,13.63],[-88.2,13.38],[-88.44,13.34],[-88.63,13.51],[-88.31,13.68],[-88.32,14.16],[-88.47,14.02],[-88.65,14.28],[-88.74,14.21],[-88.57,13.96],[-88.69,13.52],[-89.38,13.52],[-89.88,13.78],[-89.95,13.84],[-90.0,13.98],[-90.06,14.0],[-89.82,14.09],[-90.16,14.2],[-90.33,14.11],[-90.23,14.28],[-90.45,14.13],[-91.74,14.67],[-92.0,14.94],[-91.64,14.71],[-91.5,14.83],[-91.56,15.05],[-91.73,14.97],[-91.88,15.25],[-92.32,15.22],[-92.67,15.71],[-91.91,15.45],[-91.7,15.83],[-93.04,16.79],[-93.1,17.0],[-92.94,17.07],[-93.1,17.19],[-92.83,17.12],[-92.79,16.85],[-92.35,16.89]],[[-87.36,14.73],[-87.33,14.5],[-86.97,14.4],[-87.31,14.54],[-87.19,14.9],[-87.25,14.91],[-87.36,14.73]],[[-86.61,13.92],[-86.99,14.29],[-87.18,14.33],[-87.39,14.23],[-87.24,13.98],[-87.17,14.0],[-87.19,14.21],[-87.12,14.28],[-86.99,14.22],[-87.0,13.97],[-86.76,13.98],[-86.81,13.68],[-86.61,13.92]],[[-88.02,14.37],[-88.38,14.67],[-88.41,14.42],[-88.04,14.26],[-88.02,14.37]],[[-89.75,14.69],[-89.8,14.51],[-89.96,14.53],[-89.73,14.38],[-89.75,14.15],[-89.54,14.21],[-89.46,14.0],[-89.19,14.07],[-89.57,14.46],[-89.7,14.41],[-89.56,14.58],[-89.75,14.69]]],[[[-86.07,14.76],[-86.19,14.94],[-86.56,14.9],[-86.19,14.83],[-86.4,14.61],[-86.57,14.67],[-87.01,15.09],[-86.74,15.02],[-86.87,15.25],[-86.56,15.44],[-86.65,15.31],[-86.4,15.13],[-86.49,15.4],[-85.81,15.61],[-85.94,15.25],[-86.17,15.21],[-85.8,15.16],[-85.76,15.43],[-85.29,15.72],[-85.55,15.25],[-85.2,15.5],[-84.98,15.33],[-85.55,15.19],[-86.07,14.76]]],[[[-90.87,15.62],[-90.76,15.82],[-90.62,15.85],[-90.61,15.62],[-90.41,15.56],[-90.55,15.48],[-90.87,15.62]]],[[[-82.65,21.67],[-82.92,21.61],[-82.98,21.63],[-83.07,21.81],[-82.69,21.89],[-82.65,21.67]]],[[[-84.4,22.31],[-84.2,22.54],[-83.82,22.68],[-84.16,22.31],[-84.2,22.18],[-83.99,22.03],[-84.33,22.09],[-84.4,22.31]]],[[[-83.81,22.2],[-84.08,22.15],[-83.88,22.56],[-83.41,22.68],[-83.82,22.41],[-83.81,22.2]]],[[[-78.03,25.08],[-78.01,25.17],[-77.75,24.7],[-77.83,24.43],[-78.22,24.79],[-77.95,24.85],[-78.03,25.08]]],[[[-77.03,26.55],[-77.21,25.85],[-77.4,26.02],[-77.03,26.55]]],[[[-77.87,26.66],[-78.76,26.51],[-78.56,26.62],[-78.57,26.78],[-78.46,26.65],[-77.87,26.66]]],[[[120.78,16.28],[120.79,16.53],[120.63,16.19],[120.54,16.39],[120.67,16.6],[120.61,17.11],[120.79,16.91],[120.8,17.34],[121.02,17.65],[120.91,17.76],[121.12,17.8],[121.27,17.69],[121.07,17.36],[121.27,17.32],[121.34,16.97],[121.02,16.9],[121.0,16.39],[120.78,16.28]]],[[[-71.46,18.01],[-72.5,18.44],[-72.21,18.47],[-71.45,18.25],[-71.46,18.01]]],[[[-71.74,18.82],[-71.5,18.69],[-71.48,18.81],[-71.27,18.56],[-72.08,18.71],[-71.74,18.82]]],[[[-70.9,18.84],[-71.9,19.19],[-72.04,19.53],[-70.49,19.12],[-70.51,18.52],[-70.83,18.59],[-70.9,18.84]]],[[[93.49,23.96],[93.42,24.04],[93.68,24.23],[93.88,24.06],[93.49,23.96]]],[[[95.18,26.07],[94.62,25.38],[94.48,24.81],[94.29,25.57],[95.06,26.65],[95.18,26.07]]],[[[88.11,27.12],[88.5,27.52],[88.72,27.16],[88.11,27.12]]],[[[85.65,27.41],[85.14,27.41],[85.11,27.55],[84.9,27.53],[84.96,27.65],[84.49,27.79],[84.63,27.85],[84.66,27.75],[84.96,27.7],[85.15,27.52],[85.46,27.51],[85.65,27.41]]],[[[86.74,26.88],[86.52,26.93],[85.65,27.41],[86.74,26.88]]],[[[84.86,27.84],[84.99,27.96],[84.76,27.9],[84.95,27.99],[85.02,28.09],[84.92,28.01],[84.84,28.03],[84.89,28.25],[84.89,28.11],[85.12,28.21],[85.03,28.06],[85.15,27.96],[84.86,27.84]]],[[[84.76,28.02],[84.7,28.16],[84.51,28.04],[84.61,28.17],[84.46,28.11],[84.51,28.27],[84.37,28.27],[84.58,28.33],[84.54,28.2],[84.62,28.22],[84.8,28.13],[84.89,28.42],[84.76,28.42],[84.91,28.45],[84.89,28.25],[84.76,28.02]]],[[[84.45,28.08],[84.07,28.25],[84.15,28.19],[83.87,28.26],[84.05,28.0],[83.72,27.94],[83.91,28.1],[83.83,28.15],[83.75,27.99],[83.58,28.06],[83.85,28.43],[84.01,28.32],[84.11,28.42],[84.17,28.27],[84.25,28.36],[84.45,28.08]]],[[[84.2,28.16],[84.09,28.05],[84.15,28.19],[84.2,28.16]]],[[[81.94,28.71],[81.95,28.93],[82.05,28.89],[82.11,28.73],[82.39,28.85],[82.34,28.69],[82.29,28.7],[82.31,28.8],[82.04,28.65],[82.02,28.79],[82.0,28.48],[81.79,28.49],[81.55,28.66],[81.8,28.8],[81.79,28.89],[81.7,28.82],[81.66,28.95],[81.57,28.8],[81.57,28.98],[81.43,28.99],[81.56,29.08],[81.9,28.94],[81.94,28.71]]],[[[82.65,28.67],[82.48,28.65],[82.66,28.48],[82.58,28.39],[82.92,28.37],[82.86,28.22],[82.95,28.33],[83.38,28.23],[83.37,28.35],[83.66,28.23],[83.53,27.98],[83.21,28.26],[83.31,28.12],[83.17,28.12],[83.45,27.97],[83.18,28.01],[83.21,27.91],[84.29,27.78],[82.95,27.78],[83.09,27.94],[82.84,28.05],[82.89,28.18],[82.72,28.16],[82.77,28.31],[82.58,28.28],[82.78,28.05],[82.59,28.1],[82.91,27.92],[82.08,28.25],[82.25,28.31],[82.07,28.28],[81.79,28.38],[81.9,28.29],[81.32,28.63],[81.94,28.35],[82.13,28.5],[82.04,28.63],[82.23,28.54],[82.25,28.7],[82.45,28.61],[82.46,28.67],[82.34,28.69],[82.65,28.67]]],[[[81.28,29.04],[81.14,29.1],[81.38,29.16],[81.22,29.17],[81.27,29.29],[81.43,29.25],[81.39,29.13],[81.56,29.14],[81.38,29.0],[81.5,28.88],[81.56,28.76],[81.46,28.91],[81.15,28.96],[81.28,29.04]]],[[[80.89,29.47],[80.63,29.31],[80.96,29.23],[81.13,28.99],[80.62,29.04],[81.0,28.91],[81.27,28.65],[80.6,28.89],[80.55,29.06],[80.51,28.95],[80.19,29.06],[80.54,29.09],[80.31,29.21],[80.49,29.44],[80.32,29.33],[80.26,29.43],[80.69,29.69],[80.43,29.62],[80.38,29.74],[80.73,29.85],[80.76,29.56],[80.51,29.39],[80.89,29.47]]],[[[77.7,31.61],[77.66,31.45],[77.05,31.23],[77.08,31.02],[77.23,31.19],[77.81,30.99],[77.77,30.75],[78.29,30.64],[78.45,30.8],[78.94,30.27],[79.21,30.31],[79.63,29.94],[80.07,29.82],[80.35,29.51],[80.25,29.44],[80.27,29.14],[78.71,29.34],[78.79,29.49],[79.1,29.49],[78.53,29.72],[78.48,30.28],[78.3,30.22],[78.15,30.54],[77.8,30.57],[77.44,30.86],[77.14,30.72],[76.9,30.84],[76.3,31.38],[76.41,31.57],[75.99,31.9],[77.02,31.76],[75.78,32.22],[75.12,32.77],[75.03,33.14],[75.25,33.16],[75.45,32.84],[75.96,32.8],[75.73,32.43],[77.09,31.88],[77.14,31.54],[77.7,31.61]],[[78.91,30.0],[79.42,29.89],[79.49,30.0],[78.99,30.18],[78.91,30.0]]],[[[74.05,33.8],[74.81,33.49],[74.63,33.29],[74.76,33.15],[74.22,33.07],[73.24,33.75],[72.85,33.71],[73.16,34.04],[72.96,33.99],[72.79,34.18],[72.77,34.62],[72.99,34.84],[72.9,34.95],[73.23,34.87],[73.08,34.75],[73.63,34.15],[74.24,34.02],[74.05,33.8]],[[73.36,33.89],[73.37,34.36],[72.99,34.51],[73.36,33.89]]],[[[72.91,34.82],[72.75,34.72],[72.68,34.14],[72.11,34.36],[72.13,34.59],[72.61,34.95],[72.91,34.82]]]]}},{"type":"Feature","properties":{"biome":"Temperate Broadleaf & Mixed Forests","style":{"fillColor":"#00734C"}},"geometry":{"type":"MultiPolygon","coordinates":[[[[-176.85,-43.82],[-176.56,-43.72],[-176.17,-43.73],[-176.39,-43.91],[-176.36,-43.78],[-176.54,-43.77],[-176.3,-44.05],[-176.61,-44.12],[-176.55,-43.84],[-176.85,-43.82]]],[[[-95.62,30.9],[-96.12,30.38],[-96.83,30.01],[-97.7,28.99],[-97.31,29.04],[-96.87,29.37],[-96.6,29.71],[-96.63,29.91],[-96.51,29.81],[-96.2,30.2],[-95.86,30.13],[-96.58,29.66],[-96.75,29.08],[-97.12,29.05],[-97.11,28.74],[-97.49,28.6],[-97.39,28.46],[-97.88,28.24],[-98.06,28.31],[-98.36,28.92],[-98.67,28.93],[-98.84,29.19],[-98.35,29.23],[-97.7,29.8],[-97.57,29.77],[-97.54,30.29],[-96.9,30.85],[-96.23,31.99],[-96.19,32.15],[-96.54,32.45],[-96.19,32.44],[-96.23,32.97],[-96.07,33.16],[-95.92,33.04],[-95.6,33.22],[-95.49,33.47],[-95.17,33.49],[-95.63,33.65],[-95.6,33.76],[-96.34,33.62],[-96.68,33.79],[-96.57,33.98],[-96.12,33.91],[-96.36,33.69],[-95.62,33.89],[-95.27,33.83],[-94.84,33.65],[-94.62,33.25],[-95.29,33.02],[-95.77,32.29],[-95.62,30.9]]],[[[-90.08,35.3],[-90.22,34.62],[-90.03,34.32],[-90.01,33.76],[-90.2,33.1],[-91.36,31.68],[-91.35,31.34],[-91.57,30.94],[-90.95,30.16],[-90.41,30.42],[-89.61,30.19],[-89.84,29.95],[-89.61,29.87],[-89.48,30.08],[-89.27,29.76],[-89.65,29.75],[-89.49,29.62],[-89.72,29.61],[-89.56,29.39],[-89.28,29.36],[-89.27,29.2],[-89.36,29.29],[-89.42,29.14],[-90.17,29.58],[-90.05,29.19],[-90.23,29.09],[-90.44,29.35],[-90.86,29.09],[-91.33,29.3],[-91.12,29.26],[-91.26,29.55],[-91.55,29.52],[-91.62,29.74],[-91.88,29.71],[-91.83,29.83],[-92.11,29.75],[-91.92,29.95],[-91.64,29.88],[-92.07,30.45],[-92.15,31.01],[-92.03,31.06],[-92.17,31.47],[-91.82,31.83],[-92.14,32.21],[-92.17,32.66],[-91.71,32.97],[-91.52,33.57],[-91.99,34.1],[-92.26,34.74],[-93.43,34.05],[-95.04,34.08],[-96.27,34.32],[-96.65,34.6],[-96.62,34.8],[-96.08,35.22],[-95.23,35.35],[-95.14,35.69],[-95.33,35.65],[-95.19,35.78],[-95.3,36.02],[-95.13,36.57],[-94.84,36.69],[-94.57,37.31],[-94.0,37.43],[-93.93,37.71],[-94.05,37.71],[-93.75,37.98],[-93.95,38.08],[-93.65,38.1],[-93.61,38.3],[-93.4,38.41],[-93.29,38.32],[-93.08,38.53],[-93.27,38.66],[-93.03,38.66],[-92.95,38.86],[-92.54,38.81],[-92.8,38.73],[-92.54,38.4],[-91.57,38.64],[-91.02,38.45],[-90.46,38.63],[-90.29,38.46],[-90.38,38.16],[-89.68,37.27],[-89.49,37.25],[-89.69,37.15],[-89.63,37.05],[-89.11,37.13],[-89.1,36.6],[-89.31,36.47],[-89.37,36.18],[-90.08,35.3]],[[-90.05,36.49],[-89.81,37.08],[-90.2,36.95],[-90.04,36.79],[-90.11,36.52],[-90.61,36.2],[-90.84,35.84],[-90.68,35.71],[-90.82,35.08],[-90.71,34.88],[-90.67,35.82],[-90.05,36.49]]],[[[-89.1,43.75],[-89.49,43.65],[-89.69,43.41],[-89.54,43.32],[-89.63,42.65],[-90.01,42.4],[-89.92,42.29],[-90.07,42.1],[-90.36,42.12],[-91.02,42.57],[-91.81,42.83],[-91.94,43.37],[-92.57,43.71],[-92.7,44.11],[-92.98,44.28],[-93.01,44.46],[-92.78,44.75],[-92.2,44.76],[-92.25,45.05],[-92.56,45.11],[-93.2,44.73],[-93.21,44.29],[-93.74,44.1],[-94.02,44.28],[-94.11,44.9],[-94.49,44.94],[-94.63,45.18],[-94.91,45.12],[-95.58,45.38],[-96.27,46.44],[-96.29,46.86],[-95.92,46.87],[-95.82,47.43],[-95.64,47.64],[-95.27,47.7],[-95.48,47.7],[-95.67,48.2],[-95.48,48.36],[-95.83,48.49],[-95.57,48.47],[-95.74,48.79],[-95.6,48.85],[-96.0,48.89],[-96.46,48.71],[-96.66,48.88],[-96.42,49.04],[-96.47,49.64],[-96.3,49.92],[-96.61,50.49],[-96.56,50.72],[-96.0,50.41],[-95.38,50.43],[-95.08,50.22],[-94.61,50.36],[-93.48,49.94],[-91.91,50.09],[-91.13,49.49],[-91.26,49.3],[-90.76,48.84],[-89.91,48.54],[-89.86,48.76],[-88.9,48.54],[-89.21,48.43],[-89.5,48.0],[-90.76,47.61],[-92.17,46.71],[-91.8,46.69],[-90.86,46.96],[-90.75,46.89],[-90.95,46.59],[-90.76,46.71],[-90.44,46.56],[-88.97,47.0],[-88.22,47.45],[-88.04,47.48],[-87.81,47.48],[-87.71,47.4],[-88.23,47.2],[-88.49,46.76],[-88.14,46.97],[-88.25,46.87],[-87.68,46.84],[-87.35,46.5],[-86.65,46.41],[-86.16,46.67],[-84.95,46.77],[-85.02,46.48],[-84.58,46.41],[-84.35,46.49],[-84.58,46.58],[-84.42,46.69],[-84.57,46.69],[-84.55,46.82],[-84.35,46.88],[-84.79,46.98],[-84.59,47.3],[-85.03,47.6],[-84.81,47.94],[-83.84,47.81],[-83.45,48.34],[-83.47,48.56],[-83.08,48.62],[-80.98,48.18],[-80.8,48.25],[-80.77,48.45],[-79.89,48.43],[-79.79,48.24],[-78.97,47.86],[-77.61,47.59],[-76.88,48.1],[-76.46,48.22],[-76.02,48.7],[-75.6,48.73],[-74.91,49.29],[-74.47,49.36],[-74.36,49.52],[-73.74,49.19],[-73.28,49.25],[-72.87,48.72],[-71.88,48.33],[-70.84,48.15],[-70.13,48.23],[-69.98,47.81],[-70.14,47.68],[-69.95,47.74],[-70.48,47.43],[-70.74,47.09],[-71.33,46.85],[-71.05,46.95],[-71.28,46.74],[-70.49,47.02],[-69.45,48.0],[-68.18,48.64],[-66.07,49.21],[-64.83,49.17],[-64.17,48.74],[-64.56,48.87],[-64.2,48.64],[-64.33,48.41],[-65.18,48.03],[-66.0,48.17],[-66.68,48.02],[-65.77,47.86],[-65.7,47.46],[-65.71,47.69],[-64.99,47.83],[-64.68,47.71],[-64.98,47.28],[-65.36,47.08],[-64.81,47.07],[-65.0,46.84],[-64.72,46.69],[-64.56,46.22],[-63.8,46.13],[-64.1,46.02],[-62.49,45.6],[-61.95,45.89],[-61.93,45.61],[-61.5,45.7],[-61.35,45.56],[-61.25,45.52],[-61.24,45.49],[-61.48,45.36],[-60.97,45.32],[-63.05,44.67],[-63.45,44.59],[-63.65,44.72],[-63.53,44.5],[-63.65,44.43],[-63.94,44.5],[-63.92,44.65],[-64.09,44.47],[-64.31,44.56],[-64.36,44.44],[-64.22,44.36],[-64.35,44.36],[-64.23,44.29],[-64.35,44.18],[-64.97,43.75],[-65.23,43.78],[-65.26,43.66],[-65.34,43.77],[-65.42,43.48],[-65.58,43.56],[-65.73,43.49],[-65.86,43.81],[-66.01,43.85],[-65.99,43.69],[-66.17,43.86],[-66.12,44.34],[-65.85,44.57],[-66.2,44.37],[-66.03,44.56],[-64.43,45.32],[-64.39,45.13],[-64.14,45.02],[-64.13,45.21],[-63.41,45.35],[-64.95,45.32],[-64.29,45.79],[-64.55,45.72],[-64.5,45.81],[-64.7,45.99],[-64.57,45.83],[-64.78,45.6],[-65.9,45.19],[-66.89,45.04],[-67.19,45.23],[-66.98,44.91],[-67.23,44.93],[-67.17,44.79],[-67.06,44.91],[-66.95,44.82],[-67.19,44.64],[-67.4,44.72],[-67.71,44.5],[-67.81,44.62],[-68.06,44.33],[-68.24,44.59],[-68.23,44.47],[-68.5,44.49],[-68.57,44.4],[-68.52,44.23],[-68.74,44.33],[-68.83,44.31],[-68.77,44.5],[-68.8,44.56],[-69.16,44.07],[-69.31,43.95],[-69.38,44.09],[-69.5,43.84],[-69.54,43.92],[-69.7,43.89],[-69.83,43.7],[-69.87,43.91],[-70.18,43.76],[-70.12,43.92],[-70.31,43.66],[-70.2,43.57],[-70.36,43.53],[-70.67,43.08],[-70.83,43.18],[-70.92,43.13],[-70.71,43.04],[-70.84,42.7],[-70.59,42.64],[-70.93,42.57],[-70.83,42.5],[-70.95,42.34],[-71.1,42.41],[-70.97,42.22],[-70.77,42.25],[-70.6,42.01],[-70.79,41.95],[-70.76,41.64],[-70.92,41.68],[-70.95,41.51],[-71.2,41.45],[-71.11,41.79],[-71.3,41.65],[-71.38,41.87],[-71.48,41.36],[-72.91,41.3],[-73.59,41.04],[-73.82,40.89],[-73.81,40.82],[-73.93,40.88],[-73.98,40.71],[-74.12,40.72],[-74.97,40.07],[-76.59,39.38],[-77.17,38.82],[-77.08,38.89],[-77.56,38.28],[-77.5,37.35],[-77.65,36.48],[-78.13,35.95],[-78.15,35.66],[-78.44,35.55],[-78.84,35.65],[-78.94,35.52],[-78.77,35.52],[-78.82,35.42],[-79.06,35.5],[-79.23,35.43],[-78.98,35.35],[-79.78,35.31],[-79.94,34.82],[-80.45,34.75],[-80.65,34.31],[-80.87,34.28],[-80.75,34.22],[-81.89,33.81],[-82.01,33.49],[-82.37,33.42],[-82.44,33.56],[-82.6,33.24],[-82.7,33.34],[-82.99,33.11],[-83.11,33.28],[-83.05,33.08],[-83.13,33.2],[-83.16,33.03],[-84.09,32.66],[-85.0,32.5],[-86.27,32.62],[-86.68,32.97],[-87.13,32.97],[-87.17,33.17],[-87.47,33.22],[-87.83,34.11],[-87.56,34.24],[-87.8,34.28],[-87.68,34.33],[-87.81,34.48],[-87.72,34.57],[-88.01,34.7],[-87.66,35.01],[-87.69,35.24],[-87.89,35.1],[-88.1,35.29],[-88.01,36.07],[-88.24,36.5],[-88.15,36.69],[-88.37,36.97],[-88.27,37.02],[-88.45,37.05],[-88.4,37.17],[-88.49,37.3],[-88.05,37.5],[-87.86,37.15],[-87.04,36.96],[-85.77,37.35],[-86.47,37.47],[-86.76,37.9],[-86.96,38.53],[-86.82,39.02],[-87.06,39.66],[-86.88,39.7],[-87.31,39.72],[-87.48,40.2],[-87.36,40.45],[-87.27,40.36],[-86.93,40.49],[-86.28,41.67],[-86.43,41.73],[-86.93,41.29],[-86.94,41.51],[-87.0,41.35],[-87.09,41.29],[-87.0,41.6],[-87.3,41.62],[-86.64,41.88],[-86.26,42.46],[-86.23,42.99],[-86.54,43.64],[-86.52,44.06],[-86.4,44.16],[-86.26,44.37],[-86.26,44.69],[-85.54,45.21],[-85.65,44.84],[-85.48,44.99],[-85.53,44.75],[-85.37,45.27],[-84.84,45.36],[-85.12,45.58],[-85.01,45.76],[-83.39,45.27],[-83.26,45.03],[-83.46,45.0],[-83.27,44.71],[-83.34,44.33],[-83.95,43.75],[-83.68,43.58],[-83.4,43.92],[-82.92,44.07],[-82.64,43.85],[-82.41,43.0],[-81.71,43.38],[-81.75,44.08],[-81.26,44.63],[-81.37,44.98],[-81.69,45.25],[-81.29,45.24],[-81.27,45.0],[-80.96,44.95],[-81.13,44.75],[-80.9,44.79],[-80.93,44.59],[-80.64,44.72],[-80.09,44.47],[-79.99,44.66],[-80.12,44.79],[-79.95,44.86],[-79.89,44.75],[-78.65,44.69],[-79.79,44.81],[-80.08,45.08],[-79.99,45.14],[-80.13,45.23],[-80.04,45.29],[-80.03,45.33],[-80.07,45.39],[-80.29,45.35],[-80.8,45.95],[-81.69,45.94],[-81.54,46.09],[-81.64,46.11],[-81.78,45.99],[-81.89,45.98],[-81.72,46.1],[-83.06,46.17],[-84.05,46.31],[-84.1,46.44],[-84.26,46.19],[-84.03,46.13],[-83.91,45.96],[-84.67,46.05],[-84.76,45.84],[-85.51,46.1],[-86.27,45.94],[-86.61,45.6],[-86.72,45.68],[-86.54,45.88],[-86.97,45.67],[-86.97,45.91],[-87.98,44.58],[-88.65,44.24],[-88.85,44.28],[-89.17,43.98],[-89.1,43.75]],[[-64.7,46.0],[-65.22,45.89],[-64.7,45.99],[-64.7,46.0]],[[-76.93,43.21],[-76.22,43.54],[-76.3,43.86],[-76.06,43.99],[-76.29,43.96],[-76.31,44.08],[-76.37,44.1],[-76.01,44.27],[-75.86,44.35],[-75.76,44.45],[-75.76,44.52],[-76.98,44.06],[-76.89,44.17],[-77.05,44.11],[-76.99,44.2],[-77.34,44.17],[-77.59,44.07],[-77.06,44.17],[-77.11,44.04],[-76.97,44.05],[-76.84,44.11],[-77.04,43.93],[-76.85,43.94],[-77.15,43.85],[-77.6,44.04],[-78.85,43.86],[-79.47,43.64],[-79.78,43.32],[-79.36,43.18],[-78.11,43.38],[-76.93,43.21]],[[-81.85,42.25],[-82.41,42.11],[-82.51,41.92],[-83.11,42.05],[-83.13,42.26],[-83.2,42.09],[-83.19,42.03],[-83.38,41.89],[-83.35,41.87],[-83.47,41.78],[-83.48,41.7],[-82.56,41.4],[-81.73,41.49],[-78.85,42.79],[-78.92,42.94],[-80.2,42.78],[-80.45,42.62],[-80.1,42.54],[-81.34,42.65],[-81.85,42.25]]],[[[-88.51,37.3],[-88.89,37.37],[-89.26,37.28],[-89.4,37.62],[-88.29,37.7],[-88.09,37.49],[-88.51,37.3]]],[[[-87.7,44.75],[-87.39,44.83],[-87.01,45.3],[-87.46,44.56],[-87.7,44.75]]],[[[-81.8,45.73],[-81.68,45.9],[-81.58,45.8],[-81.84,45.51],[-82.0,45.55],[-81.75,45.69],[-82.06,45.55],[-83.23,45.88],[-82.81,45.97],[-82.76,45.83],[-82.54,45.78],[-82.58,45.9],[-82.3,45.99],[-82.16,45.82],[-81.96,45.99],[-81.8,45.73]]],[[[-88.92,47.89],[-89.24,47.85],[-89.17,47.94],[-88.43,48.18],[-88.92,47.89]]],[[[-74.99,-51.71],[-74.86,-51.93],[-74.94,-51.66],[-74.77,-51.66],[-74.89,-52.08],[-75.03,-52.12],[-74.95,-51.94],[-75.13,-51.82],[-74.99,-51.71]]],[[[-74.78,-50.98],[-74.96,-50.99],[-74.94,-50.89],[-74.62,-50.96],[-74.53,-50.82],[-74.68,-50.75],[-74.4,-50.82],[-74.38,-51.1],[-74.47,-51.0],[-74.71,-51.12],[-74.62,-50.98],[-74.81,-51.09],[-74.78,-50.98]]],[[[-74.36,-50.54],[-74.69,-50.5],[-74.36,-50.46],[-74.21,-50.69],[-74.43,-50.65],[-74.22,-50.71],[-74.16,-50.85],[-74.53,-50.71],[-74.36,-50.54]]],[[[-75.25,-50.08],[-75.02,-50.14],[-74.96,-50.07],[-75.03,-50.2],[-74.77,-50.15],[-75.34,-50.44],[-75.19,-50.3],[-75.47,-50.36],[-75.4,-50.17],[-75.17,-50.28],[-75.09,-50.15],[-75.39,-50.08],[-75.25,-50.08]]],[[[-74.58,-49.68],[-74.45,-49.62],[-74.38,-49.74],[-74.55,-49.73],[-74.4,-49.9],[-74.62,-49.96],[-74.87,-49.98],[-74.88,-49.87],[-74.77,-49.89],[-74.62,-49.8],[-74.81,-49.86],[-74.72,-49.73],[-74.85,-49.82],[-74.92,-49.68],[-74.68,-49.64],[-74.88,-49.54],[-74.62,-49.44],[-74.72,-49.43],[-74.61,-49.32],[-75.07,-49.56],[-75.0,-49.8],[-74.92,-49.76],[-75.0,-49.91],[-75.25,-49.68],[-75.16,-49.6],[-75.31,-49.62],[-75.15,-49.52],[-75.4,-49.51],[-75.32,-49.41],[-75.41,-49.47],[-75.47,-49.3],[-75.22,-49.44],[-74.97,-49.42],[-75.22,-49.43],[-75.33,-49.28],[-75.05,-49.37],[-75.19,-49.29],[-74.99,-49.31],[-75.1,-49.2],[-74.88,-49.39],[-74.75,-49.1],[-74.94,-49.01],[-74.75,-49.04],[-75.02,-48.92],[-74.85,-48.85],[-74.84,-48.82],[-74.88,-48.85],[-75.01,-48.89],[-75.07,-48.84],[-74.79,-48.69],[-74.61,-48.75],[-74.67,-48.88],[-74.56,-48.71],[-74.47,-49.5],[-74.58,-49.68]]],[[[-75.65,-48.9],[-75.39,-48.83],[-75.42,-48.89],[-75.26,-48.88],[-75.23,-49.01],[-75.17,-49.03],[-75.26,-49.09],[-75.3,-48.94],[-75.47,-49.07],[-75.65,-48.9]]],[[[-75.39,-48.6],[-75.64,-48.64],[-75.66,-48.49],[-75.31,-48.46],[-75.4,-48.56],[-75.31,-48.54],[-75.29,-48.62],[-75.32,-48.6],[-75.51,-48.72],[-75.62,-48.69],[-75.39,-48.6]]],[[[-74.84,-48.4],[-74.76,-48.56],[-75.02,-48.5],[-74.84,-48.4]]],[[[-74.72,-48.14],[-74.61,-48.6],[-74.76,-48.56],[-74.72,-48.14]]],[[[-75.05,-48.61],[-75.23,-48.72],[-75.28,-48.33],[-75.57,-48.39],[-75.36,-48.29],[-75.55,-48.35],[-75.39,-48.2],[-75.52,-48.26],[-75.58,-48.09],[-75.37,-48.01],[-75.36,-48.18],[-75.15,-48.39],[-75.21,-48.45],[-75.2,-48.46],[-75.05,-48.61]]],[[[-75.17,-48.28],[-75.08,-48.22],[-75.25,-48.08],[-74.89,-48.17],[-74.95,-48.28],[-74.79,-48.18],[-75.03,-48.47],[-75.16,-48.32],[-75.05,-48.27],[-75.17,-48.28]]],[[[-74.16,-52.94],[-73.75,-53.06],[-73.64,-53.16],[-73.61,-53.07],[-73.55,-53.27],[-73.48,-53.13],[-73.11,-53.35],[-73.62,-53.33],[-73.49,-53.3],[-73.61,-53.27],[-73.58,-53.23],[-73.72,-53.13],[-73.78,-53.17],[-73.81,-53.09],[-73.8,-53.17],[-73.89,-53.05],[-74.33,-53.12],[-74.75,-52.77],[-74.16,-52.94]]],[[[-73.87,-50.56],[-74.15,-50.44],[-74.0,-50.38],[-74.33,-50.41],[-74.15,-50.34],[-74.31,-50.25],[-74.33,-50.39],[-74.55,-50.3],[-74.45,-50.24],[-74.7,-50.21],[-74.38,-50.09],[-74.61,-50.11],[-74.44,-50.02],[-74.17,-50.29],[-73.85,-50.3],[-74.35,-50.01],[-73.89,-50.03],[-73.64,-50.47],[-73.76,-50.53],[-73.94,-50.85],[-74.3,-50.47],[-73.87,-50.56]]],[[[-73.92,-49.55],[-73.88,-49.65],[-73.74,-49.71],[-74.03,-49.98],[-74.34,-49.79],[-74.03,-49.7],[-74.28,-49.75],[-74.32,-49.63],[-73.92,-49.55]]],[[[-74.17,-45.03],[-73.8,-44.99],[-73.68,-45.16],[-73.7,-45.28],[-74.22,-45.16],[-74.17,-45.03]]],[[[-73.8,-42.54],[-73.78,-42.62],[-73.46,-42.88],[-73.67,-42.88],[-73.48,-43.15],[-73.73,-43.1],[-73.75,-43.2],[-73.67,-43.32],[-73.81,-43.32],[-73.84,-43.43],[-74.42,-43.23],[-74.17,-42.87],[-74.05,-41.8],[-73.48,-41.83],[-73.56,-41.95],[-73.42,-42.07],[-73.49,-42.16],[-73.36,-42.34],[-73.67,-42.39],[-73.68,-42.48],[-73.59,-42.53],[-73.79,-42.53],[-73.8,-42.54]]],[[[-71.0,-55.04],[-70.98,-54.96],[-70.29,-54.91],[-70.73,-55.01],[-70.45,-55.06],[-70.26,-55.04],[-70.44,-55.09],[-70.34,-55.15],[-71.0,-55.04]]],[[[-71.4,-54.53],[-71.32,-54.62],[-71.47,-54.7],[-71.49,-54.58],[-71.89,-54.65],[-71.88,-54.57],[-72.02,-54.51],[-71.62,-54.59],[-71.75,-54.49],[-71.5,-54.55],[-71.85,-54.44],[-71.53,-54.51],[-71.6,-54.4],[-71.35,-54.37],[-70.93,-54.51],[-70.93,-54.36],[-70.57,-54.35],[-71.14,-54.7],[-71.29,-54.65],[-71.12,-54.62],[-71.4,-54.53]]],[[[-70.56,-54.39],[-70.08,-54.55],[-70.91,-54.13],[-70.13,-54.43],[-70.04,-54.38],[-70.2,-54.31],[-70.02,-54.26],[-69.82,-54.44],[-69.91,-54.5],[-69.75,-54.51],[-70.04,-54.6],[-70.7,-54.53],[-70.56,-54.39]]],[[[-70.97,-54.31],[-71.14,-54.3],[-71.11,-54.4],[-71.35,-54.32],[-71.17,-54.24],[-71.37,-54.25],[-71.39,-54.12],[-71.51,-54.28],[-71.69,-54.16],[-71.55,-54.09],[-71.55,-53.95],[-71.39,-54.09],[-71.26,-54.0],[-71.2,-54.2],[-70.99,-54.09],[-70.97,-54.31]]],[[[-71.96,-54.33],[-71.87,-54.23],[-72.24,-54.07],[-72.25,-53.92],[-72.04,-53.99],[-71.9,-53.85],[-71.84,-53.99],[-71.64,-53.93],[-71.78,-54.01],[-71.61,-54.09],[-71.73,-54.17],[-71.94,-54.04],[-71.71,-54.24],[-71.96,-54.33]]],[[[-70.71,-53.7],[-70.49,-53.56],[-70.34,-54.04],[-70.68,-53.93],[-70.46,-54.26],[-70.88,-54.07],[-70.89,-53.89],[-70.61,-53.87],[-70.71,-53.7]]],[[[-72.38,-53.64],[-72.48,-53.75],[-72.13,-53.81],[-72.41,-53.84],[-72.32,-54.04],[-72.46,-53.96],[-72.53,-54.09],[-73.06,-54.08],[-72.77,-54.08],[-72.96,-54.02],[-72.76,-54.04],[-72.88,-53.98],[-72.55,-53.78],[-72.95,-53.75],[-72.88,-53.86],[-73.06,-53.81],[-73.1,-54.05],[-73.36,-53.97],[-73.21,-53.9],[-73.24,-53.7],[-73.62,-53.75],[-73.47,-53.66],[-73.62,-53.66],[-73.57,-53.57],[-73.22,-53.65],[-73.46,-53.45],[-73.06,-53.55],[-73.19,-53.39],[-73.01,-53.4],[-72.87,-53.68],[-72.87,-53.46],[-72.68,-53.69],[-72.68,-53.52],[-72.38,-53.64]]],[[[-72.68,-53.31],[-72.4,-53.54],[-72.54,-53.56],[-73.32,-53.16],[-72.72,-53.3],[-72.85,-53.18],[-72.66,-53.15],[-72.98,-53.1],[-72.85,-53.03],[-72.93,-53.05],[-72.94,-52.9],[-73.02,-52.85],[-72.7,-52.71],[-72.61,-52.77],[-72.73,-52.89],[-72.15,-52.66],[-71.49,-52.64],[-71.4,-52.8],[-72.04,-53.13],[-72.31,-53.03],[-72.6,-53.07],[-72.2,-53.19],[-72.68,-53.31]]],[[[-72.91,-49.9],[-72.79,-50.36],[-71.99,-51.48],[-71.25,-51.82],[-72.14,-51.56],[-72.1,-51.76],[-70.56,-52.67],[-70.88,-52.74],[-70.74,-52.79],[-70.9,-52.91],[-70.79,-52.94],[-70.98,-53.38],[-70.96,-53.79],[-71.29,-53.9],[-72.09,-53.7],[-72.47,-53.4],[-72.13,-53.24],[-72.11,-53.38],[-72.28,-53.42],[-72.09,-53.42],[-71.87,-53.22],[-71.76,-53.43],[-72.07,-53.55],[-71.78,-53.51],[-71.74,-53.45],[-71.77,-53.31],[-71.73,-53.21],[-71.12,-52.89],[-71.56,-52.56],[-72.34,-52.52],[-72.44,-52.67],[-72.57,-52.59],[-72.41,-52.49],[-72.88,-52.52],[-72.88,-52.58],[-73.01,-52.74],[-72.83,-52.6],[-72.68,-52.67],[-73.06,-52.85],[-72.95,-53.02],[-73.14,-53.1],[-73.45,-53.01],[-73.18,-52.9],[-73.58,-52.8],[-73.24,-52.8],[-73.31,-52.71],[-73.27,-52.69],[-73.42,-52.55],[-73.37,-52.64],[-73.74,-52.74],[-73.57,-52.65],[-73.64,-52.55],[-73.49,-52.49],[-73.67,-52.45],[-73.59,-52.22],[-73.76,-52.05],[-73.35,-52.25],[-73.0,-52.08],[-73.11,-52.26],[-73.44,-52.28],[-73.36,-52.42],[-72.87,-52.28],[-72.74,-52.08],[-72.9,-52.22],[-72.96,-52.06],[-72.78,-51.96],[-72.54,-52.22],[-72.98,-52.46],[-72.56,-52.47],[-72.67,-52.4],[-72.48,-52.21],[-72.67,-51.97],[-72.45,-51.92],[-72.46,-51.78],[-72.7,-51.58],[-73.09,-51.48],[-73.02,-51.24],[-73.13,-51.26],[-73.09,-51.41],[-73.2,-51.48],[-73.11,-51.38],[-73.4,-51.38],[-73.26,-51.51],[-73.06,-51.51],[-73.11,-51.62],[-72.99,-51.53],[-72.54,-51.75],[-72.73,-51.85],[-73.3,-51.58],[-73.0,-51.8],[-73.22,-51.9],[-72.92,-51.87],[-73.14,-51.95],[-73.24,-52.11],[-73.4,-51.65],[-73.32,-52.18],[-73.65,-51.85],[-73.39,-52.05],[-73.6,-51.76],[-73.46,-51.68],[-73.71,-51.8],[-73.81,-51.68],[-73.7,-51.63],[-73.93,-51.63],[-73.79,-51.55],[-73.92,-51.55],[-73.89,-51.37],[-73.59,-51.63],[-73.79,-51.22],[-73.64,-51.2],[-73.82,-51.07],[-73.74,-51.18],[-73.9,-51.26],[-74.0,-51.12],[-74.13,-51.2],[-74.06,-50.96],[-74.21,-51.06],[-74.23,-50.92],[-73.9,-50.87],[-73.8,-51.01],[-73.79,-50.7],[-73.57,-50.67],[-73.64,-51.01],[-73.48,-51.28],[-73.14,-50.66],[-73.52,-50.06],[-73.22,-49.67],[-73.23,-48.49],[-73.49,-48.3],[-74.11,-48.81],[-73.79,-49.17],[-73.73,-49.71],[-73.74,-49.71],[-73.86,-49.53],[-74.1,-49.5],[-74.04,-49.26],[-73.81,-49.39],[-73.99,-49.1],[-74.19,-49.21],[-74.2,-49.54],[-74.41,-49.39],[-74.33,-49.19],[-74.46,-49.03],[-74.33,-48.95],[-74.38,-48.72],[-74.22,-48.85],[-74.32,-48.75],[-74.06,-48.75],[-74.4,-48.6],[-74.19,-48.48],[-73.97,-48.61],[-74.03,-48.45],[-73.88,-48.43],[-74.27,-48.34],[-74.3,-48.22],[-74.51,-48.1],[-74.4,-48.01],[-74.66,-48.02],[-74.53,-47.94],[-74.33,-48.01],[-74.26,-48.26],[-74.14,-48.23],[-74.3,-48.01],[-73.76,-48.04],[-73.64,-48.26],[-73.49,-48.18],[-73.4,-48.22],[-73.27,-48.16],[-73.26,-48.03],[-73.36,-48.19],[-73.64,-48.01],[-73.54,-47.88],[-73.72,-47.56],[-73.75,-47.78],[-73.92,-47.84],[-74.05,-47.77],[-74.36,-47.79],[-74.38,-47.74],[-74.52,-47.79],[-74.73,-47.7],[-74.54,-47.52],[-74.43,-47.67],[-74.14,-47.6],[-74.51,-47.42],[-74.03,-47.16],[-74.23,-47.12],[-74.0,-46.97],[-74.27,-46.75],[-74.64,-46.8],[-74.39,-46.9],[-74.67,-46.88],[-75.05,-46.69],[-74.97,-46.5],[-75.52,-46.65],[-75.3,-46.85],[-75.55,-46.94],[-75.69,-46.78],[-75.62,-46.56],[-74.74,-46.18],[-74.7,-45.95],[-75.03,-46.12],[-75.08,-45.87],[-74.54,-45.84],[-74.43,-46.04],[-74.45,-45.8],[-74.09,-45.82],[-74.03,-46.17],[-73.74,-46.24],[-73.96,-46.54],[-73.87,-46.6],[-73.34,-46.04],[-73.68,-46.33],[-73.53,-45.83],[-73.15,-45.67],[-73.57,-45.78],[-73.48,-45.44],[-73.21,-45.29],[-72.99,-45.45],[-72.8,-45.43],[-72.81,-45.37],[-72.92,-45.42],[-73.2,-45.24],[-73.34,-45.29],[-73.43,-45.27],[-73.5,-45.24],[-73.52,-45.19],[-73.31,-45.2],[-73.36,-44.96],[-73.1,-44.95],[-72.71,-44.74],[-72.57,-44.5],[-73.29,-44.16],[-73.09,-44.09],[-72.94,-43.76],[-73.05,-43.73],[-72.88,-43.62],[-73.09,-43.44],[-72.71,-42.94],[-72.82,-42.53],[-72.53,-42.56],[-72.84,-42.3],[-72.59,-42.19],[-72.39,-42.49],[-72.43,-41.97],[-72.88,-41.91],[-72.36,-41.68],[-72.29,-41.51],[-72.57,-41.71],[-72.98,-41.49],[-73.1,-41.59],[-73.04,-41.71],[-73.18,-41.78],[-73.26,-41.71],[-73.41,-41.77],[-73.35,-41.81],[-73.76,-41.74],[-73.65,-41.61],[-73.86,-41.46],[-73.94,-40.97],[-73.72,-40.54],[-73.71,-40.0],[-73.47,-39.85],[-73.37,-39.94],[-73.4,-39.69],[-73.19,-39.38],[-73.49,-38.66],[-73.45,-38.12],[-73.68,-37.33],[-73.59,-37.15],[-73.45,-37.25],[-73.16,-37.11],[-73.22,-36.77],[-73.11,-36.61],[-72.99,-36.73],[-72.79,-35.97],[-72.57,-35.79],[-72.63,-35.58],[-72.2,-35.1],[-71.94,-34.05],[-71.72,-34.27],[-71.91,-34.76],[-71.62,-34.91],[-72.02,-35.5],[-71.87,-35.66],[-72.36,-36.14],[-72.73,-37.19],[-72.57,-38.08],[-72.89,-38.59],[-73.16,-38.71],[-72.69,-39.3],[-72.24,-39.47],[-72.08,-39.1],[-72.2,-38.73],[-71.74,-37.82],[-71.98,-37.68],[-71.75,-36.32],[-71.17,-35.53],[-70.58,-33.55],[-70.81,-33.03],[-70.98,-33.45],[-71.33,-33.08],[-70.82,-32.79],[-70.46,-33.24],[-69.99,-33.38],[-70.17,-33.66],[-69.92,-34.08],[-70.09,-34.23],[-70.44,-33.89],[-70.31,-34.43],[-70.59,-34.66],[-70.36,-35.0],[-70.58,-35.27],[-70.37,-35.51],[-70.42,-35.97],[-70.28,-36.26],[-70.4,-36.33],[-70.26,-36.66],[-70.44,-36.79],[-70.5,-37.25],[-70.63,-37.0],[-70.55,-36.58],[-70.89,-36.64],[-71.01,-36.86],[-70.84,-37.07],[-71.06,-37.36],[-70.87,-37.4],[-71.01,-37.68],[-70.86,-37.79],[-70.99,-37.81],[-70.57,-39.2],[-71.22,-39.79],[-71.07,-40.22],[-71.25,-41.18],[-70.94,-41.7],[-71.15,-41.79],[-71.45,-42.44],[-71.15,-42.38],[-71.33,-42.63],[-71.12,-42.67],[-71.2,-42.9],[-71.33,-42.79],[-71.45,-42.93],[-71.08,-43.32],[-71.11,-43.59],[-71.31,-43.7],[-71.2,-43.9],[-71.41,-44.34],[-71.22,-44.41],[-71.47,-44.58],[-71.06,-44.75],[-71.4,-44.8],[-71.38,-45.04],[-71.61,-45.08],[-71.67,-45.28],[-71.55,-45.37],[-71.71,-45.54],[-71.46,-45.73],[-71.95,-46.16],[-72.28,-46.26],[-71.84,-46.4],[-71.84,-46.56],[-72.41,-46.86],[-71.81,-47.17],[-72.2,-47.86],[-72.06,-48.52],[-72.4,-48.57],[-72.91,-49.9]],[[-72.99,-52.58],[-73.12,-52.51],[-72.92,-52.5],[-73.22,-52.41],[-73.27,-52.69],[-72.99,-52.58]],[[-72.91,-47.24],[-73.11,-47.04],[-72.96,-46.35],[-72.56,-46.29],[-72.88,-46.11],[-72.54,-46.0],[-73.06,-45.76],[-73.09,-46.04],[-73.69,-46.61],[-73.77,-46.97],[-73.96,-46.99],[-73.75,-46.98],[-73.84,-47.39],[-73.63,-47.46],[-73.62,-47.7],[-73.27,-47.58],[-73.3,-47.48],[-72.91,-47.24]]],[[[-73.22,-44.63],[-73.28,-44.54],[-73.12,-44.55],[-73.25,-44.43],[-73.04,-44.48],[-73.1,-44.38],[-72.7,-44.53],[-72.98,-44.58],[-72.82,-44.73],[-73.13,-44.91],[-73.4,-44.82],[-73.22,-44.79],[-73.37,-44.8],[-73.39,-44.57],[-73.22,-44.63]]],[[[-73.48,40.95],[-72.57,41.0],[-74.04,40.62],[-73.91,40.79],[-73.85,40.76],[-73.78,40.8],[-73.75,40.77],[-73.71,40.87],[-73.48,40.95]]],[[[-68.74,-55.27],[-68.14,-55.39],[-68.17,-55.46],[-68.02,-55.48],[-68.11,-55.53],[-67.97,-55.59],[-68.07,-55.72],[-68.55,-55.41],[-68.89,-55.49],[-68.97,-55.42],[-68.72,-55.38],[-68.97,-55.39],[-68.79,-55.18],[-69.03,-55.27],[-69.22,-55.11],[-69.44,-55.17],[-69.23,-55.17],[-69.48,-55.24],[-69.11,-55.45],[-69.36,-55.39],[-69.4,-55.52],[-69.4,-55.37],[-69.78,-55.3],[-69.49,-55.17],[-69.85,-55.27],[-70.02,-55.15],[-68.49,-54.92],[-68.33,-55.07],[-69.06,-55.07],[-68.75,-55.18],[-68.26,-55.22],[-68.74,-55.27]]],[[[-67.89,-55.17],[-68.12,-55.22],[-68.17,-54.99],[-68.37,-54.94],[-67.32,-54.91],[-67.04,-55.14],[-67.27,-55.32],[-67.5,-55.17],[-67.61,-55.28],[-67.88,-55.22],[-67.73,-55.24],[-67.89,-55.17]]],[[[-66.42,-55.06],[-66.81,-54.94],[-68.26,-54.8],[-68.86,-54.95],[-69.5,-54.87],[-69.04,-54.76],[-69.6,-54.7],[-69.73,-54.66],[-69.68,-54.57],[-69.85,-54.29],[-69.2,-54.44],[-69.44,-54.64],[-69.36,-54.71],[-68.97,-54.44],[-70.05,-54.1],[-70.18,-53.83],[-69.45,-53.55],[-68.59,-54.0],[-68.05,-54.08],[-67.53,-53.93],[-66.0,-54.61],[-65.11,-54.66],[-65.34,-54.93],[-66.42,-55.06]]],[[[-70.14,-53.01],[-69.75,-53.37],[-70.2,-53.48],[-70.44,-53.38],[-70.44,-53.06],[-70.14,-53.01]]],[[[-17.05,32.81],[-16.67,32.76],[-16.94,32.64],[-17.21,32.74],[-17.18,32.87],[-17.05,32.81]]],[[[-61.18,45.72],[-60.77,45.71],[-60.38,46.04],[-60.81,45.96],[-60.31,46.34],[-60.27,46.19],[-59.85,46.18],[-59.98,46.04],[-59.81,45.96],[-60.46,45.65],[-61.34,45.57],[-61.47,45.71],[-61.56,46.05],[-60.62,47.04],[-60.4,47.04],[-60.36,46.62],[-60.63,46.22],[-60.43,46.3],[-61.14,45.97],[-60.75,46.08],[-61.18,45.72]]],[[[-61.98,46.46],[-62.52,46.2],[-62.5,45.98],[-62.83,45.96],[-63.13,46.21],[-63.0,46.3],[-63.22,46.28],[-63.23,46.13],[-63.64,46.22],[-63.79,46.39],[-64.14,46.41],[-64.09,46.62],[-64.42,46.65],[-64.0,47.06],[-64.08,46.75],[-63.84,46.61],[-63.92,46.5],[-63.01,46.38],[-61.98,46.46]]],[[[2.64,42.51],[2.49,42.29],[1.07,42.0],[1.18,42.14],[1.08,42.26],[0.89,42.26],[0.82,42.02],[0.71,42.08],[0.86,42.26],[0.75,42.37],[0.56,42.23],[0.56,42.37],[0.08,42.5],[-0.21,42.26],[-0.48,42.34],[-0.31,42.39],[-0.35,42.55],[-0.87,42.43],[-0.97,42.54],[-0.81,42.58],[-1.31,42.63],[-1.33,43.03],[-1.42,42.6],[-2.03,42.7],[-3.1,42.6],[-4.31,42.88],[-6.64,42.79],[-7.03,42.47],[-7.43,42.68],[-7.78,42.45],[-7.26,42.32],[-7.28,42.04],[-7.94,41.98],[-7.51,41.73],[-7.72,41.2],[-8.36,41.07],[-7.63,41.04],[-7.55,40.62],[-8.35,40.24],[-8.65,40.82],[-8.74,40.64],[-8.64,41.09],[-8.91,42.1],[-8.6,42.33],[-8.86,42.24],[-8.66,42.42],[-8.94,42.46],[-8.76,42.64],[-9.09,42.57],[-8.88,42.82],[-9.07,42.73],[-9.29,43.05],[-8.84,43.34],[-8.22,43.34],[-8.31,43.44],[-8.17,43.5],[-8.35,43.45],[-8.32,43.57],[-7.7,43.78],[-7.04,43.52],[-5.85,43.65],[-4.38,43.37],[-3.56,43.5],[-3.02,43.33],[-2.77,43.45],[-2.31,43.29],[-1.79,43.35],[-1.48,43.6],[-1.22,44.64],[-1.03,44.65],[-1.18,44.77],[-1.26,44.64],[-1.11,45.56],[-0.65,45.04],[-0.53,45.02],[-0.79,45.46],[-1.26,45.68],[-1.11,45.76],[-1.06,45.99],[-1.23,46.19],[-1.13,46.25],[-0.5,45.07],[-0.9,45.88],[-1.14,46.3],[-1.81,46.47],[-2.15,46.82],[-2.0,47.02],[-2.25,47.11],[-2.17,47.26],[-1.8,47.21],[-2.03,47.3],[-2.19,47.28],[-2.27,47.22],[-2.56,47.28],[-2.5,47.48],[-2.39,47.48],[-2.32,47.5],[-2.19,47.57],[-2.12,47.56],[-2.1,47.61],[-2.82,47.48],[-2.93,47.54],[-2.71,47.62],[-3.0,47.65],[-3.11,47.46],[-3.16,47.74],[-3.24,47.64],[-3.96,47.89],[-4.37,47.78],[-4.5,48.0],[-4.74,48.03],[-4.3,48.09],[-4.57,48.16],[-4.57,48.33],[-4.21,48.29],[-4.46,48.39],[-4.79,48.33],[-4.79,48.51],[-3.1,48.86],[-2.71,48.48],[-2.32,48.67],[-2.04,48.62],[-2.0,48.47],[-1.94,48.69],[-1.36,48.68],[-1.57,48.74],[-1.55,49.21],[-1.81,49.36],[-1.94,49.71],[-1.27,49.69],[-1.17,49.37],[-0.21,49.27],[0.37,49.44],[0.08,49.47],[0.15,49.7],[1.67,50.18],[1.52,50.28],[1.54,50.7],[1.75,50.95],[3.51,51.41],[3.83,51.35],[4.18,51.38],[4.39,51.23],[4.21,51.42],[3.42,51.54],[4.22,51.44],[4.22,51.58],[4.11,51.66],[4.77,51.73],[4.02,51.9],[4.14,51.94],[4.23,51.89],[4.45,51.92],[4.09,52.0],[4.54,52.41],[4.71,52.96],[5.13,53.0],[5.61,53.33],[6.69,53.47],[7.12,53.26],[7.39,53.26],[7.0,53.37],[7.07,53.58],[7.93,53.72],[8.2,53.41],[8.25,53.61],[8.52,53.55],[8.47,53.22],[8.55,53.55],[8.44,53.7],[8.64,53.9],[9.23,53.85],[9.51,53.61],[9.78,53.53],[9.29,53.86],[8.79,54.04],[8.98,54.09],[8.6,54.42],[8.98,54.47],[8.56,54.84],[8.58,55.42],[8.03,55.56],[8.09,55.99],[8.15,55.82],[8.34,55.9],[8.2,56.1],[8.06,56.03],[8.08,56.36],[8.27,56.32],[8.08,56.4],[8.15,56.69],[8.7,56.49],[8.65,56.62],[8.92,56.8],[9.14,56.71],[9.04,56.57],[9.28,56.52],[9.13,56.82],[9.31,57.01],[8.88,56.97],[8.63,56.94],[8.48,56.74],[8.38,56.69],[8.53,56.59],[8.2,56.71],[8.28,56.9],[8.57,57.13],[9.38,57.17],[9.91,57.59],[10.62,57.74],[9.85,57.4],[10.4,57.58],[10.53,57.24],[10.32,57.0],[9.99,57.1],[9.31,57.02],[10.27,56.99],[10.3,56.72],[9.79,56.65],[10.27,56.7],[10.17,56.47],[10.27,56.61],[10.94,56.45],[10.68,56.14],[10.31,56.27],[10.15,55.83],[9.84,55.85],[10.01,55.82],[9.98,55.69],[9.53,55.7],[9.81,55.62],[9.44,55.5],[9.64,55.46],[9.62,55.29],[9.38,55.23],[9.67,55.26],[9.38,55.04],[9.72,54.91],[9.59,54.94],[9.39,54.8],[9.59,54.88],[9.99,54.7],[9.52,54.51],[9.96,54.67],[9.82,54.48],[10.1,54.49],[10.11,54.33],[11.08,54.39],[11.05,54.2],[10.72,54.06],[10.75,53.89],[11.05,54.02],[11.43,53.89],[11.63,54.17],[12.09,54.09],[12.48,54.47],[12.99,54.43],[13.07,54.3],[13.46,54.08],[13.71,54.16],[13.74,54.03],[13.9,53.92],[13.81,53.84],[14.7,53.5],[14.53,53.7],[14.8,54.05],[16.09,54.26],[17.29,54.73],[17.98,54.83],[18.72,54.7],[18.8,54.62],[18.4,54.75],[18.73,54.38],[19.35,54.39],[19.86,54.64],[19.7,54.5],[20.39,54.68],[19.88,54.65],[19.9,54.92],[20.66,55.05],[20.54,54.96],[21.22,54.94],[21.27,55.31],[21.0,55.88],[21.13,55.97],[21.01,55.92],[20.94,56.21],[21.01,56.83],[21.35,57.03],[21.4,57.31],[21.69,57.57],[22.59,57.76],[22.61,57.61],[23.58,56.97],[24.37,57.23],[24.33,57.86],[24.6,58.33],[24.13,58.24],[23.75,58.34],[23.49,58.67],[23.84,58.74],[23.46,58.76],[23.43,58.93],[23.67,58.96],[23.39,59.01],[23.54,59.08],[23.48,59.21],[24.1,59.25],[24.05,59.37],[24.81,59.44],[24.82,59.55],[25.44,59.48],[25.7,59.66],[27.85,59.39],[28.05,59.47],[28.1,59.78],[28.4,59.65],[28.46,59.81],[29.01,59.81],[29.21,59.98],[30.39,59.93],[30.97,59.74],[30.34,59.69],[30.16,59.54],[30.45,59.36],[30.19,59.26],[30.09,59.52],[29.08,59.32],[28.28,59.45],[28.52,59.33],[28.0,59.26],[27.87,59.1],[28.12,59.12],[28.08,58.96],[28.39,58.73],[28.8,58.85],[28.87,59.0],[29.36,58.82],[29.26,58.68],[29.62,58.75],[29.55,58.86],[29.71,58.91],[29.58,59.08],[29.98,58.84],[29.81,58.76],[29.88,58.66],[30.64,58.99],[30.13,58.63],[30.41,58.53],[30.7,58.69],[30.61,58.56],[30.82,58.52],[30.79,58.38],[31.43,58.52],[31.8,58.8],[32.14,58.68],[31.81,58.62],[32.76,58.42],[33.58,58.67],[34.04,58.37],[34.62,58.5],[34.9,58.3],[34.96,57.81],[34.73,57.45],[34.83,57.13],[35.88,57.09],[36.46,56.81],[37.12,56.78],[37.39,56.96],[37.25,57.17],[37.58,57.18],[38.23,57.55],[38.36,57.76],[38.22,58.04],[38.47,58.19],[38.78,57.98],[38.44,57.41],[40.65,56.8],[41.06,56.88],[40.75,57.17],[41.03,57.25],[40.97,57.16],[41.47,57.12],[41.34,56.85],[42.04,56.82],[42.3,56.57],[43.31,56.61],[43.52,56.72],[43.34,57.28],[43.76,57.01],[44.62,56.89],[45.02,56.39],[45.51,56.43],[45.53,56.61],[45.32,56.78],[45.65,56.92],[46.51,56.4],[47.23,56.17],[46.86,56.38],[47.43,56.47],[47.45,56.6],[48.85,56.69],[49.05,56.9],[49.69,57.0],[50.13,57.31],[49.77,57.45],[49.89,57.53],[51.11,57.27],[53.35,57.63],[55.24,57.62],[55.38,57.81],[55.64,57.77],[56.07,58.23],[56.87,58.43],[56.46,58.08],[56.73,57.87],[57.28,57.99],[57.72,57.86],[58.09,57.23],[58.08,56.94],[58.79,56.61],[58.89,56.41],[58.64,56.38],[58.89,56.07],[58.61,55.92],[59.07,55.6],[58.47,55.64],[58.87,55.24],[58.24,54.96],[58.04,54.97],[57.82,55.56],[57.83,56.07],[56.9,55.66],[56.94,55.25],[57.45,54.87],[57.33,54.29],[57.94,54.13],[57.01,53.79],[57.0,53.62],[57.61,53.34],[57.22,52.81],[57.48,52.51],[57.34,52.27],[57.66,51.9],[57.92,51.89],[57.61,51.53],[56.89,51.67],[55.99,52.52],[55.58,52.63],[55.55,52.85],[55.85,52.96],[55.92,53.55],[55.6,53.77],[55.75,54.14],[54.64,54.87],[54.45,54.68],[54.72,54.32],[54.74,53.91],[55.23,53.39],[55.14,52.96],[54.6,53.13],[54.57,53.5],[53.68,53.42],[52.93,53.71],[51.92,53.59],[50.38,53.11],[49.15,53.21],[48.55,52.91],[48.19,52.51],[47.49,52.28],[47.22,51.94],[46.95,52.08],[47.6,52.54],[46.82,52.64],[46.69,52.55],[46.78,52.39],[46.29,52.08],[45.6,52.3],[44.86,52.24],[43.64,51.9],[43.19,51.52],[42.7,51.61],[42.09,51.04],[41.66,50.87],[40.23,51.06],[39.44,50.78],[39.04,50.83],[36.9,50.25],[36.92,49.84],[36.54,49.67],[36.54,49.39],[36.33,49.38],[35.99,49.71],[36.01,49.52],[35.67,49.33],[34.69,49.15],[34.2,48.71],[33.62,48.91],[32.61,48.7],[32.78,48.59],[32.37,48.72],[32.53,48.62],[31.12,48.27],[31.15,48.38],[30.71,48.48],[30.61,48.2],[30.3,48.26],[30.15,48.14],[30.33,48.15],[30.09,47.93],[30.31,47.78],[29.66,47.66],[29.66,47.77],[29.43,47.76],[29.54,47.92],[28.79,48.12],[28.88,48.17],[28.68,48.38],[28.03,48.37],[28.45,48.0],[29.03,47.91],[28.98,47.68],[29.19,47.21],[28.94,47.18],[29.24,47.18],[29.7,46.56],[28.6,46.52],[28.56,46.02],[28.27,45.61],[28.39,45.69],[27.99,45.35],[26.74,45.1],[27.07,44.93],[26.78,44.54],[27.2,44.29],[26.94,44.22],[27.72,44.11],[28.06,43.74],[28.63,43.56],[28.48,43.37],[28.28,43.46],[28.25,43.46],[28.35,43.42],[27.93,43.21],[27.89,42.72],[27.36,42.44],[27.71,42.44],[28.03,42.03],[27.8,42.07],[28.03,42.02],[27.99,41.83],[28.22,41.53],[29.11,41.24],[29.0,41.0],[27.54,40.98],[27.22,40.65],[26.9,40.68],[26.87,40.8],[25.92,40.99],[25.69,41.23],[23.65,41.11],[23.05,41.43],[23.14,41.52],[22.29,41.79],[22.5,41.05],[22.49,40.47],[22.24,40.45],[22.02,40.91],[21.47,40.72],[21.04,41.29],[20.5,41.66],[20.47,42.32],[20.21,42.49],[19.72,42.1],[19.39,42.35],[19.57,42.43],[19.08,42.62],[18.99,42.81],[18.52,42.78],[18.53,43.02],[18.04,43.1],[17.78,43.52],[17.74,43.36],[17.29,43.46],[17.1,43.55],[17.22,43.6],[17.01,43.85],[16.74,43.91],[17.07,43.5],[16.88,43.5],[16.23,44.1],[15.12,44.51],[14.84,45.12],[14.23,45.46],[14.19,45.21],[13.93,45.43],[13.94,45.58],[14.37,45.48],[13.96,45.9],[13.61,45.96],[13.4,45.72],[13.11,45.75],[12.33,45.33],[12.39,45.52],[12.15,45.37],[12.5,44.96],[12.24,44.74],[12.53,44.09],[12.42,44.04],[11.38,44.48],[9.29,45.04],[8.76,44.79],[8.14,44.83],[8.41,44.98],[8.39,45.11],[7.95,45.05],[7.79,44.88],[7.79,44.47],[7.52,44.42],[7.7,44.57],[7.36,44.82],[7.75,45.38],[8.67,45.59],[8.54,45.79],[8.58,45.85],[8.5,45.93],[8.8,46.17],[8.57,45.78],[8.74,45.57],[9.73,45.67],[10.64,45.36],[11.28,45.43],[11.47,45.56],[11.38,45.71],[11.67,45.84],[12.33,45.76],[12.22,45.84],[12.5,46.15],[12.9,46.24],[12.86,46.39],[15.41,46.24],[15.59,46.47],[15.2,46.7],[15.12,47.09],[16.27,47.43],[15.82,47.63],[16.13,47.84],[16.19,48.08],[16.05,48.16],[15.53,47.96],[15.53,48.07],[15.32,48.0],[15.39,48.07],[14.82,47.96],[14.62,47.8],[14.36,47.91],[13.05,47.72],[11.57,47.71],[11.45,47.97],[11.41,47.66],[9.78,47.43],[9.5,47.01],[9.57,47.41],[9.24,47.24],[9.37,47.17],[9.06,47.23],[7.71,46.73],[7.01,46.63],[6.86,46.47],[6.97,46.28],[6.75,46.4],[6.3,46.22],[6.59,46.04],[6.03,46.07],[6.26,46.03],[6.24,45.81],[6.39,45.76],[6.27,45.76],[6.11,45.88],[6.17,45.67],[6.02,45.73],[5.97,45.61],[6.06,45.52],[6.42,45.68],[6.5,45.5],[6.39,45.64],[6.29,45.44],[6.14,45.52],[5.72,45.06],[5.56,45.28],[5.35,45.01],[5.08,44.96],[5.16,45.08],[4.85,45.1],[4.77,45.4],[4.88,45.52],[4.78,45.6],[4.68,44.94],[3.93,44.19],[3.71,44.18],[3.79,44.06],[3.36,44.02],[3.78,44.58],[2.41,44.45],[2.74,44.07],[2.24,43.94],[2.65,43.99],[2.52,43.65],[2.69,43.61],[2.5,43.55],[2.79,43.45],[1.98,43.4],[2.34,43.25],[2.12,43.11],[2.18,42.9],[1.33,43.04],[2.43,42.79],[2.23,42.55],[2.64,42.51]],[[24.37,45.11],[24.26,45.39],[24.48,45.19],[25.04,45.27],[25.43,45.12],[25.91,45.2],[26.0,45.34],[26.57,45.34],[26.87,45.84],[26.64,45.79],[26.5,45.95],[26.76,46.04],[26.35,46.43],[26.54,46.57],[26.25,46.93],[26.3,47.27],[25.88,47.55],[26.0,47.76],[25.81,47.98],[26.34,48.22],[25.36,48.86],[25.18,48.79],[23.71,49.63],[23.6,49.86],[23.47,49.74],[23.06,49.89],[22.86,49.78],[22.3,49.77],[22.33,49.44],[22.18,49.77],[22.69,49.81],[22.62,49.91],[22.11,50.06],[21.66,49.82],[21.72,49.71],[21.62,49.85],[22.03,50.1],[21.55,50.19],[21.22,49.92],[20.57,50.04],[19.54,49.96],[19.64,49.78],[19.45,49.93],[18.93,49.89],[18.39,49.53],[17.65,49.32],[18.2,49.33],[18.11,49.05],[18.22,49.23],[18.54,49.23],[18.2,48.89],[18.65,49.02],[18.75,48.73],[18.63,48.6],[19.34,48.8],[19.48,48.61],[20.45,48.73],[20.82,48.61],[21.16,48.85],[20.82,48.92],[20.97,49.09],[20.84,49.2],[21.18,49.1],[21.24,49.28],[21.39,49.17],[21.36,49.32],[21.57,49.17],[21.57,49.32],[21.71,49.06],[21.88,49.25],[21.98,48.98],[22.46,48.97],[22.29,48.75],[23.56,48.25],[23.58,48.08],[23.23,48.03],[23.5,47.95],[23.46,47.73],[23.79,47.64],[23.59,47.47],[23.84,47.46],[23.74,47.39],[24.01,47.26],[24.81,47.38],[24.73,47.07],[24.92,46.96],[24.95,46.62],[25.29,46.4],[25.23,46.31],[25.41,46.42],[25.73,46.07],[25.68,45.92],[25.82,46.0],[25.75,45.86],[25.85,46.0],[25.85,45.83],[26.0,45.87],[26.16,46.11],[26.36,46.05],[26.17,45.72],[25.38,45.54],[25.07,45.76],[24.39,45.72],[25.17,45.86],[25.43,46.26],[25.24,46.04],[24.67,46.06],[24.21,45.76],[23.52,45.86],[23.13,45.51],[22.81,45.53],[22.78,45.86],[22.43,45.79],[22.29,45.59],[22.55,45.6],[22.42,45.18],[24.37,45.11]],[[22.5,46.91],[22.67,46.35],[23.46,46.09],[23.58,46.35],[23.37,46.69],[23.01,46.83],[22.97,47.05],[22.63,47.08],[22.74,47.0],[22.5,46.91]],[[31.25,57.35],[31.15,57.4],[31.4,57.7],[31.38,57.43],[31.63,57.42],[31.28,57.28],[31.97,57.35],[31.87,57.46],[32.05,57.65],[31.17,57.9],[30.65,57.81],[30.17,57.7],[29.95,57.3],[30.39,57.36],[30.24,57.15],[30.44,57.11],[31.25,57.35]],[[28.98,58.34],[29.71,58.63],[29.07,58.62],[28.8,58.41],[28.37,58.39],[28.6,58.16],[28.38,57.93],[28.54,57.81],[29.14,58.14],[28.98,58.34]],[[52.32,57.18],[51.99,56.91],[52.42,56.92],[52.66,57.08],[52.58,57.21],[52.32,57.18]]],[[[8.88,56.97],[8.73,56.7],[8.48,56.74],[8.88,56.97]]],[[[20.97,55.33],[21.07,55.71],[21.04,55.33],[20.66,55.05],[20.97,55.33]]],[[[11.99,43.6],[11.41,44.01],[10.94,44.09],[11.15,44.21],[11.93,43.87],[11.99,43.6]]],[[[10.72,44.27],[10.8,44.14],[10.59,44.09],[9.95,44.39],[9.83,44.28],[9.31,44.47],[9.16,44.73],[9.74,44.69],[9.94,44.49],[10.72,44.27]]],[[[-3.67,50.39],[-3.72,50.2],[-4.65,50.34],[-5.21,49.96],[-5.51,50.13],[-5.71,50.06],[-5.06,50.55],[-4.87,50.53],[-4.95,50.6],[-4.6,50.77],[-4.54,51.02],[-4.08,51.07],[-4.29,51.14],[-3.03,51.23],[-2.8,51.5],[-3.56,51.39],[-3.86,51.63],[-4.25,51.54],[-4.08,51.69],[-4.32,51.67],[-4.37,51.79],[-4.96,51.6],[-5.26,51.72],[-5.13,51.81],[-5.32,51.91],[-4.26,52.25],[-3.96,52.56],[-4.13,52.61],[-3.99,52.74],[-4.16,52.81],[-4.07,52.91],[-4.77,52.8],[-4.2,53.2],[-3.89,53.34],[-3.1,53.25],[-3.19,53.38],[-3.06,53.44],[-2.94,53.31],[-2.77,53.3],[-3.1,53.56],[-2.83,53.71],[-3.05,53.83],[-2.78,54.12],[-3.15,54.05],[-3.62,54.5],[-3.38,54.85],[-3.06,54.96],[-3.55,54.96],[-3.97,54.76],[-4.38,54.86],[-4.38,54.67],[-4.85,54.86],[-4.96,54.8],[-4.87,54.63],[-4.98,54.66],[-5.18,54.98],[-5.0,54.91],[-5.04,55.1],[-4.61,55.48],[-4.9,55.69],[-4.89,55.88],[-4.5,55.91],[-4.82,55.97],[-4.74,56.18],[-4.97,55.85],[-5.1,55.98],[-5.07,55.89],[-5.18,55.94],[-5.22,55.81],[-5.37,55.89],[-5.0,56.23],[-5.44,56.02],[-5.34,55.76],[-5.53,55.35],[-5.77,55.27],[-5.68,55.66],[-5.5,55.78],[-5.67,55.78],[-5.61,56.03],[-5.73,55.93],[-5.61,56.07],[-5.53,56.08],[-5.61,56.25],[-5.44,56.45],[-4.35,56.39],[-2.74,56.87],[-2.33,57.18],[-2.84,57.45],[-4.24,57.42],[-4.05,57.58],[-3.34,57.72],[-2.0,57.69],[-1.76,57.49],[-2.21,56.85],[-2.72,56.45],[-3.04,56.45],[-3.33,56.36],[-2.86,56.44],[-2.56,56.26],[-3.38,56.0],[-3.76,56.08],[-3.66,56.01],[-3.03,55.93],[-2.66,56.05],[-2.11,55.9],[-1.56,55.47],[-1.18,54.57],[-0.56,54.48],[-0.04,54.11],[-0.15,53.91],[0.15,53.59],[-0.24,53.72],[-0.71,53.69],[-0.25,53.69],[0.2,53.47],[0.39,53.16],[0.09,52.91],[1.3,52.95],[1.72,52.72],[1.76,52.49],[1.6,52.1],[1.24,51.83],[0.95,51.79],[0.78,51.53],[0.43,51.5],[0.71,51.46],[0.51,51.39],[1.43,51.39],[1.39,51.14],[0.96,50.9],[-0.78,50.72],[-1.46,50.91],[-1.3,50.82],[-2.45,50.52],[-2.9,50.73],[-3.47,50.64],[-3.51,50.34],[-3.67,50.39]]],[[[-8.68,52.66],[-8.95,52.78],[-9.17,52.63],[-9.93,52.57],[-9.52,52.75],[-9.3,53.14],[-8.92,53.21],[-10.19,53.42],[-10.04,53.48],[-10.2,53.55],[-9.79,53.62],[-9.91,53.76],[-9.62,53.89],[-9.94,53.87],[-9.8,53.93],[-9.85,54.11],[-9.98,54.06],[-10.01,54.22],[-10.14,54.09],[-10.08,54.27],[-8.54,54.22],[-8.68,54.37],[-8.14,54.64],[-8.46,54.57],[-8.81,54.7],[-8.37,54.84],[-8.46,54.99],[-8.31,55.14],[-7.8,55.24],[-7.82,55.18],[-7.72,55.1],[-7.79,55.21],[-7.64,55.27],[-7.53,55.11],[-7.64,54.95],[-7.5,55.03],[-7.53,55.28],[-7.26,55.28],[-7.4,55.37],[-6.93,55.23],[-7.26,55.07],[-7.08,55.04],[-6.92,55.17],[-6.08,55.2],[-5.69,54.77],[-5.92,54.61],[-5.61,54.67],[-5.44,54.47],[-5.52,54.34],[-5.69,54.57],[-5.59,54.27],[-6.37,54.01],[-6.08,53.57],[-6.21,53.33],[-6.02,52.97],[-6.38,52.35],[-6.5,52.38],[-6.37,52.19],[-6.77,52.26],[-6.94,52.13],[-7.0,52.28],[-7.05,52.14],[-7.63,52.09],[-8.18,51.79],[-8.4,51.9],[-8.31,51.74],[-8.54,51.61],[-9.82,51.46],[-9.46,51.69],[-9.55,51.75],[-10.16,51.61],[-9.59,51.88],[-10.14,51.74],[-10.4,51.86],[-9.78,52.15],[-10.5,52.11],[-10.27,52.27],[-9.76,52.25],[-9.95,52.42],[-8.68,52.66]]],[[[-4.3,53.4],[-4.07,53.3],[-4.36,53.13],[-4.7,53.29],[-4.3,53.4]]],[[[-4.56,54.36],[-4.37,54.4],[-4.34,54.27],[-4.81,54.05],[-4.56,54.36]]],[[[11.41,54.61],[10.94,54.79],[11.22,54.96],[11.81,54.77],[11.41,54.61]]],[[[10.68,55.06],[10.05,55.08],[9.65,55.51],[10.36,55.59],[10.51,55.53],[10.4,55.44],[10.57,55.49],[10.58,55.61],[10.69,55.48],[10.5,55.44],[10.76,55.23],[10.68,55.06]]],[[[-6.28,55.78],[-6.5,55.66],[-6.44,55.85],[-6.14,55.91],[-6.05,55.66],[-6.33,55.58],[-6.28,55.78]]],[[[-5.66,56.45],[-5.67,56.39],[-6.36,56.28],[-6.02,56.37],[-6.21,56.37],[-6.01,56.49],[-6.35,56.54],[-6.07,56.63],[-5.66,56.45]]],[[[-6.23,56.71],[-5.71,56.83],[-5.81,56.99],[-5.62,56.97],[-5.76,57.06],[-5.38,57.22],[-5.71,57.28],[-5.43,57.4],[-5.81,57.35],[-5.84,57.54],[-5.33,57.43],[-5.17,57.08],[-5.45,56.81],[-5.41,56.63],[-5.69,56.49],[-6.01,56.62],[-5.75,56.7],[-6.23,56.71]]],[[[-6.8,57.42],[-6.58,57.44],[-6.63,57.59],[-6.35,57.49],[-6.43,57.63],[-6.27,57.69],[-6.1,57.31],[-5.87,57.24],[-5.65,57.25],[-5.66,57.19],[-6.01,57.01],[-5.83,57.17],[-6.48,57.28],[-6.34,57.3],[-6.8,57.42]]],[[[-5.59,57.91],[-5.06,57.81],[-5.08,57.8],[-5.4,57.75],[-5.55,57.54],[-5.8,57.63],[-5.66,57.69],[-5.79,57.84],[-5.59,57.76],[-5.59,57.91]]],[[[-5.43,58.06],[-5.22,58.14],[-5.38,58.25],[-4.97,58.22],[-5.11,58.02],[-4.95,57.86],[-5.06,57.81],[-5.43,58.06]]],[[[-6.67,57.88],[-6.82,57.86],[-6.98,57.72],[-7.15,57.83],[-6.85,57.91],[-7.12,57.98],[-6.97,58.03],[-7.14,58.11],[-7.04,58.23],[-6.76,58.18],[-6.82,58.29],[-6.15,58.45],[-6.31,58.23],[-6.15,58.19],[-6.57,58.07],[-6.37,57.99],[-6.72,57.98],[-6.67,57.88]]],[[[-5.16,58.34],[-4.98,58.42],[-5.1,58.47],[-4.99,58.61],[-4.65,58.54],[-4.73,58.44],[-4.45,58.55],[-4.44,58.43],[-3.01,58.63],[-3.11,58.35],[-4.02,58.01],[-4.37,57.93],[-4.7,58.03],[-4.75,58.2],[-5.16,58.34]]],[[[7.51,57.99],[7.04,57.98],[7.17,58.11],[6.97,58.03],[6.84,58.19],[6.79,58.06],[6.55,58.12],[6.8,58.24],[7.11,58.25],[7.08,58.61],[7.27,58.48],[7.3,58.22],[7.43,58.49],[7.68,58.22],[7.83,58.28],[7.77,58.55],[8.18,58.41],[8.26,58.74],[8.55,58.6],[9.08,58.82],[9.47,59.05],[9.39,59.21],[9.03,59.31],[9.22,59.5],[9.75,59.0],[9.07,58.75],[9.22,58.67],[8.94,58.62],[8.7,58.43],[7.51,57.99]]],[[[-3.18,58.9],[-3.21,59.04],[-3.34,58.97],[-3.29,59.12],[-2.69,58.92],[-3.18,58.9]]],[[[-1.71,60.22],[-1.31,60.35],[-1.66,60.47],[-1.31,60.61],[-1.37,60.39],[-1.04,60.43],[-1.28,59.84],[-1.31,60.21],[-1.71,60.22]]],[[[40.34,37.6],[41.66,37.7],[41.85,37.65],[41.89,37.38],[41.45,37.21],[41.43,37.45],[41.67,37.55],[40.57,37.41],[40.34,37.6]]],[[[35.32,39.9],[35.66,39.14],[36.05,39.34],[36.66,39.98],[36.78,39.82],[37.14,39.98],[37.82,39.87],[37.31,39.68],[36.94,39.23],[37.85,39.48],[38.32,39.37],[38.26,39.5],[38.39,39.51],[38.24,39.59],[38.52,39.66],[38.18,39.79],[38.92,39.63],[39.06,39.78],[39.42,39.68],[39.41,39.87],[40.15,39.64],[40.16,39.8],[39.78,40.11],[40.02,40.38],[40.95,40.41],[40.58,39.25],[41.04,38.98],[41.01,38.74],[41.38,38.6],[41.06,38.42],[41.07,38.15],[40.15,38.12],[41.14,38.02],[41.19,37.77],[40.29,37.74],[39.87,38.08],[40.11,38.23],[39.95,38.43],[39.92,38.29],[38.94,37.8],[37.9,37.78],[36.83,36.87],[36.86,37.1],[37.72,37.77],[36.96,37.57],[37.09,38.0],[36.89,37.94],[36.93,38.1],[36.51,38.25],[36.53,38.54],[36.17,38.45],[36.14,38.3],[35.89,38.08],[35.56,37.96],[35.6,38.12],[34.87,37.98],[35.02,37.78],[34.9,37.66],[34.01,37.42],[33.92,37.34],[34.17,37.27],[33.46,36.77],[33.24,36.99],[33.38,37.1],[32.76,37.27],[32.66,37.19],[32.84,37.11],[32.7,37.16],[32.65,36.97],[32.45,37.07],[32.25,37.49],[32.33,37.01],[31.66,37.5],[31.7,37.66],[31.45,37.59],[31.02,38.37],[30.96,38.66],[31.29,38.71],[31.43,38.92],[31.03,39.32],[31.89,38.83],[31.86,39.04],[32.1,39.04],[32.02,39.2],[32.44,39.05],[32.34,39.17],[32.44,39.28],[32.09,39.43],[32.34,39.57],[32.21,39.63],[32.34,39.73],[32.51,39.51],[32.48,39.97],[31.86,39.73],[31.2,39.81],[31.83,39.8],[31.29,40.06],[31.39,40.22],[32.56,40.2],[32.62,40.52],[32.71,40.31],[32.83,40.33],[32.81,40.16],[33.07,40.28],[33.09,40.02],[33.6,40.3],[33.59,40.02],[34.02,39.97],[34.12,40.13],[34.53,40.16],[34.23,40.22],[34.61,40.26],[34.63,40.17],[34.13,39.95],[34.76,39.78],[35.32,39.9]],[[32.74,38.2],[33.05,38.36],[33.01,38.17],[33.2,38.07],[33.49,38.23],[33.83,38.08],[34.29,38.28],[33.54,38.88],[33.49,39.2],[34.81,38.74],[33.74,39.21],[33.49,39.55],[33.55,39.78],[33.89,39.96],[33.51,39.94],[33.49,40.16],[33.39,39.58],[33.13,39.35],[33.36,39.42],[33.34,39.23],[33.02,39.16],[33.19,39.06],[33.09,38.96],[32.83,38.99],[32.98,38.72],[32.74,38.2]],[[33.42,37.42],[34.41,37.73],[33.65,37.66],[33.74,37.84],[33.5,37.75],[33.41,37.87],[33.03,37.75],[32.99,37.99],[32.73,37.98],[32.55,37.78],[32.55,37.63],[32.9,37.42],[33.17,37.65],[33.41,37.63],[33.2,37.36],[33.3,37.22],[33.42,37.42]]],[[[36.49,40.13],[36.77,40.39],[36.04,40.58],[36.81,40.58],[37.42,40.25],[38.31,40.04],[38.13,39.94],[37.04,40.18],[37.07,40.05],[36.49,40.13]]],[[[33.5,41.06],[33.6,40.94],[33.38,40.85],[32.99,41.11],[33.92,41.17],[33.5,41.06]]],[[[39.36,40.83],[39.2,40.45],[37.93,40.67],[38.04,40.49],[37.91,40.46],[36.69,40.8],[36.17,40.7],[36.14,40.91],[35.01,41.29],[34.82,41.15],[34.89,41.29],[34.73,41.51],[34.32,41.55],[34.56,41.6],[34.14,41.66],[34.14,41.84],[33.88,41.72],[33.73,41.84],[33.2,41.78],[33.09,41.51],[32.5,41.22],[32.72,41.12],[32.41,41.08],[32.67,41.01],[32.46,40.87],[31.78,41.04],[31.96,40.77],[31.48,40.58],[30.21,40.53],[30.21,40.13],[29.74,40.06],[28.82,40.28],[29.24,40.42],[28.97,40.58],[29.94,40.74],[29.33,40.93],[29.17,41.23],[31.23,41.1],[31.4,41.32],[32.28,41.72],[33.34,42.02],[34.72,41.94],[35.02,42.09],[35.22,42.01],[35.09,41.92],[35.29,41.71],[36.04,41.7],[36.43,41.24],[36.81,41.36],[37.53,41.02],[37.69,41.13],[38.35,40.91],[39.42,41.11],[40.15,40.92],[41.39,41.37],[41.73,41.72],[41.48,42.67],[40.84,43.07],[40.33,43.14],[38.75,44.27],[38.18,44.4],[37.78,44.72],[37.48,44.67],[37.31,45.06],[37.48,45.13],[37.97,44.93],[39.67,44.98],[40.41,44.76],[41.13,44.23],[41.57,44.17],[41.59,44.0],[41.78,44.2],[42.19,44.07],[42.51,43.83],[43.2,43.71],[44.15,43.11],[44.43,43.29],[44.7,43.11],[45.01,43.21],[45.61,43.01],[46.08,43.35],[46.83,43.24],[46.83,42.91],[46.18,42.64],[46.73,42.73],[46.72,42.34],[47.01,42.23],[47.52,42.51],[48.0,41.89],[48.32,42.04],[48.76,41.71],[48.85,41.21],[48.67,41.22],[48.75,41.03],[48.56,40.86],[47.91,40.71],[47.66,40.8],[47.84,40.9],[47.71,41.01],[45.85,41.68],[45.1,41.83],[44.76,41.74],[44.76,41.39],[45.77,40.97],[46.13,40.57],[46.67,40.45],[47.0,40.05],[47.08,39.53],[46.67,39.5],[46.81,39.17],[46.49,38.92],[46.16,38.91],[45.7,39.6],[45.3,39.7],[45.66,39.9],[45.61,40.0],[44.97,40.13],[44.81,40.37],[44.95,40.43],[45.29,40.19],[45.74,40.19],[45.7,40.31],[45.11,40.62],[44.69,40.44],[44.08,40.49],[44.06,40.72],[44.4,40.85],[44.03,41.04],[44.07,41.3],[44.52,40.96],[44.33,41.66],[44.07,41.73],[43.5,41.54],[42.76,41.62],[43.12,41.51],[43.15,41.31],[42.96,41.22],[43.23,40.95],[42.94,40.5],[43.11,40.44],[43.34,40.68],[43.52,40.58],[43.23,40.24],[42.79,40.14],[42.38,40.27],[42.34,40.43],[41.96,40.26],[42.09,40.43],[41.87,40.27],[41.55,40.35],[41.08,40.07],[41.11,40.29],[40.95,40.41],[41.29,40.59],[41.18,40.75],[41.75,41.09],[41.49,41.31],[41.64,41.38],[41.47,41.33],[41.09,40.94],[40.72,40.9],[40.19,40.54],[39.36,40.83]]],[[[13.07,41.96],[13.29,42.65],[12.91,42.49],[12.85,42.7],[13.18,43.0],[13.63,42.7],[13.56,42.59],[13.83,42.33],[13.46,42.31],[13.84,42.04],[14.17,42.19],[14.49,42.02],[14.41,41.77],[14.67,41.3],[13.07,41.96]]],[[[34.57,45.25],[35.42,44.99],[35.08,44.79],[34.52,44.74],[33.96,44.38],[33.37,44.58],[33.57,44.61],[33.76,45.0],[34.57,45.25]]],[[[37.75,50.1],[37.63,50.27],[38.16,50.33],[38.18,50.14],[37.75,50.1]]],[[[40.28,50.83],[40.39,50.8],[40.1,50.52],[39.94,50.61],[40.28,50.83]]],[[[13.25,54.48],[13.15,54.54],[13.34,54.56],[13.53,54.42],[13.49,54.55],[13.25,54.63],[13.16,54.56],[13.24,54.66],[13.43,54.67],[13.76,54.35],[13.38,54.23],[13.13,54.3],[13.25,54.4],[13.14,54.43],[13.25,54.48]]],[[[12.11,54.85],[11.94,54.57],[11.81,54.65],[11.83,54.77],[11.66,54.94],[12.11,54.85]]],[[[15.15,55.13],[15.09,55.0],[14.67,55.1],[14.74,55.29],[15.15,55.13]]],[[[11.77,55.14],[11.22,55.21],[11.06,55.34],[11.17,55.39],[11.1,55.58],[10.92,55.66],[11.04,55.68],[10.84,55.74],[11.47,55.85],[11.25,56.0],[11.75,55.96],[11.58,55.77],[11.74,55.65],[11.9,55.84],[11.85,55.92],[12.0,55.9],[11.88,55.66],[12.04,55.66],[12.01,55.94],[11.8,55.97],[12.27,56.13],[12.54,56.0],[12.58,55.69],[12.16,55.47],[12.43,55.3],[12.01,55.17],[12.13,55.0],[11.57,55.07],[11.77,55.05],[11.67,55.11],[11.77,55.14]]],[[[12.82,55.38],[13.05,55.67],[12.44,56.29],[12.84,56.27],[12.61,56.42],[12.92,56.51],[12.96,56.39],[12.89,56.64],[12.34,56.92],[12.08,57.44],[11.92,57.36],[11.91,57.63],[11.69,57.7],[11.88,58.34],[11.68,58.34],[11.48,58.24],[11.66,58.43],[11.41,58.27],[11.41,58.4],[11.21,58.37],[11.3,58.49],[11.08,59.0],[11.4,59.06],[10.71,59.23],[10.62,59.88],[10.71,59.74],[10.82,59.89],[10.72,59.68],[10.9,59.38],[11.12,59.67],[11.48,59.55],[11.53,59.36],[11.18,59.32],[11.38,59.22],[11.54,59.27],[11.6,59.45],[11.47,59.87],[11.28,59.95],[11.55,59.93],[11.76,59.51],[11.91,59.59],[11.9,59.86],[12.17,59.99],[12.32,59.48],[12.06,59.42],[12.6,59.33],[12.48,59.66],[12.9,59.41],[13.99,59.49],[14.63,59.2],[16.14,59.64],[16.45,60.16],[16.65,60.18],[15.92,60.18],[17.34,60.65],[17.6,60.64],[17.66,60.49],[17.97,60.59],[18.2,60.33],[18.3,60.37],[18.59,60.24],[18.3,60.31],[18.43,60.16],[19.07,59.89],[18.79,59.98],[18.93,59.86],[18.7,59.76],[19.07,59.73],[18.71,59.69],[18.32,59.38],[18.46,59.42],[18.66,59.32],[18.31,59.34],[18.27,59.27],[18.47,59.17],[18.21,59.12],[18.05,59.05],[17.85,58.81],[17.67,59.17],[17.62,58.9],[17.28,58.7],[16.23,58.67],[16.94,58.48],[16.5,58.47],[16.83,58.2],[16.63,58.19],[16.77,57.88],[16.47,57.98],[16.7,57.75],[16.4,57.9],[16.71,57.72],[16.52,57.74],[16.67,57.41],[16.45,57.19],[16.59,57.05],[16.46,57.06],[16.46,56.78],[15.85,56.07],[15.68,56.18],[14.52,56.2],[14.77,56.04],[14.25,55.88],[14.21,55.71],[14.38,55.56],[14.2,55.38],[12.82,55.38]],[[18.09,59.46],[18.26,59.36],[18.32,59.38],[18.09,59.46]],[[12.59,58.81],[12.43,58.96],[12.41,58.8],[12.63,58.64],[12.31,58.38],[13.83,58.72],[14.12,59.06],[13.92,59.09],[14.05,59.33],[13.67,59.41],[13.07,59.27],[13.25,58.9],[12.88,59.09],[12.7,59.06],[12.59,58.81]]],[[[16.54,56.31],[16.4,56.2],[16.37,56.53],[16.93,57.29],[17.12,57.31],[16.54,56.31]]],[[[18.1,57.55],[18.7,57.93],[19.0,57.93],[19.08,57.84],[18.78,57.73],[18.76,57.49],[18.92,57.43],[18.12,56.92],[18.3,57.1],[18.19,57.07],[18.1,57.55]]],[[[36.7,57.73],[36.96,57.55],[36.91,57.42],[35.41,57.76],[35.75,58.01],[35.5,58.09],[35.53,58.29],[36.1,58.31],[35.74,58.54],[36.06,58.82],[36.14,58.68],[35.94,58.67],[36.27,58.36],[36.23,58.06],[36.52,58.02],[35.89,57.94],[36.06,57.78],[36.7,57.73]]],[[[22.02,58.37],[21.82,58.49],[22.1,58.41],[22.55,58.62],[23.33,58.44],[22.29,58.19],[22.21,57.99],[22.0,57.93],[22.23,58.13],[21.82,58.29],[22.02,58.37]]],[[[23.06,58.82],[22.87,58.84],[22.55,58.68],[22.38,58.89],[22.03,58.93],[22.66,59.08],[23.06,58.82]]],[[[22.78,60.0],[22.37,60.02],[22.61,60.15],[22.42,60.17],[22.48,60.23],[22.5,60.2],[22.55,60.21],[22.85,60.23],[22.98,60.29],[22.78,60.0]]],[[[19.94,60.29],[19.79,60.39],[19.91,60.41],[20.24,60.19],[20.05,60.3],[20.07,60.09],[19.73,60.1],[19.63,60.29],[19.94,60.29]]],[[[21.85,60.64],[21.58,60.67],[21.7,60.59],[21.59,60.49],[21.33,60.87],[23.07,60.37],[22.55,60.21],[22.64,60.41],[22.2,60.44],[22.12,60.4],[22.12,60.47],[21.91,60.55],[21.76,60.47],[21.85,60.64]]],[[[143.84,-39.72],[143.96,-39.59],[144.14,-39.93],[143.93,-40.16],[143.84,-39.72]]],[[[142.38,-38.35],[141.56,-38.35],[141.35,-38.18],[141.68,-38.18],[141.29,-38.06],[141.69,-37.88],[141.41,-37.87],[141.5,-37.77],[141.31,-37.68],[141.13,-37.26],[141.38,-37.1],[141.81,-37.16],[141.95,-36.99],[142.21,-37.06],[142.4,-36.86],[142.71,-37.31],[142.82,-37.18],[142.68,-37.08],[142.8,-37.08],[142.61,-36.97],[142.98,-37.01],[143.15,-36.91],[142.79,-36.9],[143.01,-36.81],[142.96,-36.66],[143.18,-36.78],[143.28,-36.38],[143.42,-36.26],[143.45,-36.41],[143.53,-36.39],[143.49,-36.19],[143.81,-36.35],[143.78,-36.57],[143.97,-36.49],[143.81,-36.91],[144.06,-36.74],[144.16,-36.82],[144.18,-36.52],[144.35,-36.47],[144.53,-36.56],[144.31,-36.73],[144.47,-36.64],[144.6,-36.78],[144.78,-36.38],[144.73,-36.81],[145.02,-36.49],[145.19,-36.52],[145.19,-36.68],[144.98,-36.72],[145.11,-36.92],[144.9,-37.14],[145.04,-37.14],[145.1,-37.03],[145.25,-37.04],[145.18,-36.92],[145.49,-36.75],[145.62,-36.87],[145.72,-36.65],[146.11,-36.75],[146.2,-36.65],[146.06,-36.59],[146.19,-36.48],[146.14,-36.25],[145.94,-36.23],[146.15,-36.1],[146.24,-36.65],[146.43,-36.65],[146.43,-36.8],[146.54,-36.48],[146.88,-36.73],[146.42,-36.21],[146.59,-36.17],[146.58,-36.05],[146.98,-36.17],[147.09,-36.59],[146.99,-36.13],[147.09,-36.27],[147.37,-36.26],[147.35,-36.17],[147.33,-36.19],[147.11,-36.21],[147.12,-36.0],[146.89,-36.11],[146.12,-35.57],[146.45,-35.5],[146.27,-35.24],[146.4,-35.05],[146.33,-34.87],[146.54,-34.74],[146.42,-34.48],[146.02,-34.3],[146.75,-34.28],[146.6,-33.9],[147.05,-33.38],[147.04,-33.19],[146.8,-33.07],[147.29,-32.96],[147.42,-33.13],[147.62,-32.47],[147.47,-32.19],[147.92,-32.59],[148.24,-32.68],[148.22,-32.42],[148.41,-32.22],[148.62,-32.46],[148.98,-32.36],[149.11,-32.15],[149.26,-32.32],[149.4,-32.26],[149.27,-32.16],[149.35,-32.02],[149.58,-31.91],[149.96,-32.22],[150.77,-32.16],[150.68,-31.93],[150.88,-31.81],[150.58,-31.42],[150.38,-30.63],[150.33,-30.81],[150.25,-30.47],[150.03,-30.34],[150.07,-30.22],[149.94,-30.28],[149.96,-30.06],[150.16,-30.05],[150.29,-29.47],[150.61,-29.65],[150.74,-29.57],[150.62,-29.45],[150.91,-29.16],[150.87,-28.85],[151.13,-28.81],[151.07,-28.51],[151.16,-28.57],[151.41,-28.3],[151.23,-28.19],[151.49,-28.2],[151.26,-28.09],[151.55,-28.16],[151.75,-27.99],[151.74,-28.13],[152.14,-28.45],[152.39,-28.18],[151.99,-27.75],[152.01,-27.18],[151.54,-26.91],[151.59,-26.59],[151.81,-26.5],[151.56,-26.11],[151.67,-25.97],[151.37,-25.33],[151.41,-24.94],[150.79,-24.22],[151.07,-24.15],[151.0,-24.32],[151.23,-24.4],[151.14,-23.77],[151.18,-23.82],[151.22,-23.83],[151.23,-23.82],[151.3,-23.86],[151.3,-23.91],[151.32,-23.9],[151.32,-23.87],[151.44,-24.07],[151.56,-24.1],[151.57,-24.1],[151.55,-24.07],[151.57,-24.04],[151.68,-24.11],[151.68,-24.05],[151.72,-24.08],[151.77,-24.02],[152.01,-24.52],[152.18,-24.69],[152.47,-24.82],[152.47,-24.92],[152.5,-25.0],[152.63,-25.15],[152.54,-25.17],[152.54,-25.2],[152.91,-25.29],[152.81,-25.49],[152.85,-25.5],[152.96,-25.43],[152.9,-25.5],[152.91,-25.53],[152.9,-25.53],[152.87,-25.56],[152.88,-25.69],[153.01,-25.98],[153.06,-25.93],[153.03,-25.91],[153.06,-25.9],[153.06,-25.89],[153.05,-25.81],[153.19,-25.93],[153.06,-26.29],[153.04,-27.28],[153.19,-27.48],[153.29,-27.51],[153.28,-27.55],[153.32,-27.58],[153.31,-27.66],[153.36,-27.77],[153.38,-27.79],[153.41,-27.79],[153.39,-27.82],[153.4,-27.89],[153.45,-28.08],[153.57,-28.2],[153.64,-28.64],[153.03,-30.5],[153.06,-31.06],[152.51,-32.12],[152.54,-32.44],[152.33,-32.53],[152.21,-32.7],[152.12,-32.66],[151.97,-32.66],[151.94,-32.74],[152.02,-32.72],[152.04,-32.74],[152.01,-32.74],[152.01,-32.75],[152.01,-32.76],[152.06,-32.75],[152.06,-32.7],[152.19,-32.74],[151.8,-32.89],[151.66,-33.06],[151.42,-33.52],[151.26,-33.57],[151.24,-33.51],[151.16,-33.5],[151.14,-33.52],[151.27,-33.66],[151.31,-33.67],[151.33,-33.58],[151.31,-33.81],[151.21,-33.85],[151.25,-34.0],[151.22,-33.96],[151.16,-33.95],[150.93,-34.32],[150.73,-34.9],[150.83,-35.07],[150.68,-35.03],[150.76,-35.17],[150.54,-35.22],[150.39,-35.46],[150.41,-35.53],[150.32,-35.61],[150.3,-35.68],[150.18,-35.7],[149.87,-37.09],[150.05,-37.26],[149.96,-37.52],[149.69,-37.5],[149.77,-37.57],[149.68,-37.69],[149.52,-37.74],[149.5,-37.75],[149.49,-37.78],[148.35,-37.81],[147.91,-37.91],[146.88,-38.63],[146.9,-38.61],[146.85,-38.6],[146.78,-38.63],[146.78,-38.66],[146.65,-38.65],[146.58,-38.7],[146.56,-38.68],[146.5,-38.68],[146.41,-38.72],[146.35,-38.67],[146.23,-38.69],[146.19,-38.74],[146.29,-38.95],[146.45,-38.78],[146.37,-39.14],[146.28,-38.96],[146.05,-38.82],[145.92,-38.91],[145.92,-38.9],[145.91,-38.87],[145.87,-38.78],[145.73,-38.65],[145.84,-38.7],[145.83,-38.64],[145.36,-38.52],[145.54,-38.38],[145.49,-38.23],[145.26,-38.22],[145.19,-38.3],[145.23,-38.41],[144.94,-38.5],[144.65,-38.3],[144.92,-38.35],[144.99,-38.32],[145.12,-38.15],[144.93,-37.84],[144.36,-38.1],[144.69,-38.12],[144.62,-38.25],[144.63,-38.27],[144.67,-38.26],[144.66,-38.27],[144.05,-38.47],[143.56,-38.85],[142.38,-38.35]],[[148.11,-37.15],[148.1,-37.3],[148.15,-37.07],[148.0,-37.05],[148.16,-37.01],[148.16,-37.17],[148.24,-36.96],[148.33,-37.05],[148.22,-36.86],[148.42,-36.73],[148.28,-36.68],[148.49,-36.69],[148.61,-36.57],[148.5,-36.65],[148.37,-36.56],[148.48,-36.5],[148.3,-36.51],[148.6,-36.33],[148.57,-35.94],[149.06,-36.0],[149.11,-35.79],[149.0,-35.9],[148.93,-35.84],[149.06,-35.74],[148.92,-35.78],[148.9,-35.4],[148.83,-35.71],[148.8,-35.33],[148.74,-35.6],[148.4,-35.53],[148.51,-35.75],[148.37,-35.92],[148.27,-35.65],[148.08,-35.73],[148.34,-35.92],[148.18,-36.12],[148.24,-36.64],[148.06,-36.83],[148.19,-36.59],[148.01,-36.74],[148.1,-36.47],[147.87,-36.45],[147.9,-36.61],[147.8,-36.48],[147.68,-36.74],[147.99,-36.65],[147.81,-36.84],[147.97,-36.95],[147.82,-37.21],[148.11,-37.15]],[[147.12,-36.8],[147.09,-36.99],[146.95,-36.93],[146.98,-37.04],[146.8,-36.86],[146.89,-36.99],[146.77,-37.11],[146.9,-37.06],[146.99,-37.27],[146.91,-37.04],[147.06,-37.06],[147.19,-37.39],[147.22,-37.16],[147.32,-37.24],[147.14,-37.06],[147.39,-37.06],[147.41,-36.81],[147.58,-36.91],[147.59,-36.73],[147.12,-36.8]],[[146.6,-37.15],[146.39,-36.98],[146.46,-37.12],[146.31,-37.16],[146.61,-37.18],[146.31,-37.27],[146.58,-37.36],[146.65,-37.24],[146.71,-37.41],[146.58,-37.47],[146.8,-37.43],[146.78,-37.66],[147.07,-37.5],[146.49,-37.01],[146.6,-37.15]],[[146.46,-37.61],[146.22,-37.59],[146.11,-37.34],[146.17,-37.56],[146.0,-37.64],[146.14,-37.74],[146.0,-37.77],[146.34,-37.91],[146.17,-37.61],[146.49,-37.73],[146.54,-37.59],[146.43,-37.33],[146.32,-37.5],[146.46,-37.61]]],[[[140.93,-37.78],[140.85,-38.0],[140.39,-37.53],[140.56,-37.55],[140.62,-37.75],[140.93,-37.78]]],[[[90.72,26.93],[90.64,26.81],[90.56,27.03],[89.96,26.77],[90.14,26.91],[90.1,27.18],[90.17,27.23],[90.25,27.28],[90.14,27.15],[90.26,27.05],[90.42,27.17],[90.61,27.06],[90.43,27.2],[90.56,27.21],[90.77,27.08],[90.9,26.89],[90.8,26.81],[90.72,26.93]]],[[[97.22,26.82],[97.09,27.0],[96.7,27.02],[96.73,27.26],[96.62,27.12],[96.34,27.17],[96.06,27.04],[96.22,26.76],[95.74,26.72],[95.65,26.53],[95.32,26.66],[95.07,26.48],[95.06,26.65],[96.06,27.32],[96.04,27.54],[96.27,27.7],[96.24,27.98],[95.74,28.21],[94.26,27.49],[93.73,26.99],[92.69,27.04],[92.25,26.89],[91.99,27.07],[92.02,26.92],[91.64,26.92],[91.66,26.89],[91.49,26.98],[91.26,26.85],[91.23,27.01],[91.41,27.02],[91.49,27.3],[91.81,27.17],[92.03,27.25],[92.09,27.11],[92.19,27.38],[92.46,27.37],[92.61,27.62],[92.99,27.68],[92.91,27.8],[93.25,27.79],[93.04,27.92],[93.42,28.03],[93.29,28.17],[94.02,28.22],[93.67,28.32],[93.72,28.44],[94.48,28.3],[94.55,28.42],[94.13,28.63],[94.3,28.78],[94.53,28.67],[94.48,28.98],[94.66,28.95],[94.74,29.1],[94.87,29.05],[94.8,28.9],[95.13,29.08],[95.32,28.76],[95.11,28.77],[95.19,28.62],[95.64,28.62],[95.49,28.89],[95.79,28.74],[95.75,29.1],[95.85,28.77],[96.05,28.93],[96.03,28.7],[96.39,28.84],[96.35,28.65],[96.02,28.47],[96.41,28.11],[96.66,28.36],[96.63,28.19],[96.92,27.93],[96.66,27.75],[97.14,27.09],[96.9,27.46],[97.21,27.77],[97.67,27.77],[97.54,28.01],[97.64,28.13],[97.72,27.89],[97.93,27.76],[97.96,27.93],[98.04,27.77],[98.05,27.95],[98.37,27.53],[97.87,27.18],[97.45,27.59],[97.28,27.55],[97.25,27.31],[97.06,27.48],[97.27,27.07],[97.22,26.82]]],[[[90.22,27.27],[90.17,27.23],[89.92,27.38],[90.05,26.97],[89.79,26.74],[89.78,26.89],[89.71,26.78],[89.61,26.92],[89.72,26.75],[89.63,26.72],[89.14,27.15],[89.28,26.83],[88.53,26.91],[88.51,27.12],[88.74,27.2],[88.5,27.52],[88.13,27.26],[88.11,27.12],[88.37,27.05],[88.34,26.85],[87.77,26.99],[87.61,26.87],[87.36,26.85],[87.27,26.89],[87.62,26.9],[87.57,27.05],[87.71,27.07],[87.81,27.17],[87.7,27.28],[87.86,27.33],[87.62,27.42],[87.7,27.16],[87.61,27.22],[87.54,27.06],[87.22,27.06],[87.38,27.29],[87.23,27.26],[87.36,27.43],[87.15,27.41],[87.23,27.55],[87.05,27.39],[87.24,27.15],[86.99,27.13],[87.18,27.01],[86.96,27.04],[86.9,27.23],[86.62,27.23],[86.76,27.31],[86.73,27.46],[86.45,27.17],[86.44,27.36],[86.38,27.21],[86.22,27.26],[86.29,27.31],[86.26,27.45],[86.15,27.26],[86.0,27.35],[86.13,27.37],[86.13,27.7],[85.99,27.38],[85.72,27.63],[85.9,27.8],[85.76,27.86],[85.71,27.67],[85.55,27.85],[85.76,27.43],[86.08,27.22],[86.73,27.01],[86.58,27.02],[85.15,27.52],[84.82,27.74],[85.38,27.86],[85.18,27.95],[85.21,28.08],[85.07,28.02],[85.36,28.26],[85.22,28.02],[85.66,28.06],[85.71,27.9],[85.76,28.07],[85.97,28.0],[85.96,27.72],[86.26,27.89],[86.21,27.66],[86.34,27.68],[86.3,27.56],[86.46,27.67],[86.42,27.45],[86.72,27.69],[86.94,27.49],[87.46,27.8],[87.32,27.51],[87.43,27.48],[87.47,27.24],[87.56,27.53],[87.76,27.53],[87.84,27.7],[87.93,27.63],[87.75,27.43],[87.95,27.47],[88.03,27.26],[88.63,27.66],[88.73,27.25],[88.99,27.35],[89.34,27.12],[89.51,27.12],[89.24,27.25],[89.25,27.41],[89.49,27.2],[89.51,27.3],[89.29,27.58],[89.55,27.33],[89.63,27.61],[89.74,27.45],[89.57,27.09],[89.79,26.97],[89.66,27.13],[89.87,27.25],[89.65,27.83],[89.77,27.94],[89.82,27.71],[90.01,27.94],[90.13,27.77],[89.97,27.64],[90.23,27.69],[90.41,27.45],[90.5,27.75],[90.55,27.43],[90.71,27.38],[90.65,27.26],[90.82,27.22],[90.8,27.33],[90.87,27.15],[90.9,27.4],[91.01,27.1],[91.17,27.37],[91.01,27.42],[91.12,27.48],[91.01,27.62],[91.15,27.65],[91.02,27.67],[91.04,27.97],[91.09,27.77],[91.32,27.82],[91.22,27.43],[91.49,27.44],[91.43,27.81],[91.72,27.48],[91.6,27.42],[91.59,27.47],[91.36,27.35],[91.28,27.08],[91.18,27.44],[91.23,27.04],[91.11,27.08],[91.16,26.95],[91.01,27.01],[91.15,26.89],[90.96,26.87],[90.94,27.22],[90.86,27.03],[90.47,27.43],[90.38,27.44],[90.18,27.54],[89.93,27.43],[90.22,27.27]]],[[[91.87,27.37],[91.6,27.28],[91.6,27.42],[91.87,27.37]]],[[[55.8,27.66],[56.06,27.79],[55.99,27.95],[56.52,27.81],[56.04,27.58],[55.8,27.66]]],[[[83.28,28.58],[83.39,28.48],[83.53,28.62],[83.59,28.51],[83.69,28.9],[83.99,29.09],[83.64,28.67],[83.78,28.54],[83.67,28.28],[83.32,28.34],[83.28,28.58]]],[[[81.63,29.15],[81.91,29.19],[81.6,29.06],[81.57,29.12],[81.67,29.24],[81.56,29.14],[81.53,29.25],[81.74,29.31],[81.59,29.51],[81.79,29.56],[81.64,29.69],[82.02,29.74],[81.86,29.8],[81.88,29.87],[82.11,29.74],[81.89,29.62],[82.26,29.57],[81.8,29.61],[81.94,29.52],[81.74,29.46],[81.86,29.35],[81.63,29.15]]],[[[81.0,29.67],[80.93,29.49],[81.29,29.62],[81.3,29.76],[81.38,29.61],[81.16,29.48],[81.25,29.43],[80.89,29.4],[80.73,29.5],[81.0,29.67]]],[[[79.45,30.08],[79.46,29.91],[78.89,30.01],[78.94,30.16],[79.45,30.08]]],[[[103.03,29.86],[103.57,30.63],[103.58,30.99],[104.17,31.54],[104.01,31.7],[104.1,31.92],[104.48,32.05],[104.26,32.23],[104.26,32.74],[104.6,33.24],[104.57,33.85],[104.3,33.79],[103.86,34.4],[104.57,34.59],[104.47,34.91],[104.15,35.13],[104.87,35.22],[105.08,34.91],[106.0,35.48],[106.33,35.14],[106.47,35.19],[106.72,35.49],[107.12,35.53],[107.97,35.99],[108.18,36.5],[107.96,36.43],[107.77,36.69],[108.31,37.13],[109.05,37.2],[109.69,36.6],[109.88,36.64],[110.36,37.0],[110.12,37.74],[110.39,37.83],[110.45,38.27],[111.08,38.64],[111.15,38.35],[110.84,38.0],[111.3,37.55],[111.53,38.43],[111.85,38.74],[112.34,38.85],[113.12,39.84],[113.96,39.89],[114.2,40.22],[114.99,40.28],[115.07,40.44],[114.54,40.67],[116.92,42.06],[117.33,42.53],[117.27,43.06],[117.1,43.17],[117.1,43.78],[117.24,43.91],[118.17,43.39],[117.51,43.14],[117.72,43.16],[118.11,42.86],[119.29,42.51],[119.67,42.88],[119.83,42.61],[119.63,42.35],[119.35,42.3],[119.29,41.81],[119.11,41.68],[119.92,41.96],[119.63,41.51],[120.5,42.44],[120.16,42.21],[120.19,42.65],[120.72,42.93],[120.77,43.51],[121.35,43.59],[121.2,43.82],[121.66,44.14],[122.87,44.42],[123.11,44.19],[123.28,44.45],[123.8,44.06],[123.59,43.97],[123.7,43.7],[123.53,43.64],[123.99,43.5],[124.14,44.01],[123.87,44.36],[124.17,44.23],[124.36,44.41],[124.53,44.87],[124.31,45.17],[124.58,45.16],[124.42,45.47],[124.5,45.66],[124.96,45.91],[124.95,46.08],[125.23,46.28],[125.83,46.21],[126.05,46.76],[125.72,46.66],[126.24,47.07],[126.47,47.57],[125.75,46.93],[125.37,47.23],[125.13,47.22],[125.78,47.66],[125.54,47.68],[124.86,47.42],[124.97,47.25],[124.72,47.0],[124.49,47.2],[124.72,47.68],[125.7,48.01],[125.58,48.13],[124.86,48.05],[125.77,48.39],[126.37,48.04],[126.43,47.78],[127.2,47.39],[127.19,47.72],[126.72,47.95],[126.87,48.14],[126.57,48.31],[126.93,48.53],[126.74,48.88],[125.89,48.66],[125.91,48.87],[125.61,48.89],[125.58,49.39],[125.37,49.44],[124.55,48.81],[124.13,48.79],[122.62,47.84],[121.87,46.52],[121.26,46.38],[120.13,46.61],[120.53,46.81],[121.51,46.8],[121.56,47.22],[121.91,47.69],[122.05,48.23],[122.58,48.46],[123.2,49.06],[124.07,49.22],[124.32,50.02],[124.98,51.18],[125.06,52.68],[125.45,53.18],[126.08,53.23],[127.01,52.89],[128.09,52.8],[128.7,52.38],[129.64,52.32],[130.42,52.04],[131.0,52.09],[131.49,51.9],[131.59,51.59],[131.18,51.0],[131.85,50.41],[131.29,49.38],[131.43,49.17],[132.4,49.26],[133.5,49.9],[133.81,49.74],[133.9,49.36],[134.3,49.38],[135.0,50.33],[135.55,50.51],[136.03,50.41],[135.45,50.12],[135.34,49.9],[135.64,49.82],[137.03,50.43],[137.58,50.3],[137.89,50.05],[137.48,49.54],[137.69,49.0],[137.06,48.53],[137.14,48.07],[136.66,47.7],[136.82,47.22],[136.25,46.81],[136.23,46.63],[136.45,46.44],[135.62,45.9],[135.57,45.53],[135.9,45.63],[136.65,46.42],[137.38,46.68],[138.55,47.88],[139.06,48.1],[139.62,48.07],[138.57,47.05],[137.89,46.03],[135.63,44.19],[135.14,43.51],[133.87,42.86],[133.01,42.69],[132.7,42.94],[132.37,42.98],[132.28,42.85],[132.35,43.35],[131.98,43.06],[131.83,43.15],[132.08,43.3],[132.56,44.17],[133.33,44.93],[133.56,45.45],[134.42,46.2],[134.59,46.44],[134.26,46.07],[134.12,46.34],[133.43,46.35],[132.19,45.84],[131.7,45.81],[131.5,45.55],[130.7,45.31],[130.94,45.09],[131.72,45.27],[131.88,44.67],[131.77,43.16],[131.62,43.2],[131.17,42.57],[131.12,42.72],[130.67,42.69],[130.85,42.55],[130.8,42.3],[130.57,42.55],[130.7,42.29],[130.41,42.32],[129.9,41.89],[129.66,41.53],[129.81,41.37],[129.71,40.83],[129.23,40.69],[128.65,40.17],[127.56,39.78],[127.56,39.3],[127.47,39.43],[127.37,39.37],[127.38,39.23],[128.36,38.68],[129.34,37.26],[129.47,36.77],[129.39,36.03],[129.56,36.07],[129.54,35.85],[129.37,35.36],[129.0,35.04],[128.59,35.21],[128.65,35.05],[128.38,35.03],[128.5,35.01],[128.43,34.83],[128.06,34.93],[128.07,35.08],[127.59,34.94],[127.77,34.84],[127.63,34.61],[127.53,34.88],[127.37,34.82],[127.51,34.59],[127.34,34.58],[127.33,34.43],[127.12,34.54],[127.35,34.69],[127.25,34.76],[126.89,34.41],[126.77,34.58],[126.53,34.28],[126.54,34.56],[126.39,34.53],[126.27,34.63],[126.3,34.75],[126.37,34.6],[126.62,34.62],[126.37,34.74],[126.66,34.81],[126.37,34.79],[126.44,34.97],[126.32,34.93],[126.25,35.11],[126.76,35.1],[126.31,35.23],[126.49,35.51],[126.69,35.53],[126.47,35.61],[126.79,35.76],[126.7,35.84],[126.83,35.9],[126.63,35.97],[126.87,36.05],[126.5,36.12],[126.61,36.46],[126.49,36.46],[126.5,36.72],[126.29,36.58],[126.12,36.71],[126.29,36.96],[126.36,36.78],[126.35,36.99],[126.58,36.89],[126.5,37.05],[126.78,36.96],[126.84,36.75],[127.04,36.98],[126.91,36.92],[126.89,37.09],[126.75,37.05],[126.87,37.17],[126.66,37.15],[126.87,37.26],[126.55,37.65],[126.65,37.76],[126.66,37.67],[126.75,37.63],[126.69,37.83],[126.38,37.89],[126.14,37.73],[125.59,38.03],[125.73,37.92],[125.34,37.67],[125.51,37.88],[124.98,37.92],[125.27,38.07],[124.66,38.13],[124.99,38.22],[124.87,38.33],[125.12,38.66],[125.65,38.62],[125.14,38.78],[125.27,39.08],[125.82,39.07],[125.3,39.09],[125.45,39.57],[125.12,39.56],[124.74,39.77],[124.62,39.59],[124.56,39.81],[124.32,39.91],[124.54,40.22],[124.12,39.82],[123.24,39.81],[123.21,39.66],[122.29,39.35],[121.87,38.95],[121.72,39.03],[121.59,38.93],[121.7,38.86],[121.14,38.72],[121.1,38.92],[121.66,39.07],[121.6,39.25],[121.94,39.4],[121.53,39.36],[121.43,39.51],[121.23,39.54],[121.54,39.62],[121.47,39.81],[121.88,39.99],[122.3,40.52],[121.86,40.81],[121.87,40.99],[121.73,40.84],[121.18,40.93],[120.46,40.2],[119.35,39.72],[119.11,39.29],[118.31,39.42],[117.63,39.1],[117.75,38.98],[117.49,38.65],[117.78,38.09],[118.1,37.75],[118.68,37.72],[118.68,37.57],[118.44,37.54],[118.79,37.13],[119.53,36.87],[119.81,37.0],[119.85,37.36],[120.3,37.59],[120.21,37.68],[120.73,37.83],[121.57,37.42],[121.99,37.42],[122.12,37.56],[122.17,37.42],[122.69,37.39],[122.4,37.02],[122.54,37.02],[122.5,36.89],[122.2,36.84],[122.18,37.01],[122.04,36.89],[121.95,37.0],[121.62,36.73],[121.45,36.82],[121.02,36.58],[120.85,36.65],[120.75,36.61],[120.96,36.54],[120.88,36.37],[120.7,36.42],[120.68,36.13],[120.35,36.04],[120.3,36.27],[120.09,36.21],[120.3,35.97],[119.65,35.58],[119.16,34.86],[119.2,34.71],[119.45,34.74],[120.24,33.73],[120.84,32.63],[121.4,32.38],[121.39,32.17],[121.83,31.92],[121.89,31.69],[121.3,31.87],[120.98,31.83],[120.62,32.09],[120.09,31.95],[119.92,32.21],[119.77,32.33],[119.61,32.35],[119.61,32.19],[120.14,31.9],[120.71,31.98],[120.73,31.81],[121.7,31.28],[121.89,30.92],[121.0,30.57],[120.91,30.37],[120.45,30.39],[120.15,30.19],[120.51,30.31],[120.61,30.11],[120.79,30.06],[120.64,30.14],[121.3,30.3],[121.91,29.9],[121.76,29.79],[121.29,29.68],[121.11,30.11],[120.52,29.96],[120.19,30.07],[120.17,29.77],[119.84,29.42],[119.27,29.1],[118.36,28.91],[118.19,28.62],[117.7,28.32],[116.99,28.14],[116.75,27.75],[116.33,27.75],[116.16,28.05],[115.76,28.06],[115.42,27.67],[115.16,26.88],[114.77,26.6],[114.64,26.68],[114.82,27.56],[113.98,27.77],[114.74,28.41],[115.42,28.66],[115.59,29.06],[115.31,29.56],[113.58,29.07],[113.3,28.56],[113.38,28.37],[113.1,28.07],[113.3,27.79],[113.35,27.23],[113.27,27.04],[112.81,26.93],[112.41,27.09],[112.26,27.38],[112.29,27.82],[112.53,28.11],[112.44,28.4],[112.01,28.58],[110.64,28.32],[111.05,28.68],[111.72,28.73],[111.64,29.01],[111.82,29.5],[112.27,29.62],[112.01,30.02],[111.73,30.04],[111.52,30.4],[111.61,30.58],[110.92,30.84],[108.91,30.8],[107.8,29.77],[107.16,29.69],[106.72,29.46],[106.51,29.1],[105.28,28.6],[104.15,28.52],[104.29,28.7],[104.21,28.84],[103.86,29.01],[103.42,29.61],[103.03,29.86]],[[131.53,46.22],[133.5,46.58],[133.98,47.34],[135.09,47.37],[135.59,47.94],[135.98,48.93],[135.63,49.08],[134.15,48.58],[131.72,48.23],[130.87,47.55],[130.57,47.57],[129.88,46.73],[129.38,46.46],[130.33,46.46],[130.12,46.48],[130.24,46.68],[131.49,46.45],[131.53,46.22]],[[129.33,46.44],[128.83,46.04],[129.38,46.46],[129.33,46.44]],[[127.22,49.93],[127.59,49.63],[128.72,49.6],[129.0,49.13],[129.45,48.93],[130.64,48.82],[130.78,48.93],[130.89,49.3],[130.73,49.57],[130.28,49.74],[130.14,50.16],[129.35,50.36],[129.31,50.88],[128.72,51.05],[129.21,51.72],[128.66,51.75],[128.08,51.49],[127.64,51.71],[127.24,51.64],[127.16,51.92],[126.78,51.91],[126.7,51.61],[126.41,51.72],[126.51,51.34],[126.8,51.54],[127.07,50.94],[127.22,49.93]],[[127.01,50.34],[127.08,50.43],[126.92,50.56],[126.64,50.32],[127.01,50.34]],[[126.76,50.7],[126.75,50.99],[126.35,50.54],[126.76,50.7]]],[[[79.58,30.49],[79.65,30.13],[79.92,30.24],[80.34,30.01],[80.57,30.14],[80.73,29.93],[80.37,29.74],[80.35,29.51],[79.21,30.31],[78.94,30.27],[78.45,30.8],[78.27,30.65],[77.77,30.75],[77.82,30.98],[77.21,31.18],[77.07,31.04],[77.05,31.23],[77.66,31.45],[77.73,31.62],[78.29,31.65],[78.45,31.59],[78.07,31.51],[77.98,31.34],[78.57,30.8],[78.78,30.94],[78.62,30.68],[79.11,30.48],[79.58,30.49]]],[[[76.44,31.75],[75.67,32.03],[75.51,32.33],[75.67,32.38],[76.11,32.03],[76.46,32.07],[77.03,31.73],[76.44,31.75]]],[[[130.0,32.53],[130.16,32.54],[130.21,32.33],[129.99,32.19],[130.0,32.53]]],[[[132.07,32.92],[131.69,32.58],[131.34,31.37],[131.07,31.45],[131.13,31.27],[130.67,30.99],[130.8,31.31],[130.6,31.58],[130.8,31.69],[130.64,31.71],[130.53,31.53],[130.58,31.15],[130.23,31.25],[130.12,31.4],[130.34,31.61],[130.18,31.76],[130.18,32.09],[130.66,32.64],[130.45,32.62],[130.61,32.79],[130.22,33.18],[130.09,32.85],[130.33,32.85],[130.35,32.66],[130.17,32.58],[130.09,32.78],[129.75,32.56],[129.86,32.71],[129.69,32.84],[129.68,33.08],[129.8,32.85],[130.01,32.83],[129.56,33.21],[129.58,33.35],[129.85,33.27],[129.86,33.54],[130.01,33.44],[130.21,33.65],[130.37,33.58],[130.48,33.85],[130.9,33.88],[131.01,33.95],[131.1,33.61],[131.67,33.65],[131.73,33.46],[131.52,33.26],[131.9,33.25],[131.81,33.11],[132.0,33.08],[131.9,32.97],[132.07,32.92]]],[[[46.81,36.75],[47.01,36.64],[47.2,36.59],[47.41,36.8],[47.75,36.53],[47.82,36.83],[47.97,36.84],[48.65,36.51],[48.78,36.69],[48.27,37.01],[48.37,37.33],[49.77,36.26],[48.97,36.4],[49.22,36.0],[49.04,35.91],[49.08,35.74],[50.14,35.79],[50.46,35.68],[50.51,35.48],[51.52,35.54],[51.34,35.32],[51.43,35.23],[50.01,35.2],[50.38,34.84],[50.2,34.87],[50.27,34.74],[49.52,34.38],[49.22,33.99],[49.24,33.64],[50.57,34.45],[50.48,33.51],[51.1,33.15],[51.07,33.38],[51.88,32.86],[52.05,31.96],[52.45,31.89],[51.89,31.55],[51.91,30.75],[52.09,30.49],[52.29,30.44],[52.44,31.19],[52.79,30.91],[52.63,30.72],[53.27,30.53],[53.66,30.15],[53.58,30.08],[54.01,29.83],[54.09,29.57],[54.22,29.74],[54.28,29.37],[54.82,29.49],[55.91,28.76],[56.39,29.07],[56.31,29.25],[56.63,28.96],[57.47,28.67],[57.26,28.2],[56.33,27.96],[56.66,28.35],[56.1,28.47],[56.17,28.23],[55.84,28.14],[55.71,28.32],[55.46,28.13],[54.79,28.17],[54.42,28.48],[54.0,28.25],[53.52,28.65],[53.41,28.42],[53.08,28.61],[52.77,28.39],[52.42,28.6],[52.16,28.52],[51.04,29.4],[50.85,30.06],[49.6,30.89],[48.73,31.92],[46.44,32.88],[45.95,33.31],[45.7,33.63],[45.77,34.52],[45.1,35.29],[44.91,36.03],[44.25,36.1],[44.01,36.56],[42.83,36.82],[42.64,37.01],[42.65,37.24],[41.95,37.51],[42.05,37.92],[41.44,38.09],[42.24,38.14],[44.24,37.52],[44.36,37.55],[44.19,38.02],[44.32,38.34],[44.62,38.14],[44.75,37.54],[44.93,37.39],[44.92,36.92],[45.28,36.93],[45.59,36.54],[46.37,36.47],[46.62,36.06],[46.75,37.08],[46.81,36.75]]],[[[75.41,33.81],[75.75,33.78],[76.03,33.42],[76.32,33.45],[76.19,33.17],[76.02,33.19],[76.17,33.08],[76.19,32.63],[75.95,32.54],[76.82,32.42],[77.16,32.19],[77.38,31.78],[77.34,31.55],[77.09,31.56],[77.09,31.88],[76.77,32.06],[75.71,32.44],[75.95,32.82],[75.45,32.84],[75.31,33.16],[74.65,33.2],[74.81,33.49],[74.05,33.8],[74.24,34.02],[73.66,34.13],[73.19,34.64],[73.66,34.9],[73.72,34.74],[73.5,34.55],[73.78,34.46],[73.82,34.74],[73.84,34.61],[74.32,34.8],[75.07,34.45],[75.41,33.81]]],[[[126.95,33.46],[126.84,33.31],[126.16,33.28],[126.32,33.45],[126.95,33.46]]],[[[133.01,32.99],[133.01,32.7],[132.48,32.9],[132.41,33.44],[132.02,33.34],[132.64,33.67],[132.93,34.12],[133.12,33.92],[133.52,33.96],[133.64,34.1],[133.56,34.25],[133.9,34.37],[134.65,34.22],[134.59,34.02],[134.75,33.82],[134.38,33.62],[134.19,33.24],[133.74,33.51],[133.29,33.37],[133.01,32.99]]],[[[73.45,34.09],[73.35,33.89],[73.01,34.25],[73.0,34.53],[73.36,34.37],[73.45,34.09]]],[[[134.94,34.26],[134.76,34.18],[134.66,34.27],[135.01,34.59],[134.94,34.26]]],[[[141.68,38.85],[141.46,38.66],[141.53,38.26],[141.1,38.36],[140.94,38.1],[141.04,37.48],[141.01,37.14],[140.57,36.25],[140.88,35.69],[140.55,35.59],[140.39,35.17],[139.95,34.91],[139.77,34.96],[139.88,35.21],[139.78,35.3],[140.11,35.55],[139.97,35.66],[139.65,35.46],[139.68,35.13],[139.55,35.28],[139.17,35.23],[139.14,34.87],[138.85,34.59],[138.77,34.95],[138.91,35.03],[138.74,35.12],[138.35,34.89],[138.23,34.58],[137.03,34.56],[137.35,34.72],[137.02,34.76],[136.98,34.92],[136.97,34.68],[136.88,34.72],[136.85,35.08],[136.52,34.69],[136.92,34.43],[136.9,34.26],[136.71,34.34],[136.3,34.16],[135.76,33.43],[135.06,33.88],[135.2,34.14],[135.07,34.29],[135.46,34.56],[135.33,34.72],[135.06,34.61],[134.48,34.78],[133.93,34.58],[134.05,34.57],[133.93,34.45],[133.5,34.49],[133.08,34.25],[133.15,34.37],[132.56,34.19],[132.52,34.35],[132.37,34.36],[132.1,33.87],[131.75,34.05],[131.01,33.95],[130.88,33.94],[130.95,34.41],[131.41,34.42],[132.65,35.3],[132.63,35.42],[133.09,35.58],[133.4,35.44],[135.22,35.76],[135.31,35.44],[135.45,35.58],[135.82,35.52],[136.01,35.74],[136.08,35.66],[135.96,35.97],[136.71,36.75],[136.75,37.34],[137.36,37.5],[136.87,37.1],[137.05,37.09],[136.99,36.85],[137.19,36.74],[138.56,37.38],[138.86,37.82],[139.42,38.15],[140.02,39.37],[140.01,39.84],[139.7,39.93],[140.02,40.21],[139.85,40.6],[140.27,40.8],[140.35,41.25],[140.64,41.18],[140.72,40.83],[140.89,40.99],[141.15,40.86],[141.25,41.21],[140.8,41.12],[140.92,41.53],[141.47,41.39],[141.41,40.81],[141.95,39.99],[142.07,39.54],[141.95,39.45],[142.06,39.47],[141.67,39.04],[141.95,39.24],[141.85,39.02],[141.63,38.99],[141.68,38.85]],[[139.23,37.11],[139.2,37.0],[139.48,36.73],[139.73,36.93],[139.23,37.11]],[[139.04,36.75],[139.17,36.89],[138.9,36.82],[138.78,36.99],[138.77,36.81],[138.51,36.77],[138.43,36.52],[138.61,36.44],[138.62,36.69],[139.04,36.75]],[[138.04,36.41],[137.93,36.72],[137.6,36.54],[137.75,36.17],[137.99,36.16],[138.04,36.41]]],[[[55.19,37.14],[55.85,37.74],[56.43,37.9],[56.65,37.78],[55.03,36.62],[54.56,36.68],[54.21,36.33],[53.46,36.02],[53.23,36.16],[51.63,36.26],[51.28,36.16],[49.65,37.07],[49.35,36.92],[48.73,37.56],[48.56,38.04],[48.3,37.53],[47.96,37.68],[47.9,37.86],[48.34,38.23],[48.24,38.63],[47.66,38.78],[47.32,38.62],[46.96,38.8],[48.14,39.3],[48.82,38.97],[49.06,37.68],[50.18,37.39],[50.33,37.13],[51.03,36.75],[51.89,36.58],[54.01,36.94],[53.62,36.86],[53.92,36.8],[55.19,37.14]]],[[[82.96,37.76],[83.17,37.69],[83.71,38.28],[84.08,38.34],[84.3,38.16],[84.19,37.96],[83.35,37.5],[82.87,37.41],[82.65,37.69],[83.03,38.35],[82.96,37.76]]],[[[138.24,38.07],[138.52,38.32],[138.44,38.05],[138.58,38.06],[138.22,37.8],[138.34,37.96],[138.24,38.07]]],[[[48.04,38.51],[48.06,38.39],[47.91,38.15],[47.2,38.46],[48.04,38.51]]],[[[82.65,40.3],[81.72,40.71],[80.86,40.29],[81.09,40.26],[81.07,39.11],[80.74,38.12],[80.48,37.99],[80.69,39.09],[80.61,40.07],[80.46,40.18],[79.88,39.83],[79.6,39.99],[79.56,40.25],[81.31,40.87],[82.29,41.05],[83.43,41.02],[84.67,41.38],[84.82,41.33],[84.78,41.22],[86.47,41.0],[87.7,40.28],[87.7,40.11],[87.43,40.09],[86.48,40.67],[85.72,40.93],[85.39,40.87],[85.15,40.46],[84.61,40.3],[82.65,40.3]]],[[[140.19,41.39],[140.05,41.43],[140.14,41.98],[139.77,42.31],[139.87,42.66],[140.3,42.76],[140.53,43.0],[140.36,43.32],[141.17,43.14],[141.41,43.3],[141.34,43.71],[141.65,43.94],[141.78,44.77],[141.92,44.63],[141.98,43.89],[142.22,43.88],[142.44,44.1],[142.47,43.68],[142.24,43.52],[142.21,42.75],[142.35,42.54],[143.13,42.04],[143.31,42.14],[143.25,41.92],[141.79,42.6],[140.99,42.29],[140.76,42.55],[140.47,42.57],[140.28,42.25],[141.2,41.8],[140.98,41.7],[140.65,41.82],[140.19,41.39]],[[140.36,41.86],[140.51,41.84],[140.14,42.29],[139.92,42.38],[140.36,41.86]],[[139.93,42.62],[139.93,42.47],[140.31,42.45],[140.29,42.62],[139.93,42.62]],[[141.55,43.75],[141.42,43.69],[141.46,43.48],[141.77,43.46],[141.55,43.75]],[[141.0,43.14],[140.93,42.92],[140.75,42.88],[140.9,42.78],[140.64,42.74],[140.9,42.71],[140.95,42.42],[141.5,42.71],[141.0,43.14]]],[[[143.32,42.35],[142.97,43.06],[143.45,43.04],[143.58,43.2],[143.68,42.81],[143.97,42.89],[143.39,42.38],[143.31,42.14],[143.32,42.35]]],[[[143.74,43.75],[143.85,43.91],[143.48,43.96],[142.43,44.82],[142.39,45.13],[143.78,44.09],[144.25,44.12],[144.35,43.96],[144.73,43.91],[144.38,43.7],[144.08,43.76],[144.05,43.62],[143.74,43.75]]],[[[141.8,46.64],[142.07,47.13],[141.94,47.52],[142.1,47.8],[142.6,47.13],[142.67,46.75],[142.48,46.7],[142.16,45.93],[141.8,46.64]]],[[[84.58,56.45],[83.86,55.51],[84.07,55.18],[85.78,54.34],[86.21,54.26],[86.68,53.7],[87.03,53.54],[87.08,53.81],[86.54,54.83],[85.72,55.37],[85.83,55.49],[86.34,55.38],[86.99,54.82],[87.21,54.16],[88.02,53.74],[88.06,53.62],[87.34,53.06],[86.95,53.01],[85.69,54.21],[84.65,54.67],[84.24,54.67],[86.22,53.4],[86.4,52.93],[86.31,52.16],[85.75,52.44],[85.62,53.06],[84.67,53.63],[84.55,54.09],[83.85,54.32],[82.96,55.05],[81.73,55.27],[81.84,55.49],[82.85,55.79],[82.6,55.93],[81.23,55.75],[79.51,55.9],[77.8,55.8],[76.35,56.02],[74.11,56.07],[71.17,55.82],[69.17,56.43],[67.65,56.56],[65.7,56.2],[63.75,55.41],[62.08,55.55],[61.09,55.41],[61.99,56.38],[63.01,56.69],[65.04,56.96],[65.7,57.38],[66.25,57.42],[68.8,57.3],[71.63,56.9],[74.12,57.05],[76.13,56.55],[77.67,56.71],[80.56,56.52],[82.16,56.81],[83.79,57.48],[84.84,57.59],[85.45,57.45],[86.84,56.67],[88.17,56.96],[89.47,56.9],[89.75,56.85],[89.93,56.54],[92.0,55.95],[91.83,55.8],[90.49,55.74],[90.09,55.87],[89.76,56.47],[89.18,56.62],[87.82,56.21],[86.42,56.37],[85.71,56.73],[84.58,56.45]]],[[[47.11,56.82],[47.02,56.66],[46.47,56.89],[46.67,57.15],[47.11,57.0],[48.11,57.02],[47.11,56.82]]],[[[47.47,57.84],[47.6,57.78],[46.52,57.33],[46.08,57.27],[45.74,57.41],[46.45,57.69],[46.13,57.83],[47.47,57.84]]],[[[44.97,58.19],[44.98,57.99],[44.55,57.93],[44.53,58.04],[44.97,58.19]]],[[[53.49,58.16],[53.09,58.35],[53.48,58.36],[53.69,58.21],[53.49,58.16]]],[[[51.58,58.47],[50.79,58.51],[50.78,58.61],[51.2,58.73],[51.58,58.47]]],[[[145.81,-41.03],[146.4,-41.24],[146.6,-41.26],[146.25,-41.16],[146.56,-41.16],[146.71,-41.06],[146.82,-41.12],[147.28,-40.94],[147.44,-41.0],[147.67,-40.82],[147.8,-40.88],[147.88,-40.87],[147.98,-40.74],[148.22,-40.85],[148.35,-40.99],[148.27,-41.12],[148.26,-41.81],[148.35,-42.22],[148.33,-42.23],[148.31,-42.28],[148.29,-42.28],[148.3,-42.13],[148.2,-42.09],[148.08,-42.11],[148.0,-42.31],[148.01,-42.51],[147.95,-42.55],[147.93,-42.55],[147.93,-42.53],[147.91,-42.52],[147.88,-42.56],[147.96,-42.68],[147.88,-42.77],[147.88,-42.85],[147.81,-42.89],[147.97,-42.86],[147.93,-43.02],[148.01,-43.22],[147.86,-43.11],[147.72,-43.2],[147.74,-43.1],[147.62,-43.07],[147.67,-42.94],[147.77,-43.05],[147.92,-43.01],[147.85,-43.01],[147.87,-42.95],[147.86,-42.94],[147.81,-42.94],[147.8,-42.89],[147.61,-42.87],[147.61,-42.85],[147.5,-42.87],[147.5,-42.91],[147.55,-42.99],[147.41,-43.05],[147.49,-42.91],[147.32,-42.83],[147.26,-43.23],[147.17,-43.28],[147.05,-43.19],[147.03,-43.21],[147.01,-43.11],[146.97,-43.14],[146.97,-43.2],[147.1,-43.29],[147.0,-43.32],[146.87,-43.64],[146.83,-43.64],[146.83,-43.62],[146.82,-43.61],[146.79,-43.6],[146.71,-43.63],[146.69,-43.6],[146.54,-43.52],[146.34,-43.51],[146.33,-43.52],[146.32,-43.54],[146.29,-43.54],[146.28,-43.5],[146.25,-43.49],[146.22,-43.5],[146.2,-43.54],[146.18,-43.51],[146.15,-43.5],[146.11,-43.53],[146.11,-43.56],[146.08,-43.54],[146.04,-43.55],[146.04,-43.51],[146.0,-43.41],[145.92,-43.38],[146.0,-43.34],[145.98,-43.23],[145.92,-43.21],[145.84,-43.31],[145.85,-43.29],[145.79,-43.19],[145.73,-43.11],[145.67,-43.1],[145.68,-43.05],[145.59,-42.97],[145.5,-42.99],[145.5,-42.98],[145.48,-42.92],[145.45,-42.9],[145.41,-42.78],[145.38,-42.77],[145.4,-42.74],[145.37,-42.66],[145.26,-42.62],[145.3,-42.6],[145.3,-42.59],[145.3,-42.57],[145.25,-42.52],[145.25,-42.44],[145.2,-42.33],[145.21,-42.28],[145.19,-42.21],[145.17,-42.2],[145.21,-42.21],[145.22,-42.22],[145.22,-42.0],[144.97,-41.72],[144.92,-41.71],[144.93,-41.67],[144.89,-41.59],[144.75,-41.42],[144.78,-41.37],[144.61,-41.01],[144.71,-40.86],[144.73,-40.66],[144.77,-40.74],[145.12,-40.84],[145.26,-40.71],[145.28,-40.83],[145.81,-41.03]],[[147.62,-42.84],[147.6,-42.79],[147.44,-42.78],[147.48,-42.83],[147.61,-42.85],[147.62,-42.84]],[[145.25,-42.29],[145.43,-42.38],[145.45,-42.44],[145.56,-42.36],[145.33,-42.15],[145.22,-42.22],[145.25,-42.29]]],[[[145.64,43.93],[145.61,43.7],[145.44,43.76],[145.4,43.87],[146.13,44.53],[146.6,44.45],[145.64,43.93]]],[[[147.95,-39.72],[148.18,-39.95],[148.29,-39.97],[148.28,-40.08],[148.33,-40.21],[148.21,-40.21],[148.09,-40.27],[147.86,-40.02],[147.9,-39.99],[147.89,-39.92],[147.86,-39.9],[147.95,-39.72]]],[[[147.34,44.8],[147.54,45.16],[147.89,45.21],[147.9,45.47],[148.16,45.25],[148.87,45.51],[148.89,45.36],[147.96,44.97],[147.7,44.99],[147.25,44.57],[146.85,44.44],[146.91,44.63],[147.24,44.68],[147.14,44.85],[147.34,44.8]]],[[[153.05,-25.34],[152.99,-25.22],[153.21,-25.01],[153.12,-24.81],[153.27,-24.7],[153.36,-25.01],[153.05,-25.8],[153.05,-25.34]]],[[[167.81,-46.91],[167.77,-46.7],[168.19,-46.9],[167.96,-46.97],[168.23,-46.97],[168.25,-47.09],[167.77,-47.14],[167.53,-47.28],[167.81,-46.91]]],[[[168.84,-46.56],[168.37,-46.62],[168.27,-46.53],[168.39,-46.49],[168.37,-46.41],[167.83,-46.4],[167.56,-46.15],[167.29,-46.27],[166.67,-46.15],[166.95,-45.94],[166.62,-46.09],[166.81,-45.93],[166.48,-46.01],[166.48,-45.81],[166.88,-45.78],[167.02,-45.71],[166.78,-45.73],[167.05,-45.49],[166.7,-45.55],[166.95,-45.43],[166.8,-45.37],[166.87,-45.28],[167.21,-45.47],[167.05,-45.32],[167.31,-45.32],[167.0,-45.14],[167.18,-45.18],[167.05,-45.1],[167.27,-45.09],[167.15,-45.03],[167.35,-45.03],[167.2,-44.97],[167.41,-44.83],[167.51,-45.0],[167.45,-44.79],[167.56,-44.88],[167.55,-44.74],[167.79,-44.59],[167.94,-44.69],[167.84,-44.5],[168.03,-44.36],[168.11,-44.83],[167.6,-45.57],[167.96,-45.53],[168.89,-46.04],[168.66,-46.16],[169.2,-46.11],[169.85,-46.46],[168.88,-46.67],[168.84,-46.56]]],[[[168.71,-44.05],[168.09,-44.52],[168.03,-44.32],[168.37,-44.04],[169.1,-43.9],[169.22,-43.96],[168.71,-44.05]]],[[[169.08,-43.83],[169.78,-43.52],[170.0,-43.72],[169.41,-43.96],[169.08,-43.83]]],[[[171.03,-42.79],[170.98,-42.84],[171.02,-42.94],[170.41,-43.27],[170.28,-43.11],[170.62,-43.11],[170.47,-43.02],[170.66,-42.95],[170.75,-43.06],[170.7,-42.95],[171.03,-42.79]]],[[[172.14,-41.29],[172.11,-40.89],[172.63,-40.51],[172.99,-40.53],[172.66,-40.65],[172.86,-40.85],[173.01,-40.79],[173.08,-41.3],[173.19,-41.31],[173.6,-41.05],[173.68,-41.1],[173.84,-40.93],[174.03,-40.92],[173.78,-41.01],[173.78,-41.11],[173.95,-41.06],[174.0,-40.97],[174.22,-41.07],[174.32,-41.0],[174.21,-41.2],[173.94,-41.27],[174.33,-41.22],[174.05,-41.42],[174.18,-41.6],[174.01,-41.69],[174.29,-41.74],[173.96,-42.16],[173.86,-42.09],[173.93,-42.19],[173.72,-42.44],[173.54,-42.35],[173.8,-42.18],[173.82,-41.91],[173.25,-41.91],[172.93,-42.1],[172.99,-41.76],[172.41,-42.07],[172.13,-42.4],[172.13,-42.41],[171.04,-42.93],[171.11,-42.88],[171.0,-42.71],[171.21,-42.46],[171.7,-42.28],[171.23,-42.44],[171.47,-41.76],[171.86,-41.67],[172.14,-41.29]],[[173.76,-41.27],[174.13,-41.18],[173.89,-41.19],[173.95,-41.06],[173.76,-41.27]]],[[[178.35,-38.01],[178.3,-38.53],[177.93,-38.7],[177.91,-39.25],[177.86,-39.09],[177.63,-39.07],[177.05,-39.2],[176.93,-39.65],[177.12,-39.67],[175.98,-41.23],[175.23,-41.62],[175.19,-41.42],[174.86,-41.42],[174.89,-41.23],[174.59,-41.27],[174.87,-41.1],[175.36,-40.2],[175.22,-40.28],[174.97,-39.92],[173.96,-39.54],[173.75,-39.27],[174.55,-38.87],[174.64,-38.51],[174.7,-38.67],[174.7,-38.11],[174.94,-38.1],[174.79,-38.08],[174.89,-37.97],[174.79,-37.87],[174.97,-37.74],[174.85,-37.77],[174.72,-37.42],[174.84,-37.29],[174.72,-37.36],[174.55,-37.07],[174.74,-37.25],[174.94,-37.07],[174.77,-36.93],[174.5,-37.04],[174.19,-36.49],[174.45,-36.65],[174.47,-36.38],[174.27,-36.35],[174.52,-36.26],[174.3,-36.28],[174.45,-36.15],[174.23,-36.11],[174.31,-36.24],[174.2,-36.25],[173.91,-35.87],[174.18,-36.28],[174.08,-36.41],[173.4,-35.57],[173.66,-35.31],[173.38,-35.53],[173.31,-35.3],[173.09,-35.21],[173.18,-34.98],[172.7,-34.42],[173.06,-34.42],[172.91,-34.54],[173.27,-35.02],[173.44,-34.79],[173.47,-34.99],[174.11,-35.13],[174.01,-35.21],[174.15,-35.37],[174.36,-35.21],[174.6,-35.84],[174.36,-35.72],[174.35,-35.83],[174.53,-35.85],[174.5,-35.99],[174.88,-36.35],[174.72,-36.42],[174.72,-36.6],[174.86,-36.61],[174.72,-36.63],[174.82,-36.82],[174.62,-36.79],[174.68,-36.91],[175.23,-36.94],[175.37,-37.21],[175.6,-37.25],[175.35,-36.48],[175.54,-36.51],[175.62,-36.77],[175.85,-36.73],[175.7,-36.84],[175.85,-36.84],[175.95,-37.41],[176.17,-37.62],[175.95,-37.52],[175.99,-37.64],[177.13,-38.02],[177.47,-37.96],[177.99,-37.54],[178.57,-37.71],[178.35,-38.01]]]]}},{"type":"Feature","properties":{"biome":"Temperate Conifer Forests","style":{"fillColor":"#458970"}},"geometry":{"type":"MultiPolygon","coordinates":[[[[-135.4,56.95],[-134.8,56.74],[-134.89,56.51],[-134.66,56.16],[-135.05,56.52],[-134.97,56.62],[-135.12,56.59],[-135.4,56.95]]],[[[-135.35,57.55],[-135.16,57.46],[-135.43,57.42],[-135.34,57.26],[-135.55,57.23],[-135.69,57.35],[-135.59,57.37],[-135.63,57.4],[-135.53,57.45],[-135.35,57.55]]],[[[-134.34,57.99],[-134.3,57.83],[-133.85,57.46],[-134.11,57.47],[-133.87,57.36],[-134.19,57.4],[-134.15,57.21],[-134.61,57.01],[-134.57,57.4],[-134.35,57.33],[-134.32,57.39],[-134.51,57.47],[-134.37,57.56],[-134.67,57.61],[-134.94,58.4],[-134.7,58.16],[-134.18,58.16],[-133.8,57.58],[-134.32,58.1],[-134.23,57.97],[-134.34,57.99]]],[[[-134.95,57.8],[-135.59,57.89],[-135.23,57.7],[-134.93,57.76],[-134.83,57.48],[-135.57,57.67],[-135.67,57.54],[-135.55,57.45],[-135.63,57.4],[-135.7,57.37],[-136.19,57.78],[-136.42,57.82],[-136.35,58.0],[-136.2,57.94],[-136.43,58.08],[-135.11,57.58],[-135.7,57.94],[-135.82,58.23],[-135.87,58.16],[-136.09,58.18],[-136.18,58.2],[-135.78,58.29],[-135.5,58.17],[-135.62,57.98],[-135.41,58.15],[-134.95,58.04],[-134.93,57.85],[-135.21,57.95],[-134.95,57.8]]],[[[-152.11,58.15],[-152.25,58.27],[-152.37,58.19],[-152.27,58.13],[-152.55,58.08],[-152.57,58.22],[-152.84,58.0],[-152.79,58.2],[-152.94,58.28],[-152.76,58.23],[-152.72,58.34],[-152.89,58.41],[-152.49,58.46],[-152.43,58.3],[-152.3,58.43],[-152.09,58.37],[-152.14,58.22],[-151.99,58.35],[-152.11,58.15]]],[[[-136.25,58.63],[-136.04,58.38],[-136.49,58.3],[-136.61,58.37],[-136.46,58.61],[-136.25,58.63]]],[[[-135.09,58.24],[-135.43,58.4],[-135.92,58.38],[-135.83,58.6],[-136.09,58.82],[-136.07,59.03],[-135.97,58.91],[-135.66,59.03],[-135.33,58.92],[-135.09,58.24]]],[[[-139.26,59.39],[-139.88,59.54],[-139.48,59.7],[-139.59,59.79],[-138.11,59.0],[-138.39,59.1],[-138.62,59.13],[-138.5,59.19],[-139.26,59.39]]],[[[-151.98,59.25],[-151.77,59.32],[-151.89,59.43],[-151.34,59.46],[-151.45,59.54],[-150.97,59.77],[-151.41,59.6],[-151.87,59.77],[-150.8,59.93],[-151.17,59.51],[-151.38,59.52],[-151.26,59.42],[-151.43,59.42],[-150.9,59.32],[-150.96,59.2],[-151.33,59.31],[-151.11,59.22],[-151.98,59.25]]],[[[-140.93,59.86],[-140.79,59.73],[-141.46,59.89],[-141.25,60.03],[-140.93,59.86]]],[[[-149.45,59.97],[-149.51,60.14],[-149.31,60.19],[-149.29,59.96],[-149.23,60.02],[-149.06,60.06],[-148.62,59.97],[-148.54,60.06],[-148.38,60.08],[-148.63,59.92],[-149.13,60.04],[-149.29,59.87],[-149.36,60.12],[-149.45,59.97]]],[[[-147.22,60.34],[-146.91,60.3],[-147.44,59.88],[-147.93,59.8],[-147.22,60.34]]],[[[-144.95,60.29],[-144.82,60.57],[-143.9,60.39],[-143.83,60.11],[-143.34,60.05],[-144.26,60.03],[-144.03,60.05],[-144.21,60.19],[-144.95,60.29]]],[[[-146.48,60.37],[-146.72,60.35],[-146.65,60.47],[-146.08,60.41],[-146.7,60.27],[-146.48,60.37]]],[[[-145.02,60.52],[-145.34,60.34],[-145.96,60.47],[-145.63,60.67],[-146.26,60.63],[-146.04,60.8],[-146.66,60.7],[-146.18,60.85],[-146.63,60.82],[-146.76,60.95],[-146.55,60.94],[-146.72,60.97],[-146.62,61.08],[-146.18,61.05],[-146.34,60.92],[-145.31,60.81],[-145.5,60.63],[-145.02,60.52]]],[[[-147.74,60.94],[-147.78,60.81],[-147.93,60.91],[-148.07,60.93],[-147.56,61.1],[-147.6,60.85],[-147.74,60.94]]],[[[-131.01,52.22],[-131.01,51.94],[-131.12,52.19],[-131.27,52.12],[-132.36,52.93],[-132.14,52.99],[-132.58,53.08],[-132.07,53.15],[-131.82,53.26],[-131.61,53.03],[-131.96,53.04],[-131.88,52.84],[-131.64,52.83],[-131.81,52.82],[-131.64,52.55],[-131.38,52.36],[-131.24,52.44],[-131.34,52.3],[-131.01,52.22]]],[[[-129.96,53.17],[-130.54,53.61],[-130.11,53.51],[-129.78,53.17],[-129.96,53.17]]],[[[-129.42,53.41],[-129.48,53.34],[-129.49,53.22],[-130.29,53.86],[-129.42,53.41]]],[[[-132.08,53.9],[-132.15,54.02],[-131.66,54.16],[-131.99,53.25],[-132.47,53.13],[-132.76,53.32],[-132.42,53.34],[-133.01,53.54],[-133.08,54.18],[-132.58,54.12],[-132.66,53.94],[-132.32,54.11],[-132.14,53.98],[-132.16,53.84],[-132.08,53.9]],[[-132.16,53.84],[-132.63,53.69],[-132.46,53.59],[-132.16,53.84]]],[[[-129.56,54.21],[-130.12,54.15],[-130.26,54.35],[-130.46,54.33],[-130.45,54.61],[-130.13,54.42],[-130.38,54.63],[-129.92,54.61],[-130.21,54.72],[-130.02,54.97],[-129.65,54.97],[-129.21,55.24],[-129.04,55.48],[-129.27,55.6],[-129.14,55.64],[-129.39,55.82],[-129.39,56.34],[-129.56,56.46],[-129.08,56.29],[-129.78,56.58],[-130.79,56.58],[-131.11,56.91],[-130.69,57.19],[-129.91,57.33],[-128.77,57.21],[-127.92,57.08],[-127.26,56.61],[-125.1,56.46],[-124.74,56.5],[-124.47,56.74],[-124.38,57.13],[-124.05,57.14],[-123.99,56.92],[-123.68,56.8],[-122.93,56.88],[-122.81,57.08],[-122.67,57.05],[-122.61,57.04],[-122.6,57.04],[-122.35,57.17],[-122.03,57.06],[-121.72,57.32],[-121.36,57.32],[-121.33,57.58],[-120.42,58.13],[-119.05,58.28],[-118.9,58.26],[-118.86,58.04],[-118.63,58.04],[-118.81,57.97],[-118.66,57.92],[-118.85,57.64],[-118.09,57.8],[-117.33,57.45],[-118.04,56.91],[-117.81,56.72],[-118.08,56.44],[-117.62,56.4],[-118.44,56.28],[-118.8,56.59],[-119.53,56.6],[-120.31,56.33],[-120.73,56.87],[-120.96,56.71],[-120.81,56.51],[-121.05,56.55],[-120.83,56.29],[-121.09,56.24],[-121.57,56.45],[-121.73,56.19],[-122.08,56.18],[-122.02,55.86],[-121.62,55.65],[-121.03,55.61],[-120.69,55.78],[-120.48,55.62],[-119.85,55.81],[-118.87,55.69],[-119.09,55.59],[-118.24,55.48],[-118.68,55.38],[-119.95,55.53],[-120.14,54.99],[-119.62,54.73],[-118.91,54.82],[-118.49,54.6],[-117.4,54.73],[-117.32,54.59],[-117.18,54.67],[-117.13,54.42],[-116.82,54.37],[-116.39,54.53],[-116.55,54.68],[-116.21,54.76],[-116.75,54.92],[-116.84,55.11],[-116.01,55.06],[-116.13,55.2],[-116.0,55.3],[-115.87,55.16],[-115.72,55.26],[-115.33,55.15],[-115.07,55.35],[-114.34,55.17],[-115.49,54.2],[-116.29,54.24],[-115.85,54.06],[-115.38,54.13],[-115.18,53.92],[-115.44,53.87],[-114.99,53.71],[-115.33,53.8],[-115.46,53.63],[-114.94,53.5],[-114.82,53.02],[-114.26,52.97],[-114.92,52.4],[-114.96,52.17],[-114.71,52.01],[-114.72,51.83],[-114.84,51.85],[-114.57,51.67],[-114.56,51.15],[-114.35,50.94],[-114.45,50.75],[-114.32,50.7],[-114.56,50.52],[-114.24,50.1],[-113.92,50.1],[-113.86,49.79],[-113.98,49.74],[-114.14,49.99],[-114.18,49.6],[-113.87,49.24],[-113.45,49.07],[-113.11,48.33],[-112.74,48.23],[-112.84,48.17],[-112.64,47.95],[-112.71,47.6],[-112.6,47.52],[-112.72,47.46],[-112.37,47.18],[-112.77,47.22],[-112.34,47.02],[-112.53,46.77],[-112.23,46.67],[-112.31,46.46],[-112.0,46.38],[-111.81,46.53],[-111.71,46.28],[-112.16,46.28],[-111.99,45.95],[-112.12,46.13],[-112.38,45.65],[-112.58,45.66],[-112.71,45.76],[-112.61,45.96],[-112.43,45.9],[-112.46,46.02],[-112.75,46.1],[-112.52,46.57],[-112.37,46.56],[-112.93,46.93],[-113.15,46.77],[-112.8,46.79],[-112.59,46.51],[-113.11,46.71],[-113.69,46.73],[-113.67,46.71],[-113.33,46.69],[-113.29,46.48],[-113.05,46.56],[-112.87,46.38],[-113.06,46.17],[-112.91,46.09],[-113.68,45.61],[-113.5,45.28],[-113.17,45.28],[-113.44,44.96],[-113.28,44.81],[-113.58,44.86],[-113.5,45.01],[-114.0,45.47],[-113.94,45.01],[-114.28,44.76],[-114.31,44.17],[-114.43,44.17],[-113.93,43.88],[-113.95,43.72],[-113.76,43.76],[-113.81,43.58],[-113.55,43.49],[-113.97,43.27],[-114.36,43.61],[-114.32,43.33],[-114.9,43.42],[-115.66,43.26],[-116.41,43.9],[-116.27,43.92],[-116.2,44.34],[-116.4,44.82],[-116.73,44.61],[-116.83,44.37],[-117.57,44.27],[-117.45,44.04],[-117.88,44.02],[-117.82,43.85],[-118.39,43.82],[-118.68,43.98],[-118.65,43.62],[-119.87,43.64],[-120.03,43.93],[-120.22,43.7],[-120.44,43.91],[-121.09,43.88],[-120.87,43.84],[-120.77,43.56],[-121.16,43.43],[-121.3,43.09],[-120.79,43.03],[-120.81,42.78],[-120.09,42.3],[-120.23,41.66],[-120.09,41.06],[-120.34,40.86],[-120.5,40.92],[-120.46,41.08],[-120.64,40.86],[-120.77,40.93],[-120.7,40.78],[-120.12,40.77],[-120.71,40.36],[-120.03,39.94],[-120.43,39.83],[-120.41,39.57],[-120.17,39.79],[-119.87,39.58],[-119.83,38.74],[-119.61,38.72],[-119.13,37.86],[-118.63,37.76],[-118.92,37.75],[-118.92,37.63],[-118.65,37.54],[-118.61,37.31],[-118.4,37.31],[-117.87,35.68],[-118.12,35.54],[-118.02,35.29],[-118.37,34.98],[-118.74,34.82],[-118.93,34.92],[-118.65,35.03],[-118.71,35.17],[-118.52,35.32],[-118.69,35.48],[-118.31,35.73],[-118.49,35.92],[-118.67,35.56],[-118.59,35.74],[-118.74,36.25],[-118.87,36.28],[-118.81,36.5],[-119.23,36.86],[-119.03,36.87],[-120.12,37.59],[-120.4,38.11],[-120.67,38.24],[-120.69,38.63],[-121.48,39.64],[-121.56,40.06],[-121.57,39.72],[-121.75,39.89],[-121.63,40.22],[-122.04,40.51],[-121.88,40.54],[-121.95,40.77],[-122.47,40.73],[-122.56,40.51],[-122.93,40.44],[-122.68,40.02],[-122.8,39.87],[-122.64,39.76],[-122.86,39.81],[-122.66,39.63],[-122.73,39.34],[-122.59,39.22],[-122.8,39.28],[-122.8,39.46],[-122.94,39.39],[-122.71,39.09],[-123.22,39.34],[-123.22,39.12],[-123.36,39.19],[-123.27,39.07],[-123.54,39.13],[-123.24,38.9],[-123.22,38.7],[-122.91,38.58],[-122.94,38.37],[-123.73,38.92],[-123.85,39.83],[-124.36,40.26],[-124.39,40.51],[-124.08,40.83],[-124.15,40.86],[-124.23,40.76],[-124.06,41.46],[-124.57,42.84],[-124.39,43.33],[-124.17,43.36],[-124.19,43.47],[-124.35,43.36],[-124.01,44.42],[-123.98,45.49],[-123.87,45.5],[-124.02,46.23],[-123.82,46.15],[-123.87,46.19],[-123.66,46.17],[-123.5,46.24],[-123.38,46.15],[-123.47,46.27],[-123.71,46.31],[-123.88,46.24],[-124.0,46.31],[-124.08,46.27],[-124.06,46.65],[-124.02,46.37],[-123.82,46.38],[-123.96,46.64],[-123.84,46.71],[-124.09,46.74],[-124.14,46.91],[-123.81,46.97],[-124.12,47.04],[-124.18,46.93],[-124.73,48.38],[-123.6,48.1],[-123.11,48.18],[-122.89,47.99],[-122.8,48.09],[-122.61,47.89],[-123.24,47.5],[-123.05,47.53],[-123.16,47.37],[-123.13,47.32],[-122.84,47.43],[-123.12,47.39],[-122.65,47.75],[-122.7,47.53],[-122.5,47.51],[-122.59,47.34],[-122.57,47.26],[-122.55,47.32],[-122.36,47.26],[-122.34,47.6],[-122.44,47.66],[-122.15,48.02],[-122.39,48.23],[-122.36,48.06],[-122.51,48.13],[-122.36,48.31],[-122.55,48.45],[-122.67,48.43],[-122.61,48.52],[-122.47,48.45],[-122.48,48.75],[-122.67,48.73],[-122.73,48.97],[-122.86,49.09],[-123.15,49.06],[-122.88,49.21],[-123.26,49.26],[-122.95,49.3],[-123.28,49.35],[-123.24,49.57],[-123.17,49.7],[-123.48,49.52],[-123.48,49.43],[-123.89,49.47],[-124.07,49.66],[-123.87,49.88],[-123.97,49.98],[-123.75,50.09],[-123.98,50.2],[-123.8,50.09],[-124.01,50.0],[-123.92,49.85],[-124.52,49.81],[-124.83,50.05],[-124.5,50.12],[-124.7,50.34],[-124.37,50.5],[-125.08,50.32],[-124.88,50.57],[-124.82,50.92],[-125.1,50.43],[-125.25,50.5],[-125.59,50.45],[-125.54,50.56],[-125.71,50.42],[-125.77,50.53],[-126.66,50.54],[-125.7,50.69],[-125.5,50.94],[-125.59,51.08],[-125.71,50.71],[-126.18,50.67],[-126.03,50.8],[-126.18,50.87],[-126.58,50.85],[-126.18,50.95],[-126.52,51.05],[-126.71,50.87],[-127.0,51.04],[-126.88,50.94],[-127.02,50.82],[-127.79,51.17],[-127.14,51.33],[-127.78,51.32],[-127.54,51.5],[-127.51,51.62],[-127.24,51.56],[-127.42,51.67],[-127.8,51.53],[-127.68,51.6],[-127.88,51.67],[-127.89,51.88],[-127.67,51.95],[-127.59,52.13],[-127.03,52.3],[-126.68,52.02],[-126.96,52.3],[-126.77,52.38],[-127.22,52.44],[-126.99,52.63],[-126.96,52.79],[-127.27,52.45],[-127.88,52.2],[-128.02,52.5],[-128.35,52.26],[-128.16,52.69],[-127.93,52.73],[-128.08,52.9],[-128.43,52.81],[-128.6,53.16],[-128.88,53.3],[-128.94,53.54],[-128.53,53.4],[-128.12,53.45],[-128.77,53.55],[-128.66,54.02],[-129.25,53.58],[-129.27,53.36],[-130.04,53.86],[-130.06,54.13],[-129.56,54.21]],[[-130.06,54.37],[-129.99,54.51],[-130.13,54.42],[-130.06,54.37]],[[-114.07,47.0],[-114.58,47.2],[-114.12,46.85],[-114.24,46.11],[-114.08,45.9],[-114.17,46.1],[-113.93,46.43],[-114.05,46.75],[-113.91,46.87],[-113.69,46.73],[-114.07,47.0]],[[-122.7,47.28],[-122.65,47.33],[-122.67,47.34],[-122.62,47.37],[-122.63,47.41],[-122.74,47.35],[-122.77,47.17],[-122.83,47.41],[-123.1,47.21],[-122.92,47.17],[-122.93,47.15],[-122.73,47.07],[-122.59,47.18],[-122.57,47.26],[-122.7,47.28]],[[-122.51,49.34],[-122.9,49.33],[-122.88,49.46],[-122.95,49.3],[-122.51,49.34]],[[-115.97,45.96],[-116.14,46.08],[-116.02,46.11],[-116.04,46.2],[-116.23,46.16],[-116.07,46.23],[-116.29,46.47],[-116.4,46.48],[-116.29,46.45],[-116.27,46.29],[-116.33,46.43],[-116.39,46.46],[-116.31,46.35],[-116.69,46.22],[-116.19,45.83],[-115.92,45.96],[-115.97,46.11],[-115.97,45.96]],[[-122.69,45.49],[-123.05,45.72],[-123.3,45.68],[-123.35,45.22],[-123.68,45.08],[-123.41,44.96],[-123.4,44.19],[-123.55,44.04],[-123.28,43.88],[-123.45,43.67],[-123.21,43.58],[-122.89,43.74],[-122.98,43.9],[-122.66,43.9],[-122.87,44.02],[-122.71,44.1],[-122.91,44.1],[-122.79,44.21],[-123.02,44.18],[-122.69,44.31],[-122.71,44.66],[-122.46,44.75],[-122.72,44.85],[-122.7,45.01],[-122.27,45.3],[-122.33,45.53],[-122.19,45.61],[-122.43,45.67],[-122.52,45.91],[-122.77,45.95],[-123.01,46.15],[-122.85,46.0],[-122.88,45.68],[-122.69,45.49]],[[-123.8,50.96],[-123.66,51.11],[-123.97,51.11],[-123.84,50.98],[-124.01,50.99],[-124.9,51.57],[-123.93,50.9],[-124.27,50.95],[-124.64,50.63],[-124.21,50.8],[-124.15,50.67],[-124.06,50.78],[-123.63,50.56],[-123.76,50.81],[-123.49,50.83],[-123.51,50.84],[-123.35,51.03],[-123.8,50.96]],[[-119.45,48.83],[-119.62,48.83],[-119.55,48.52],[-119.77,48.55],[-119.58,48.45],[-119.81,48.16],[-120.05,48.19],[-120.0,48.42],[-120.22,48.6],[-120.31,48.53],[-119.88,47.95],[-119.97,47.85],[-120.18,47.95],[-120.02,47.84],[-120.51,47.52],[-120.23,47.12],[-120.79,47.15],[-120.67,46.96],[-120.96,46.65],[-120.98,46.42],[-120.66,46.05],[-120.35,45.99],[-120.41,45.84],[-120.89,45.89],[-121.28,45.61],[-121.15,45.45],[-121.41,45.16],[-121.08,45.02],[-121.07,44.82],[-120.51,45.09],[-120.43,44.96],[-118.5,45.41],[-118.61,45.57],[-118.12,45.84],[-118.16,46.08],[-117.78,46.32],[-117.55,46.36],[-117.06,46.07],[-116.63,46.39],[-116.99,46.67],[-116.91,46.91],[-116.65,46.95],[-117.01,47.01],[-117.01,47.13],[-116.78,47.11],[-116.94,47.31],[-117.09,47.27],[-116.93,47.41],[-117.37,47.54],[-117.68,47.87],[-118.97,47.96],[-118.84,48.22],[-119.3,48.13],[-119.43,48.36],[-119.2,48.36],[-119.5,48.51],[-119.25,48.51],[-119.46,48.6],[-119.21,48.68],[-119.41,48.89],[-119.3,48.99],[-119.48,49.23],[-119.34,49.26],[-119.56,49.38],[-120.04,49.44],[-119.76,49.37],[-119.62,49.16],[-119.71,48.96],[-119.45,48.83]],[[-126.23,52.25],[-126.18,52.39],[-126.36,52.33],[-126.23,52.12],[-126.4,52.16],[-126.47,52.02],[-125.97,51.86],[-126.08,51.64],[-126.36,51.47],[-126.64,51.58],[-125.79,51.12],[-125.93,51.43],[-125.75,51.28],[-125.81,51.51],[-125.74,51.37],[-125.62,51.57],[-125.96,51.71],[-125.78,51.77],[-125.91,51.83],[-125.83,51.88],[-125.89,52.27],[-125.86,51.94],[-125.9,51.9],[-125.91,52.04],[-126.2,52.09],[-126.02,52.23],[-126.23,52.25]]],[[[-122.56,47.82],[-122.6,47.93],[-122.47,47.75],[-122.65,47.75],[-122.56,47.82]]],[[[-130.72,53.87],[-130.6,54.03],[-130.42,54.1],[-130.23,53.97],[-130.34,53.83],[-130.72,53.87]]],[[[-130.94,54.81],[-131.02,55.03],[-130.83,55.13],[-131.1,55.19],[-130.63,55.3],[-130.88,55.32],[-130.88,55.54],[-130.72,55.6],[-130.88,55.56],[-130.91,55.7],[-130.71,55.76],[-130.53,55.75],[-130.47,55.69],[-130.71,55.62],[-130.58,55.33],[-130.16,55.36],[-130.66,54.93],[-130.14,55.16],[-130.26,55.0],[-130.36,54.92],[-130.53,54.81],[-130.75,54.8],[-130.94,54.81]]],[[[-133.16,54.95],[-133.21,55.25],[-132.97,55.07],[-133.08,55.1],[-132.67,54.68],[-133.16,54.95]]],[[[-132.15,55.47],[-132.58,55.59],[-132.1,55.28],[-132.2,55.16],[-132.0,55.26],[-132.11,55.12],[-132.0,55.11],[-132.24,55.0],[-131.98,55.04],[-132.12,54.9],[-131.97,54.84],[-132.09,54.82],[-131.96,54.8],[-132.02,54.7],[-132.61,54.97],[-132.51,55.06],[-132.63,55.06],[-132.61,55.2],[-133.28,55.34],[-132.87,55.35],[-133.15,55.48],[-132.93,55.63],[-133.39,55.62],[-133.13,55.88],[-133.28,55.95],[-133.27,56.15],[-133.66,56.31],[-133.18,56.32],[-133.1,56.05],[-132.64,55.92],[-132.51,55.67],[-132.15,55.47]]],[[[-131.84,55.45],[-131.62,55.59],[-131.72,55.84],[-131.47,55.83],[-131.6,55.9],[-131.39,55.93],[-131.29,55.97],[-131.05,55.77],[-131.36,55.76],[-131.41,55.63],[-130.99,55.52],[-131.07,55.26],[-131.33,55.25],[-131.21,55.39],[-131.42,55.27],[-131.84,55.45]]],[[[-132.47,56.17],[-132.48,56.06],[-132.72,56.13],[-132.54,56.33],[-132.4,56.32],[-132.51,56.19],[-132.26,56.14],[-132.24,55.92],[-132.46,55.96],[-132.47,56.17]]],[[[-131.92,56.2],[-132.07,56.12],[-132.33,56.23],[-132.39,56.48],[-132.17,56.35],[-131.92,56.2]]],[[[-132.87,56.23],[-133.07,56.33],[-132.95,56.45],[-132.62,56.39],[-132.87,56.23]]],[[[-133.83,56.32],[-133.97,56.08],[-134.19,56.19],[-134.13,56.0],[-134.29,56.35],[-134.03,56.49],[-134.32,56.56],[-134.08,56.64],[-134.3,56.62],[-134.42,56.83],[-134.29,56.78],[-134.28,56.81],[-134.34,56.89],[-134.14,56.85],[-134.22,56.92],[-133.91,56.76],[-133.97,56.63],[-133.73,56.77],[-133.77,56.67],[-133.69,56.6],[-133.94,56.43],[-133.83,56.32]]],[[[-132.07,56.77],[-132.28,56.59],[-131.83,56.3],[-131.26,56.28],[-131.53,56.09],[-130.79,56.3],[-131.03,55.88],[-130.76,56.04],[-130.64,55.88],[-131.0,55.8],[-131.22,55.98],[-131.1,56.08],[-131.35,55.97],[-131.43,56.01],[-131.92,55.87],[-131.77,55.82],[-131.82,55.67],[-131.98,55.5],[-132.15,55.56],[-132.29,55.76],[-131.96,55.97],[-131.88,56.21],[-131.97,56.38],[-132.36,56.53],[-132.24,56.69],[-132.54,56.7],[-132.89,56.92],[-132.82,57.09],[-133.56,57.18],[-133.19,57.32],[-133.47,57.36],[-133.35,57.44],[-133.5,57.45],[-133.65,57.71],[-133.17,57.6],[-133.85,57.93],[-133.65,58.02],[-133.26,57.89],[-133.46,57.86],[-132.94,57.55],[-132.98,57.33],[-132.72,57.1],[-132.75,56.85],[-132.07,56.77]]],[[[-133.65,56.44],[-133.68,56.85],[-134.05,57.02],[-133.11,57.0],[-132.94,56.66],[-133.26,56.67],[-133.09,56.52],[-133.65,56.44]]],[[[-125.21,48.79],[-124.86,49.0],[-124.83,49.08],[-124.79,49.14],[-124.83,49.25],[-124.87,49.02],[-125.54,48.92],[-125.88,49.09],[-125.64,49.17],[-125.79,49.14],[-125.73,49.25],[-125.8,49.32],[-125.97,49.23],[-125.94,49.38],[-126.08,49.43],[-126.53,49.38],[-126.56,49.58],[-126.35,49.64],[-126.5,49.71],[-126.59,49.69],[-126.66,49.89],[-127.16,49.86],[-127.13,50.1],[-127.92,50.12],[-127.77,50.22],[-127.99,50.34],[-127.93,50.46],[-127.57,50.48],[-127.6,50.51],[-127.42,50.6],[-127.89,50.62],[-127.56,50.55],[-128.09,50.48],[-128.41,50.78],[-127.88,50.87],[-127.1,50.59],[-125.44,50.33],[-125.39,50.13],[-124.86,49.7],[-124.98,49.67],[-124.79,49.47],[-123.96,49.23],[-123.29,48.41],[-123.57,48.31],[-124.83,48.67],[-124.53,48.91],[-124.86,48.67],[-125.21,48.79]]],[[[-127.89,51.93],[-127.84,52.16],[-127.69,52.26],[-127.27,52.43],[-127.2,52.35],[-127.64,52.13],[-127.89,51.93]]],[[[-128.29,52.42],[-128.45,52.32],[-128.45,52.75],[-128.15,52.8],[-128.29,52.42]]],[[[-128.64,53.15],[-128.52,52.9],[-128.57,52.66],[-128.46,52.47],[-128.62,52.46],[-128.67,52.28],[-128.82,52.53],[-128.71,52.53],[-128.65,52.93],[-128.69,52.94],[-129.09,53.28],[-128.64,53.15]]],[[[-128.69,52.94],[-128.76,52.66],[-129.13,52.84],[-128.9,53.03],[-129.2,52.95],[-129.08,53.23],[-128.69,52.94]]],[[[-122.34,37.12],[-122.47,37.63],[-121.58,36.89],[-122.34,37.12]]],[[[-118.05,37.53],[-118.18,37.35],[-118.41,37.82],[-118.3,37.94],[-118.05,37.53]]],[[[-117.45,38.87],[-117.18,39.23],[-117.27,38.67],[-117.44,38.67],[-117.48,38.84],[-117.38,38.78],[-117.45,38.87]]],[[[-122.77,48.22],[-122.66,48.4],[-122.51,48.3],[-122.73,48.23],[-122.38,48.03],[-122.38,47.9],[-122.77,48.22]]],[[[-113.62,37.39],[-113.33,37.49],[-113.26,37.34],[-113.52,37.22],[-113.62,37.39]]],[[[-114.53,39.29],[-114.61,39.13],[-114.69,39.26],[-114.64,39.78],[-114.53,39.29]]],[[[-113.45,43.96],[-113.3,44.1],[-113.22,43.74],[-113.45,43.96]]],[[[-114.04,44.5],[-113.85,44.42],[-113.45,43.96],[-114.04,44.5]]],[[[-113.94,44.83],[-113.84,45.08],[-113.7,44.96],[-113.85,44.88],[-113.37,44.6],[-112.92,43.88],[-113.34,44.37],[-113.57,44.37],[-113.94,44.83]]],[[[-92.04,30.63],[-92.38,30.78],[-92.57,30.59],[-92.78,30.64],[-93.23,30.22],[-93.58,30.27],[-93.73,30.11],[-93.82,30.22],[-94.57,30.0],[-94.72,30.21],[-94.72,29.85],[-94.94,30.17],[-95.18,29.9],[-95.36,30.07],[-95.8,30.08],[-96.0,30.23],[-95.66,30.34],[-95.92,30.56],[-95.57,30.99],[-95.77,32.29],[-95.29,33.02],[-94.62,33.28],[-94.84,33.65],[-95.27,33.83],[-95.62,33.89],[-96.36,33.69],[-96.12,33.91],[-96.41,34.01],[-96.07,34.08],[-96.54,34.32],[-96.36,34.25],[-96.36,34.47],[-96.27,34.32],[-95.03,34.08],[-93.43,34.05],[-92.29,34.75],[-91.52,33.57],[-91.71,32.97],[-92.17,32.66],[-92.14,32.21],[-91.82,31.83],[-92.17,31.47],[-92.04,30.63]]],[[[-104.4,32.19],[-104.83,31.87],[-105.03,32.14],[-104.91,32.24],[-105.16,32.5],[-105.41,32.35],[-105.8,32.53],[-106.03,33.43],[-105.72,33.6],[-105.77,33.91],[-105.63,33.96],[-105.51,33.7],[-105.15,33.6],[-105.31,33.4],[-105.15,33.1],[-105.24,32.75],[-104.65,32.23],[-104.4,32.19]]],[[[-111.11,34.85],[-110.44,34.47],[-109.8,34.39],[-109.35,34.1],[-108.8,34.13],[-108.59,34.28],[-108.33,34.2],[-107.65,34.45],[-107.29,34.35],[-107.2,34.17],[-107.47,34.08],[-107.68,34.28],[-107.79,34.07],[-108.34,33.92],[-108.38,33.78],[-108.26,33.68],[-107.91,33.9],[-107.68,33.76],[-107.58,33.98],[-107.32,33.84],[-107.26,33.55],[-107.5,33.46],[-107.68,32.47],[-108.25,32.81],[-108.54,32.42],[-108.6,32.68],[-109.27,33.07],[-109.2,33.2],[-109.48,33.14],[-109.49,33.39],[-109.59,33.14],[-110.52,33.53],[-110.73,33.4],[-110.56,33.31],[-110.62,33.16],[-110.89,33.19],[-110.75,33.04],[-110.98,33.26],[-111.12,33.15],[-111.08,33.3],[-111.46,33.45],[-111.16,33.64],[-110.77,33.62],[-110.67,33.79],[-110.91,33.69],[-111.32,33.99],[-111.22,33.68],[-111.36,33.63],[-111.58,33.79],[-111.69,34.24],[-111.74,33.89],[-112.05,33.95],[-112.14,34.23],[-112.52,33.95],[-112.56,34.12],[-113.0,34.2],[-113.07,34.42],[-112.94,34.61],[-113.28,34.52],[-113.26,34.7],[-113.48,34.68],[-113.64,35.15],[-113.8,34.98],[-113.63,34.62],[-113.87,34.71],[-114.02,35.08],[-113.78,35.17],[-113.8,35.38],[-113.3,35.17],[-113.06,35.27],[-112.63,34.97],[-112.69,34.77],[-112.54,34.88],[-112.52,34.68],[-112.22,34.54],[-112.23,34.74],[-112.7,35.12],[-112.47,35.25],[-112.83,35.23],[-112.78,35.51],[-112.67,35.39],[-112.07,35.55],[-112.08,35.78],[-112.51,36.22],[-111.98,35.98],[-111.79,36.18],[-111.73,35.93],[-111.56,35.89],[-111.71,35.87],[-111.76,35.61],[-111.27,35.35],[-111.11,34.85]]],[[[-106.16,35.4],[-106.09,35.28],[-106.28,35.16],[-106.13,34.94],[-106.32,34.52],[-106.66,34.27],[-106.5,34.47],[-106.51,35.26],[-106.16,35.4]]],[[[-108.07,35.33],[-107.94,34.95],[-108.1,34.99],[-108.34,34.75],[-108.15,35.01],[-108.51,35.15],[-108.65,35.43],[-108.07,35.33]]],[[[-107.78,35.33],[-107.22,35.58],[-107.15,35.38],[-107.37,35.07],[-107.89,35.17],[-107.78,35.33]]],[[[-109.44,35.86],[-109.2,36.38],[-109.3,36.83],[-109.13,36.88],[-109.05,36.8],[-109.21,36.59],[-108.92,36.53],[-108.66,35.91],[-108.89,35.72],[-109.06,35.78],[-109.15,35.44],[-109.33,35.42],[-109.44,35.86]]],[[[-112.37,36.37],[-112.54,36.48],[-112.08,36.9],[-111.91,36.15],[-112.46,36.27],[-112.37,36.37]]],[[[-105.25,41.81],[-104.9,41.79],[-105.16,41.38],[-105.14,40.49],[-105.29,40.04],[-104.82,39.0],[-104.84,38.46],[-105.26,38.5],[-104.87,37.95],[-105.08,37.53],[-104.76,37.58],[-104.52,37.15],[-103.86,36.92],[-104.19,36.78],[-104.43,36.91],[-105.02,36.48],[-104.74,36.3],[-105.1,36.22],[-105.24,35.53],[-105.52,35.43],[-105.48,35.29],[-105.93,35.6],[-105.91,36.16],[-105.56,36.37],[-105.67,36.57],[-105.34,37.13],[-105.36,37.38],[-105.59,37.56],[-105.5,37.8],[-105.86,38.27],[-106.09,38.42],[-105.96,38.17],[-106.28,38.15],[-106.14,38.05],[-106.32,37.74],[-106.57,37.68],[-106.24,37.53],[-105.92,36.4],[-106.56,36.32],[-106.59,36.17],[-106.24,36.16],[-106.17,35.86],[-106.5,35.57],[-106.74,35.67],[-106.84,35.55],[-106.94,36.04],[-107.32,36.4],[-107.28,36.92],[-107.52,37.06],[-107.5,37.24],[-107.84,37.33],[-108.0,37.14],[-108.7,37.65],[-108.79,37.88],[-108.53,37.77],[-108.39,37.86],[-108.53,37.99],[-108.18,37.93],[-108.17,38.2],[-108.89,38.74],[-108.59,38.76],[-108.59,38.61],[-108.07,38.39],[-107.82,38.1],[-107.64,38.17],[-107.69,38.41],[-107.43,38.39],[-107.57,38.5],[-107.53,38.92],[-108.19,38.87],[-108.29,39.06],[-107.78,39.27],[-108.13,39.26],[-107.97,39.45],[-107.62,39.35],[-107.41,39.55],[-107.89,39.73],[-107.91,39.91],[-107.67,40.02],[-107.7,40.38],[-107.46,40.47],[-107.12,40.35],[-107.01,40.41],[-107.52,40.74],[-107.38,40.98],[-107.48,41.46],[-107.34,41.55],[-106.45,41.05],[-106.62,41.27],[-106.55,41.73],[-106.53,41.52],[-106.26,41.62],[-106.02,41.43],[-106.14,41.24],[-105.99,41.21],[-106.08,40.97],[-105.94,40.84],[-105.62,41.08],[-105.52,41.01],[-105.45,41.99],[-105.7,42.02],[-105.66,42.19],[-105.96,42.41],[-106.41,42.45],[-106.59,42.73],[-105.49,42.74],[-105.45,42.47],[-105.2,42.6],[-105.04,42.36],[-105.25,41.81]]],[[[-74.05,40.07],[-74.3,39.52],[-74.46,39.56],[-74.38,39.48],[-74.49,39.41],[-74.45,39.36],[-74.52,39.39],[-74.65,39.32],[-74.96,38.93],[-74.78,39.21],[-75.07,39.52],[-75.03,39.3],[-75.36,39.41],[-75.43,39.69],[-74.23,40.56],[-73.98,40.4],[-74.05,40.32],[-73.98,40.32],[-73.98,40.3],[-74.09,39.77],[-74.05,40.07]]],[[[-110.2,41.14],[-110.21,40.93],[-109.25,40.89],[-109.61,40.59],[-110.51,40.6],[-110.59,40.38],[-110.82,40.49],[-110.97,40.45],[-110.78,40.32],[-111.09,40.36],[-110.85,40.16],[-111.03,40.09],[-110.44,39.81],[-110.94,39.8],[-111.23,39.54],[-111.1,39.32],[-111.23,39.38],[-111.14,39.2],[-111.43,38.91],[-111.48,38.29],[-111.29,38.02],[-111.79,37.9],[-111.9,37.67],[-111.97,37.88],[-112.33,37.42],[-112.79,37.5],[-113.06,37.36],[-113.15,37.61],[-112.5,38.12],[-112.58,38.7],[-112.12,39.22],[-112.02,38.89],[-112.28,38.6],[-112.17,38.51],[-111.71,39.1],[-111.92,39.4],[-111.8,39.94],[-111.55,40.14],[-111.76,40.47],[-111.9,40.46],[-111.78,40.68],[-112.08,41.75],[-111.78,41.47],[-111.7,42.64],[-111.45,42.52],[-111.47,42.99],[-111.73,43.24],[-111.69,43.51],[-111.43,43.55],[-111.66,43.66],[-111.34,43.82],[-111.1,43.57],[-111.01,43.81],[-111.71,44.36],[-111.43,44.49],[-112.08,44.38],[-112.18,44.59],[-111.46,44.6],[-111.58,45.55],[-111.45,45.46],[-110.85,45.67],[-110.57,45.61],[-111.02,45.15],[-110.6,45.35],[-110.56,45.62],[-110.06,45.55],[-110.0,45.69],[-109.74,45.69],[-109.76,45.55],[-109.61,45.52],[-109.92,45.41],[-109.22,45.12],[-109.33,44.75],[-109.17,44.54],[-109.53,44.49],[-109.28,44.46],[-109.63,44.14],[-109.17,44.34],[-109.32,44.12],[-108.89,43.91],[-109.19,43.58],[-109.34,43.69],[-109.91,43.65],[-109.52,43.45],[-108.54,42.49],[-109.36,42.6],[-110.0,43.08],[-110.0,43.37],[-110.04,43.18],[-110.39,43.02],[-110.47,42.82],[-110.3,42.26],[-110.43,42.12],[-110.52,42.28],[-110.61,41.9],[-110.63,42.12],[-110.86,42.0],[-110.85,42.24],[-110.94,42.11],[-111.05,42.42],[-111.33,42.45],[-111.45,42.31],[-111.26,41.15],[-111.08,41.18],[-111.08,40.96],[-110.2,41.14]]],[[[-104.91,44.56],[-104.89,44.78],[-104.43,44.98],[-103.99,44.62],[-103.66,44.62],[-103.24,44.15],[-103.48,43.24],[-103.74,43.25],[-104.91,44.56]]],[[[-107.52,44.44],[-108.01,44.82],[-108.13,45.18],[-107.96,45.24],[-106.9,44.59],[-106.81,43.91],[-106.95,44.0],[-107.07,43.71],[-107.52,44.44]]],[[[-112.65,44.28],[-112.87,44.24],[-113.27,44.71],[-113.17,44.92],[-112.97,44.46],[-112.65,44.28]]],[[[-112.79,44.54],[-113.03,44.75],[-112.92,44.92],[-112.68,44.57],[-112.2,44.39],[-112.63,44.45],[-112.85,44.77],[-112.79,44.54]]],[[[-111.98,44.81],[-111.91,45.05],[-112.06,45.14],[-112.01,45.26],[-111.57,44.87],[-111.61,44.7],[-111.98,44.81]]],[[[-108.69,45.35],[-108.41,45.36],[-108.27,45.03],[-108.68,45.2],[-108.69,45.35]]],[[[-112.02,45.4],[-112.22,45.55],[-111.97,45.72],[-111.8,45.52],[-112.02,45.4]]],[[[-113.09,45.44],[-113.38,45.39],[-113.38,45.66],[-112.9,46.06],[-112.74,46.01],[-112.71,45.76],[-112.71,45.66],[-112.84,45.64],[-112.79,45.31],[-113.05,45.3],[-113.09,45.44]]],[[[-110.22,46.28],[-110.14,45.96],[-110.49,45.99],[-110.54,46.38],[-110.22,46.28]]],[[[-110.88,45.82],[-111.01,45.74],[-111.11,46.03],[-111.0,46.12],[-111.32,46.16],[-111.23,46.3],[-111.52,46.61],[-111.73,46.55],[-111.85,46.93],[-111.03,46.42],[-111.19,46.21],[-110.89,46.2],[-110.97,45.99],[-110.77,45.94],[-110.8,45.68],[-110.88,45.82]]],[[[-108.9,46.94],[-108.99,46.84],[-108.86,46.75],[-109.54,46.69],[-109.65,46.79],[-109.41,47.03],[-108.9,46.94]]],[[[-5.45,32.12],[-4.67,32.55],[-5.44,32.29],[-5.25,32.42],[-4.6,32.58],[-5.44,31.93],[-5.62,32.12],[-5.84,31.96],[-5.91,32.18],[-5.59,32.27],[-5.45,32.12]]],[[[-5.23,32.92],[-5.53,32.92],[-5.18,33.48],[-4.68,33.41],[-5.23,32.92]]],[[[-4.42,33.43],[-4.26,33.84],[-4.01,33.72],[-4.02,33.6],[-3.82,33.67],[-3.78,33.67],[-3.77,33.64],[-3.88,33.49],[-4.1,33.48],[-4.04,33.36],[-4.42,33.43]]],[[[-5.18,35.27],[-4.28,34.98],[-4.26,34.8],[-4.68,34.78],[-5.2,35.0],[-5.88,35.63],[-5.59,35.74],[-5.18,35.27]]],[[[-73.94,40.59],[-73.92,40.63],[-73.84,40.66],[-73.88,40.58],[-73.94,40.59]]],[[[-73.82,40.67],[-73.5,40.66],[-73.94,40.54],[-73.77,40.6],[-73.74,40.63],[-73.84,40.66],[-73.82,40.67]]],[[[-73.34,40.84],[-72.29,41.16],[-72.64,40.92],[-72.56,40.9],[-72.48,40.9],[-72.31,41.04],[-72.26,40.99],[-72.16,41.05],[-72.1,40.99],[-72.87,40.74],[-73.15,40.75],[-73.5,40.66],[-73.34,40.84]]],[[[-69.96,41.65],[-70.41,41.65],[-70.69,41.52],[-70.56,41.77],[-70.02,41.79],[-69.99,41.91],[-70.25,42.06],[-69.99,41.95],[-69.94,41.82],[-69.93,41.71],[-69.95,41.64],[-69.95,41.77],[-70.0,41.72],[-69.96,41.65]]],[[[-4.35,56.39],[-5.45,56.47],[-5.07,56.68],[-5.21,56.7],[-5.07,56.83],[-5.3,56.84],[-5.11,56.81],[-5.41,56.63],[-5.2,57.25],[-5.6,57.47],[-5.4,57.75],[-4.92,57.88],[-5.11,58.02],[-4.97,58.22],[-4.38,57.93],[-3.46,58.22],[-3.98,57.93],[-4.03,57.83],[-3.77,57.85],[-4.22,57.39],[-2.84,57.45],[-2.35,57.21],[-2.79,56.85],[-4.35,56.39]]],[[[8.27,36.37],[8.23,36.46],[8.81,36.96],[9.33,36.76],[8.27,36.37]]],[[[5.36,36.64],[6.5,37.08],[6.88,36.91],[6.37,36.9],[6.25,36.61],[5.64,36.34],[5.0,36.33],[4.66,36.55],[4.88,36.86],[5.36,36.64]]],[[[7.64,36.68],[7.23,36.73],[7.31,36.85],[7.67,36.85],[7.64,36.68]]],[[[11.38,45.71],[11.47,45.56],[11.29,45.43],[10.74,45.36],[9.73,45.67],[8.74,45.57],[8.57,45.78],[8.86,46.15],[8.75,46.15],[8.5,45.93],[8.58,45.85],[8.54,45.79],[8.67,45.59],[7.76,45.38],[7.4,44.96],[7.46,44.31],[8.26,44.41],[7.73,44.14],[7.78,44.04],[7.62,44.15],[7.3,44.06],[6.91,44.28],[7.08,44.08],[6.76,44.2],[6.67,44.05],[6.65,44.26],[6.43,44.1],[6.52,44.22],[6.36,44.48],[6.62,44.69],[6.37,44.56],[5.94,44.6],[5.86,44.76],[5.81,44.55],[5.48,44.63],[5.29,44.87],[5.05,44.78],[5.56,45.28],[5.72,45.06],[6.14,45.52],[6.29,45.44],[6.39,45.64],[6.5,45.5],[6.42,45.68],[6.06,45.52],[5.97,45.61],[6.02,45.73],[6.17,45.67],[6.11,45.88],[6.27,45.76],[6.39,45.76],[6.24,45.81],[6.26,46.03],[6.03,46.07],[6.58,46.03],[6.3,46.22],[6.75,46.4],[6.97,46.28],[6.86,46.47],[7.01,46.63],[7.71,46.73],[8.33,47.05],[9.37,47.17],[9.24,47.24],[9.57,47.41],[9.5,47.01],[9.78,47.43],[11.41,47.66],[11.45,47.97],[11.57,47.71],[13.05,47.72],[16.19,48.08],[16.13,47.84],[15.82,47.63],[16.26,47.41],[15.11,47.08],[15.2,46.7],[15.59,46.47],[15.41,46.24],[14.76,46.2],[13.69,46.45],[12.86,46.39],[12.9,46.24],[12.5,46.15],[12.22,45.84],[12.33,45.76],[11.38,45.71]]],[[[6.77,58.24],[5.67,58.56],[5.51,58.76],[5.7,58.93],[5.6,59.03],[5.79,58.87],[5.91,58.97],[6.09,58.91],[6.2,58.97],[6.3,58.85],[6.27,58.66],[6.83,58.41],[6.77,58.24]]],[[[5.86,60.54],[5.93,60.4],[6.26,60.37],[5.76,59.97],[5.74,60.18],[5.58,60.14],[5.76,60.38],[5.43,60.13],[5.17,60.37],[5.3,60.4],[5.27,60.51],[5.72,60.45],[5.78,60.72],[5.67,60.72],[5.8,60.81],[5.28,60.54],[4.95,60.8],[5.43,60.63],[5.26,60.76],[5.55,60.87],[5.07,60.83],[5.02,60.95],[5.27,60.97],[5.02,61.04],[5.81,61.1],[5.58,60.99],[5.66,60.82],[6.23,60.99],[6.0,60.8],[6.34,60.78],[6.0,60.75],[6.05,60.61],[5.86,60.54]]],[[[8.44,63.27],[8.72,63.33],[8.62,63.4],[8.98,63.45],[9.07,63.28],[9.46,63.45],[9.11,63.48],[9.7,63.65],[9.51,63.35],[8.38,62.97],[8.13,63.11],[8.93,63.2],[8.44,63.27]]],[[[8.47,63.42],[8.27,63.45],[8.65,63.56],[8.53,63.61],[9.15,63.56],[8.47,63.42]]],[[[86.21,27.66],[86.33,27.83],[86.46,27.67],[86.3,27.56],[86.34,27.68],[86.21,27.66]]],[[[86.51,27.61],[86.74,27.83],[86.76,27.63],[87.01,27.64],[86.74,27.55],[86.72,27.69],[86.43,27.45],[86.46,27.67],[86.51,27.61]]],[[[85.36,28.26],[85.31,28.17],[85.14,28.03],[85.1,28.06],[85.07,27.99],[85.12,28.21],[84.91,28.09],[85.08,28.28],[85.16,28.21],[85.13,28.09],[85.25,28.14],[85.23,28.53],[85.37,28.32],[85.43,28.45],[85.52,28.35],[85.42,28.11],[85.22,28.02],[85.37,28.15],[85.36,28.26]]],[[[84.15,28.61],[84.42,28.6],[84.41,28.46],[84.6,28.37],[84.58,28.26],[84.89,28.42],[84.85,28.16],[84.56,28.19],[84.58,28.33],[84.17,28.27],[84.11,28.42],[84.01,28.32],[84.0,28.43],[83.67,28.32],[83.78,28.54],[83.68,28.64],[83.79,28.55],[83.76,28.46],[84.02,28.52],[84.27,28.36],[84.34,28.51],[84.15,28.61]]],[[[80.95,29.93],[81.04,29.77],[80.88,29.77],[81.05,29.72],[80.98,29.58],[81.17,29.75],[81.27,29.67],[81.2,29.86],[81.46,29.78],[81.39,29.55],[81.46,29.64],[81.55,29.51],[81.64,29.69],[81.79,29.58],[81.59,29.51],[81.74,29.31],[81.39,29.13],[81.35,29.32],[81.55,29.45],[81.46,29.56],[81.15,29.28],[80.89,29.39],[81.25,29.43],[81.16,29.48],[81.38,29.61],[81.3,29.76],[81.29,29.62],[80.93,29.49],[81.0,29.67],[80.78,29.67],[80.82,29.43],[80.51,29.39],[80.76,29.55],[80.7,29.65],[80.89,29.73],[80.83,29.76],[80.91,29.86],[80.78,29.76],[80.73,29.86],[80.54,29.75],[80.87,30.12],[80.68,29.87],[80.95,29.93]]],[[[81.71,29.86],[81.8,29.69],[81.8,29.76],[81.97,29.72],[81.76,29.61],[81.64,29.69],[81.71,29.86]]],[[[81.8,29.8],[81.73,30.03],[81.49,30.1],[81.98,29.99],[81.94,29.8],[82.26,29.86],[82.06,29.63],[82.73,29.54],[82.3,29.57],[82.12,29.43],[82.3,29.36],[82.06,29.4],[82.03,29.27],[82.46,29.34],[82.33,29.26],[82.47,29.17],[82.1,29.22],[82.08,29.01],[81.96,29.18],[81.86,29.13],[81.98,29.02],[81.85,29.0],[81.99,28.94],[81.94,28.71],[81.79,28.72],[81.9,28.94],[81.52,29.05],[81.91,29.19],[81.63,29.15],[81.86,29.35],[81.74,29.46],[81.94,29.52],[81.8,29.61],[82.24,29.54],[81.89,29.62],[82.11,29.74],[82.08,29.8],[81.92,29.78],[82.02,29.74],[81.97,29.72],[81.8,29.8]],[[81.88,29.87],[81.86,29.8],[81.92,29.78],[81.88,29.87]]],[[[82.09,28.9],[82.17,29.04],[82.37,29.09],[82.4,28.89],[82.47,29.14],[82.65,29.2],[82.62,29.0],[82.72,29.08],[82.87,29.0],[82.94,29.16],[82.92,28.95],[83.13,28.88],[82.8,28.88],[82.78,29.0],[82.53,28.82],[82.91,28.79],[83.11,28.63],[82.84,28.64],[82.96,28.52],[83.43,28.68],[83.44,28.51],[83.27,28.57],[83.31,28.35],[83.41,28.35],[83.49,28.31],[83.48,28.24],[83.23,28.26],[83.27,28.46],[82.96,28.43],[83.1,28.22],[82.97,28.33],[82.84,28.23],[82.8,28.46],[82.73,28.34],[82.58,28.39],[82.66,28.48],[82.48,28.65],[82.73,28.47],[82.68,28.66],[82.82,28.58],[82.82,28.66],[82.92,28.65],[82.68,28.75],[82.34,28.69],[82.75,29.02],[82.61,28.99],[82.58,29.06],[82.35,28.82],[82.2,29.0],[82.22,28.75],[82.11,28.73],[82.2,28.91],[82.08,28.8],[81.99,28.94],[82.09,28.9]]],[[[67.06,30.25],[66.95,30.37],[67.48,30.76],[68.04,30.72],[67.99,30.56],[68.17,30.33],[67.76,30.02],[67.37,30.13],[67.11,29.92],[66.95,30.05],[67.06,30.25]]],[[[77.62,31.64],[78.02,31.64],[77.31,31.53],[77.58,31.74],[77.48,31.8],[77.72,31.76],[77.62,31.64]]],[[[75.95,32.54],[76.23,32.76],[76.06,33.25],[76.49,33.18],[76.33,33.09],[76.4,32.6],[76.76,32.43],[75.95,32.54]]],[[[74.69,32.48],[75.33,32.33],[75.24,32.09],[74.88,32.03],[74.2,32.43],[74.27,32.58],[74.13,32.53],[74.02,32.78],[73.32,33.19],[72.87,33.7],[73.26,33.72],[73.91,33.19],[74.35,33.02],[74.47,32.78],[74.7,32.84],[74.69,32.48]]],[[[69.14,32.77],[69.18,32.6],[68.84,32.75],[68.5,32.27],[68.23,32.21],[68.53,32.49],[69.16,33.69],[68.58,33.67],[68.99,33.87],[69.32,34.42],[70.18,34.12],[69.75,34.12],[69.78,33.86],[69.54,33.97],[69.64,33.75],[69.3,33.19],[69.48,33.11],[69.14,32.77]]],[[[75.37,34.55],[75.2,34.45],[74.6,34.6],[74.61,34.74],[75.37,34.55]]],[[[74.29,35.25],[74.18,35.37],[74.17,35.23],[73.91,35.41],[73.76,35.31],[73.74,35.47],[73.31,35.44],[73.38,35.28],[72.9,34.95],[72.99,34.84],[72.77,34.62],[72.79,34.18],[72.75,34.72],[72.91,34.82],[72.79,34.98],[72.1,34.49],[71.88,34.97],[71.44,35.08],[72.03,35.47],[72.26,35.03],[72.57,35.3],[72.66,35.67],[72.57,35.19],[72.71,35.16],[72.59,35.04],[72.74,35.13],[72.8,35.02],[72.84,35.22],[72.95,35.11],[73.16,35.26],[73.01,35.43],[72.86,35.35],[72.94,35.45],[72.81,35.48],[72.94,35.71],[72.89,35.52],[73.21,35.46],[73.38,35.62],[73.34,35.78],[73.51,35.61],[73.65,35.83],[73.61,35.59],[73.93,35.78],[73.93,35.58],[74.56,35.46],[74.29,35.25]]],[[[70.51,35.22],[70.66,35.53],[70.92,35.65],[70.64,35.26],[70.68,34.88],[70.5,35.16],[70.4,34.86],[70.34,35.22],[70.01,35.34],[70.18,35.56],[70.18,35.35],[70.51,35.22]]],[[[54.56,36.68],[55.03,36.62],[56.65,37.78],[57.99,37.18],[59.13,36.16],[58.49,36.34],[58.4,36.19],[56.74,36.39],[56.6,36.53],[58.08,36.43],[58.03,36.82],[56.82,37.25],[53.59,35.62],[52.01,35.38],[51.89,35.66],[49.68,36.33],[50.04,36.53],[49.33,36.7],[48.7,37.34],[48.39,37.31],[48.42,37.93],[48.56,38.04],[48.83,37.43],[49.35,36.92],[49.65,37.07],[51.28,36.16],[51.63,36.26],[53.23,36.16],[53.46,36.02],[54.21,36.33],[54.56,36.68]]],[[[46.74,37.74],[47.62,37.97],[46.73,38.46],[45.77,38.66],[46.65,38.93],[47.17,38.63],[47.66,38.78],[48.24,38.63],[48.39,38.41],[48.31,38.13],[47.95,37.94],[47.95,37.72],[46.74,37.74]],[[48.06,38.39],[47.96,38.54],[47.2,38.46],[47.8,38.15],[48.06,38.39]]],[[[30.5,39.06],[30.29,39.57],[30.68,39.54],[30.56,39.3],[31.04,39.49],[30.91,38.89],[30.5,39.06]]],[[[34.82,41.15],[35.01,41.29],[36.14,40.91],[36.17,40.7],[36.69,40.8],[37.93,40.46],[38.04,40.49],[37.89,40.67],[39.2,40.45],[39.36,40.83],[39.56,40.65],[40.19,40.54],[40.72,40.9],[41.09,40.94],[41.47,41.33],[41.76,41.12],[41.18,40.75],[41.29,40.59],[40.95,40.41],[39.99,40.37],[39.78,40.11],[40.16,39.8],[40.15,39.64],[39.41,39.87],[39.42,39.68],[39.06,39.78],[38.92,39.63],[38.22,39.8],[38.52,39.66],[38.24,39.59],[38.39,39.51],[38.26,39.5],[38.32,39.37],[37.85,39.48],[37.07,39.3],[37.31,39.68],[37.82,39.87],[37.14,39.98],[36.78,39.82],[36.66,39.98],[36.05,39.34],[35.66,39.14],[35.32,39.9],[34.76,39.78],[34.13,39.95],[34.61,40.26],[34.03,40.25],[33.95,40.04],[33.62,40.01],[33.55,40.29],[33.34,40.04],[33.09,40.02],[33.07,40.28],[32.81,40.16],[32.83,40.33],[32.6,40.52],[32.56,40.2],[31.29,40.13],[31.76,39.76],[30.69,39.92],[30.48,40.02],[30.7,40.05],[30.2,40.35],[30.2,40.52],[30.4,40.57],[31.19,40.52],[31.95,40.75],[31.78,41.04],[32.46,40.87],[32.67,41.01],[32.41,41.08],[32.72,41.12],[32.5,41.22],[33.09,41.51],[33.2,41.78],[33.88,41.72],[34.14,41.84],[34.14,41.66],[34.56,41.6],[34.32,41.55],[34.85,41.42],[34.82,41.15]],[[38.13,39.94],[38.31,40.04],[37.42,40.25],[36.81,40.58],[36.04,40.58],[36.77,40.39],[36.49,40.13],[36.6,40.03],[37.07,40.05],[37.04,40.18],[38.13,39.94]],[[33.5,41.06],[33.92,41.17],[32.99,41.08],[33.38,40.85],[33.6,40.94],[33.5,41.06]]],[[[74.27,42.15],[74.49,42.35],[74.4,42.42],[73.12,42.24],[74.07,41.92],[73.89,41.86],[72.91,42.08],[73.09,42.49],[71.91,42.76],[75.54,42.46],[74.92,42.41],[74.82,42.16],[74.27,42.15]]],[[[78.34,42.84],[78.7,42.82],[78.5,42.96],[77.61,43.07],[77.8,43.31],[76.41,43.07],[77.89,43.38],[77.94,43.04],[78.64,43.04],[79.19,42.73],[77.93,42.13],[77.14,42.04],[78.84,42.76],[78.34,42.84]]],[[[80.17,42.77],[80.31,42.67],[79.8,42.68],[79.65,42.84],[80.17,42.77]]],[[[83.65,43.35],[83.08,43.08],[82.26,42.95],[83.65,43.35]]],[[[84.67,43.41],[84.32,43.28],[84.33,43.57],[84.57,43.68],[84.67,43.41]]],[[[87.04,43.42],[86.73,43.64],[87.01,43.68],[87.33,43.49],[87.04,43.42]]],[[[84.91,43.88],[85.05,44.07],[85.73,44.03],[84.91,43.88]]],[[[22.97,47.05],[23.01,46.83],[23.37,46.69],[23.58,46.35],[23.46,46.09],[22.67,46.35],[22.5,46.91],[22.69,46.91],[22.63,47.08],[22.97,47.05]]],[[[22.16,49.59],[22.33,49.44],[22.3,49.77],[22.86,49.78],[23.06,49.89],[23.47,49.74],[23.6,49.86],[23.71,49.63],[25.18,48.79],[25.36,48.86],[26.34,48.22],[25.79,47.93],[26.0,47.76],[25.88,47.55],[26.3,47.28],[26.25,46.93],[26.54,46.57],[26.35,46.43],[26.76,46.06],[26.5,45.95],[26.64,45.79],[26.87,45.84],[26.79,45.61],[26.44,45.31],[26.01,45.34],[25.58,45.13],[25.12,45.14],[25.03,45.27],[24.48,45.19],[24.28,45.4],[24.2,45.14],[22.46,45.16],[22.55,45.6],[22.31,45.64],[22.75,45.87],[22.81,45.53],[23.13,45.51],[23.52,45.86],[24.21,45.76],[24.67,46.06],[25.24,46.04],[25.43,46.26],[25.17,45.86],[24.39,45.72],[25.07,45.76],[25.38,45.54],[26.18,45.72],[26.37,46.04],[26.16,46.11],[26.0,45.87],[25.85,45.83],[25.85,46.0],[25.75,45.86],[25.82,46.0],[25.68,45.92],[25.73,46.07],[25.41,46.42],[25.23,46.31],[25.29,46.4],[24.95,46.62],[24.92,46.96],[24.73,47.07],[24.81,47.38],[24.01,47.26],[23.74,47.39],[23.84,47.46],[23.59,47.47],[23.79,47.64],[23.46,47.73],[23.5,47.95],[23.23,48.03],[23.58,48.08],[23.56,48.25],[22.29,48.75],[22.46,48.97],[21.98,48.98],[21.87,49.25],[21.71,49.06],[21.57,49.32],[21.57,49.17],[21.36,49.32],[21.39,49.17],[21.24,49.28],[21.18,49.1],[20.84,49.2],[20.97,49.09],[20.82,48.92],[21.16,48.85],[20.82,48.61],[20.45,48.73],[19.48,48.61],[19.34,48.8],[18.63,48.6],[18.75,48.73],[18.65,49.02],[18.2,48.89],[18.54,49.23],[18.22,49.23],[18.11,49.05],[18.2,49.33],[17.66,49.31],[18.52,49.59],[18.44,49.66],[18.93,49.89],[19.45,49.93],[19.62,49.78],[19.51,49.96],[20.57,50.04],[21.22,49.92],[21.55,50.19],[22.03,50.1],[21.62,49.85],[21.72,49.71],[21.66,49.82],[22.11,50.06],[22.69,49.81],[22.2,49.79],[22.16,49.59]]],[[[84.28,50.51],[83.49,50.31],[83.77,49.99],[84.13,50.17],[84.64,50.1],[85.0,49.67],[84.82,49.58],[84.37,49.87],[82.99,50.04],[82.77,50.35],[82.95,50.49],[82.7,50.78],[83.28,51.09],[82.95,51.37],[83.06,51.42],[83.83,51.21],[84.41,51.3],[84.89,51.7],[85.27,51.64],[86.32,50.45],[87.02,50.07],[86.81,49.99],[86.79,49.8],[85.97,49.76],[85.61,49.82],[85.21,50.24],[84.28,50.51]]],[[[15.69,67.45],[15.68,67.34],[15.67,67.33],[15.53,67.46],[15.69,67.45]]],[[[15.56,67.27],[15.71,67.22],[15.49,67.1],[15.04,67.28],[15.13,67.34],[14.31,67.26],[15.08,67.59],[14.92,67.5],[15.43,67.5],[15.56,67.38],[15.43,67.3],[15.67,67.33],[15.56,67.27]]],[[[14.13,68.23],[13.45,68.08],[13.57,68.29],[14.13,68.23]]],[[[14.77,68.32],[14.2,68.18],[14.48,68.32],[14.4,68.38],[15.08,68.44],[14.77,68.32]]],[[[14.36,68.67],[14.62,68.83],[14.7,68.74],[15.12,68.79],[14.96,68.96],[15.07,69.01],[15.34,68.84],[15.25,68.74],[15.36,68.67],[14.36,68.67]]],[[[15.4,68.86],[15.4,68.98],[15.55,69.11],[16.14,69.28],[15.4,68.86]]],[[[90.42,27.17],[90.26,27.05],[90.14,27.15],[90.31,27.31],[89.93,27.43],[90.11,27.54],[90.47,27.43],[90.59,27.23],[90.43,27.2],[90.61,27.06],[90.42,27.17]]],[[[89.31,27.32],[89.24,27.25],[89.51,27.12],[89.26,27.14],[89.04,27.31],[89.12,27.41],[89.18,27.28],[89.31,27.32]]],[[[88.99,27.35],[88.8,27.2],[88.66,27.34],[89.07,27.48],[89.04,27.31],[88.99,27.35]]],[[[89.87,27.25],[89.66,27.13],[89.84,27.04],[89.69,26.94],[89.58,27.24],[89.65,27.17],[89.76,27.26],[89.76,27.39],[89.6,27.32],[89.73,27.49],[89.47,27.7],[89.7,27.82],[89.87,27.25]]],[[[89.49,27.33],[89.51,27.3],[89.5,27.2],[89.26,27.41],[89.26,27.67],[89.36,27.68],[89.37,27.49],[89.29,27.58],[89.49,27.33]]],[[[89.42,27.62],[89.59,27.42],[89.49,27.33],[89.37,27.49],[89.42,27.62]]],[[[91.47,27.67],[91.43,27.81],[91.49,27.44],[91.24,27.42],[91.32,27.82],[91.19,27.73],[91.08,27.78],[91.17,27.83],[91.06,28.04],[91.23,27.78],[91.35,27.96],[91.34,27.73],[91.41,27.93],[91.45,27.8],[91.56,27.88],[91.47,27.72],[91.61,27.8],[91.65,27.7],[91.81,28.22],[91.92,27.93],[92.26,27.75],[92.61,27.8],[92.47,27.62],[92.67,27.78],[92.71,27.62],[92.89,27.71],[92.84,27.87],[93.2,27.81],[92.94,27.94],[93.07,28.07],[93.36,28.04],[93.2,28.2],[93.9,28.25],[93.22,28.34],[93.24,28.48],[93.49,28.41],[93.63,28.53],[93.67,28.4],[93.51,28.35],[93.9,28.29],[94.02,28.22],[93.29,28.17],[93.42,28.03],[93.04,27.92],[93.25,27.79],[92.91,27.8],[92.99,27.68],[92.7,27.57],[92.61,27.62],[92.46,27.37],[92.19,27.38],[92.09,27.11],[92.03,27.25],[91.53,27.26],[92.03,27.46],[91.6,27.42],[91.72,27.48],[91.57,27.73],[91.47,27.67]]],[[[93.68,28.58],[93.92,28.53],[93.55,28.72],[93.79,29.03],[93.48,29.07],[93.47,28.83],[93.06,28.81],[92.92,29.14],[93.22,29.24],[93.28,29.04],[93.54,29.24],[93.52,29.39],[93.84,29.17],[93.96,29.29],[93.69,29.38],[94.08,29.45],[94.14,29.27],[94.28,29.55],[94.14,29.67],[93.94,29.51],[93.91,29.68],[93.77,29.53],[93.75,29.73],[93.62,29.65],[93.51,29.83],[93.35,29.79],[93.38,29.63],[93.14,29.66],[92.97,29.74],[93.24,29.82],[92.92,29.94],[92.5,29.61],[92.26,29.95],[92.76,29.95],[92.69,30.15],[92.81,30.28],[93.0,30.08],[92.91,30.48],[93.23,30.25],[93.21,29.99],[93.58,29.98],[93.27,30.09],[93.26,30.43],[93.43,30.18],[93.67,30.18],[93.63,30.04],[93.78,30.16],[93.94,30.07],[93.89,30.22],[94.18,30.11],[94.14,29.96],[93.72,29.89],[94.34,29.89],[94.53,29.65],[94.32,30.19],[94.98,30.1],[94.13,30.43],[93.55,30.37],[93.47,30.43],[93.9,30.48],[93.08,30.67],[94.03,30.51],[94.08,30.62],[93.7,30.86],[94.14,30.68],[94.28,30.73],[94.07,30.82],[94.46,30.86],[94.58,30.71],[94.19,30.5],[94.66,30.59],[94.65,30.42],[94.97,30.49],[94.84,30.35],[95.49,29.96],[95.2,30.38],[95.32,30.36],[95.26,30.55],[95.38,30.4],[95.48,30.57],[95.58,30.38],[95.41,30.25],[95.63,30.15],[95.62,30.52],[95.81,30.3],[95.75,30.13],[96.03,30.13],[96.15,29.75],[96.33,29.85],[96.62,29.58],[96.5,29.78],[96.64,29.83],[96.9,29.41],[95.45,29.73],[95.41,29.56],[95.89,29.43],[95.56,29.15],[95.58,29.07],[95.93,29.28],[95.92,29.05],[96.25,29.19],[95.87,28.78],[95.9,29.24],[95.71,29.03],[95.79,28.74],[95.49,28.89],[95.66,28.63],[95.33,28.65],[95.53,28.69],[95.33,29.02],[95.48,29.05],[95.26,29.03],[95.36,28.77],[95.16,29.08],[94.97,29.08],[94.8,28.9],[94.87,29.05],[94.59,29.08],[94.65,29.29],[94.26,29.09],[94.42,28.89],[94.36,29.06],[94.42,29.03],[94.5,28.67],[94.36,28.82],[94.46,28.65],[94.3,28.78],[94.13,28.61],[94.55,28.42],[94.46,28.29],[94.46,28.41],[94.23,28.45],[94.38,28.3],[93.63,28.53],[93.68,28.58]],[[94.86,29.15],[94.92,29.37],[95.28,29.62],[95.28,29.74],[95.0,29.72],[94.84,29.39],[94.65,29.29],[94.86,29.15]]],[[[91.03,27.65],[91.02,27.67],[91.14,27.56],[91.01,27.62],[91.12,27.48],[91.01,27.42],[91.17,27.38],[91.03,27.29],[91.12,27.14],[91.01,27.1],[90.9,27.4],[90.87,27.15],[90.8,27.33],[90.82,27.22],[90.65,27.26],[90.71,27.38],[90.55,27.43],[90.5,27.75],[90.48,27.61],[90.35,27.58],[90.48,27.47],[90.36,27.47],[90.32,27.6],[90.44,27.67],[90.32,27.75],[90.49,27.77],[90.37,27.89],[90.54,27.86],[90.57,27.68],[90.68,27.89],[90.82,27.77],[90.59,27.64],[90.77,27.51],[90.6,27.51],[90.88,27.4],[90.84,27.8],[91.03,27.65]]],[[[90.84,27.94],[91.11,27.89],[91.02,27.67],[90.84,27.94]]],[[[87.46,27.8],[87.13,27.56],[87.03,27.63],[87.41,27.86],[87.52,27.8],[87.46,27.47],[87.64,27.6],[87.47,27.24],[87.32,27.51],[87.46,27.8]]],[[[90.12,27.58],[89.97,27.64],[90.13,27.77],[90.06,27.78],[90.01,27.94],[90.02,27.86],[89.98,27.75],[89.93,27.72],[89.76,27.76],[89.77,27.94],[89.53,27.75],[89.63,27.84],[89.5,27.9],[89.66,27.88],[89.6,28.09],[89.77,28.08],[89.85,27.77],[89.97,27.79],[89.94,28.11],[90.04,27.95],[90.15,28.04],[90.03,27.92],[90.16,27.92],[90.18,27.81],[90.12,27.58]]],[[[96.72,28.26],[96.79,28.51],[96.58,29.07],[96.27,29.16],[96.98,29.08],[96.68,28.95],[97.03,28.58],[96.95,28.94],[97.02,29.02],[97.14,28.63],[97.21,28.93],[97.26,28.71],[97.4,28.71],[97.08,29.18],[97.22,29.38],[97.35,29.11],[97.35,29.41],[97.59,28.66],[97.38,28.39],[97.06,28.39],[96.98,28.33],[97.21,27.86],[96.87,27.49],[96.65,27.8],[96.92,27.91],[96.72,28.26]]],[[[96.43,28.11],[96.02,28.47],[96.06,28.6],[96.39,28.78],[96.01,28.71],[96.14,29.04],[96.2,28.88],[96.05,28.75],[96.36,28.92],[96.52,28.83],[96.42,28.61],[96.04,28.51],[96.28,28.51],[96.43,28.11]]],[[[98.25,31.59],[97.86,31.99],[97.91,32.41],[98.12,32.5],[98.83,31.55],[99.0,31.62],[99.1,31.4],[99.49,31.32],[99.07,31.14],[99.39,30.94],[99.05,30.9],[99.36,30.15],[99.7,30.41],[99.88,30.21],[99.6,29.69],[99.76,29.35],[99.47,28.82],[99.64,28.89],[99.59,28.62],[100.02,29.32],[100.05,28.48],[100.31,28.02],[100.35,28.28],[100.55,28.24],[100.51,28.55],[100.66,28.46],[100.53,29.12],[100.97,28.43],[100.92,27.85],[101.25,28.03],[100.63,29.51],[100.31,29.76],[100.44,29.83],[100.7,29.66],[100.84,29.37],[100.84,29.84],[100.6,30.18],[100.11,30.49],[100.15,31.02],[98.86,32.32],[100.21,31.4],[100.4,30.85],[100.3,30.66],[100.5,30.49],[101.01,30.37],[101.09,30.72],[100.37,31.67],[101.23,31.02],[101.23,30.35],[101.42,29.83],[101.46,30.22],[101.73,29.87],[101.51,29.44],[101.71,29.28],[101.36,29.15],[101.48,28.54],[101.59,28.81],[101.73,28.69],[101.9,28.85],[102.11,28.77],[101.86,30.47],[101.63,30.72],[101.87,31.42],[101.35,31.73],[101.02,31.63],[101.2,31.98],[100.96,32.35],[101.75,31.84],[101.97,32.0],[101.42,32.45],[101.92,32.47],[102.35,32.13],[102.49,31.7],[102.88,31.68],[102.8,31.51],[102.42,31.48],[102.28,31.25],[102.22,30.95],[102.36,31.03],[102.4,30.86],[102.61,30.87],[102.24,30.51],[102.42,29.99],[102.58,30.49],[102.89,30.62],[103.01,30.88],[102.85,31.18],[102.95,31.37],[103.23,31.53],[103.06,32.14],[103.16,32.27],[103.39,32.22],[103.57,32.94],[103.85,32.61],[104.11,32.77],[104.33,33.39],[104.26,33.76],[103.96,33.79],[102.57,34.95],[102.01,34.71],[102.08,35.32],[102.5,35.49],[102.54,35.09],[103.86,34.43],[104.29,33.8],[104.58,33.79],[104.6,33.24],[104.26,32.74],[104.26,32.23],[104.48,32.05],[104.02,31.81],[104.17,31.54],[103.58,30.99],[103.57,30.63],[103.03,29.86],[104.29,28.7],[103.86,28.6],[103.41,27.75],[103.07,27.46],[102.78,27.79],[102.58,28.97],[102.44,29.02],[102.21,28.93],[102.43,29.0],[102.29,28.56],[102.35,27.1],[101.99,27.14],[102.02,27.51],[101.83,27.81],[101.92,28.4],[101.66,28.09],[101.64,27.73],[101.12,27.22],[101.22,26.59],[100.51,26.68],[100.54,26.82],[100.28,26.25],[100.01,26.42],[99.23,26.25],[99.26,27.01],[99.08,27.14],[98.93,27.03],[98.81,24.98],[98.49,26.26],[98.45,27.4],[97.82,28.64],[97.73,29.25],[97.31,29.74],[96.03,30.77],[95.45,30.83],[95.35,31.1],[95.22,30.92],[95.1,31.13],[95.03,30.88],[95.25,30.71],[94.99,30.78],[95.0,31.11],[94.64,31.06],[94.5,31.42],[93.96,31.5],[93.41,31.38],[93.48,31.49],[93.07,31.55],[93.64,31.83],[93.76,31.64],[93.75,31.93],[94.2,31.92],[94.55,31.86],[94.68,31.52],[94.85,31.5],[94.79,31.34],[94.72,31.45],[94.79,31.15],[94.91,31.3],[95.07,31.21],[94.85,31.61],[94.96,31.73],[95.54,31.42],[95.49,31.1],[96.27,31.09],[97.36,30.07],[98.47,28.69],[98.05,29.86],[96.86,30.93],[96.61,31.36],[96.29,31.5],[96.34,31.72],[96.68,31.91],[96.28,32.47],[96.67,32.23],[96.68,32.47],[96.84,32.52],[97.06,31.99],[96.99,31.69],[97.5,30.64],[98.41,29.9],[98.91,28.86],[98.74,30.2],[98.25,31.59]]],[[[93.92,31.17],[93.46,31.13],[93.79,31.29],[94.36,31.27],[94.36,31.03],[94.17,30.95],[94.05,30.99],[94.21,31.03],[94.11,31.12],[93.73,30.94],[93.49,31.05],[93.92,31.17]]],[[[103.5,33.42],[103.59,33.68],[103.86,33.45],[103.8,33.22],[103.57,33.12],[103.5,33.42]]],[[[100.08,35.11],[101.04,34.4],[100.52,34.58],[100.12,34.82],[100.08,35.11]]],[[[137.6,36.54],[137.95,36.7],[138.04,36.41],[137.92,36.1],[137.75,36.17],[137.6,36.54]]],[[[138.88,36.84],[139.17,36.89],[138.62,36.69],[138.61,36.44],[138.43,36.52],[138.51,36.77],[138.89,36.95],[138.88,36.84]]],[[[139.45,37.09],[139.73,36.93],[139.48,36.73],[139.23,37.11],[139.45,37.09]]],[[[101.92,37.14],[101.79,37.37],[102.81,36.81],[102.9,36.52],[101.92,37.14]]],[[[106.63,39.63],[106.81,38.99],[105.94,37.67],[105.09,37.45],[105.1,38.42],[105.4,39.22],[105.85,39.59],[106.63,39.63]]],[[[140.99,39.89],[140.79,39.76],[140.67,39.81],[140.76,40.1],[140.99,39.89]]],[[[140.75,42.88],[140.93,42.92],[140.96,43.15],[141.5,42.71],[140.95,42.42],[140.9,42.71],[140.64,42.74],[140.89,42.77],[140.75,42.88]]],[[[141.77,43.44],[141.46,43.48],[141.42,43.69],[141.59,43.74],[141.77,43.44]]],[[[89.88,43.51],[89.59,43.62],[89.84,43.7],[90.43,43.5],[89.88,43.51]]],[[[144.64,43.74],[145.34,44.34],[145.07,43.77],[145.39,43.3],[145.26,43.31],[145.52,43.23],[144.98,42.98],[144.32,43.0],[143.72,42.8],[143.65,43.18],[143.22,43.0],[143.0,43.09],[143.32,42.35],[143.31,42.14],[143.13,42.04],[142.35,42.54],[142.21,42.75],[142.24,43.52],[142.47,43.68],[142.44,44.1],[142.22,43.88],[141.96,43.91],[141.92,44.63],[141.57,45.19],[141.65,45.44],[141.93,45.51],[142.39,45.13],[142.47,44.79],[143.48,43.96],[143.85,43.91],[143.76,43.74],[144.05,43.62],[144.08,43.76],[144.64,43.74]]],[[[145.64,43.37],[145.82,43.37],[145.52,43.23],[145.64,43.37]]],[[[88.43,44.08],[88.08,43.76],[88.03,43.86],[88.34,44.23],[88.91,44.15],[89.31,43.79],[88.43,44.08]]],[[[94.88,44.65],[94.66,44.99],[95.08,45.16],[95.7,44.78],[95.67,44.54],[94.88,44.65]]],[[[94.77,46.04],[94.56,46.15],[95.53,46.49],[95.94,46.12],[94.77,46.04]]],[[[94.33,46.28],[93.97,46.79],[94.73,46.56],[94.33,46.28]]],[[[95.23,46.85],[95.35,47.01],[95.19,47.26],[95.47,47.41],[95.74,47.03],[96.18,46.82],[96.36,46.45],[97.68,45.92],[96.3,46.11],[95.23,46.85]]],[[[92.4,47.1],[92.69,47.18],[93.37,46.85],[92.73,46.9],[93.33,46.49],[93.59,46.46],[93.44,46.71],[93.55,46.82],[93.98,46.61],[93.92,46.37],[94.42,45.96],[96.81,45.78],[97.87,45.43],[98.47,45.05],[96.9,45.21],[96.0,45.71],[94.22,45.48],[91.55,46.22],[91.51,46.05],[91.03,46.03],[90.83,46.31],[91.21,46.65],[91.04,47.27],[91.65,46.72],[91.85,46.25],[92.55,46.46],[93.44,46.13],[92.09,46.87],[91.8,47.18],[91.84,47.51],[91.57,47.71],[91.27,47.51],[90.84,47.55],[90.82,47.29],[90.4,47.65],[89.96,47.64],[89.54,47.1],[87.87,47.74],[86.75,48.67],[87.14,48.84],[87.12,49.13],[87.31,49.1],[87.42,48.84],[88.2,48.72],[88.42,48.79],[88.53,49.36],[89.36,49.41],[89.62,49.49],[89.65,49.68],[90.02,49.57],[90.36,49.14],[91.19,49.1],[91.51,48.65],[91.13,48.28],[91.38,47.91],[92.02,47.57],[92.05,47.29],[92.4,47.1]],[[91.11,47.8],[91.24,48.0],[90.89,48.21],[90.92,47.82],[91.11,47.8]],[[90.17,48.0],[90.28,48.09],[89.68,48.35],[89.57,48.25],[90.17,48.0]],[[89.53,49.38],[89.32,49.32],[89.56,49.1],[89.69,49.17],[89.53,49.38]],[[88.73,47.9],[89.15,47.82],[89.47,48.03],[89.0,48.59],[88.81,48.37],[87.98,48.61],[88.24,48.26],[88.35,48.32],[88.73,47.9]]],[[[93.21,47.61],[93.31,47.25],[92.54,47.7],[92.45,48.15],[92.63,48.19],[93.21,47.61]]],[[[98.02,48.24],[97.87,48.48],[99.93,48.54],[99.95,48.35],[98.02,48.24]]],[[[91.76,50.33],[91.98,49.44],[91.68,49.17],[91.24,49.28],[91.15,49.76],[90.79,50.12],[90.97,50.36],[91.76,50.33]],[[91.38,49.95],[91.23,49.58],[91.34,49.36],[91.75,49.42],[91.73,49.71],[91.38,49.95]]],[[[131.57,53.13],[131.98,52.96],[131.96,52.83],[131.0,52.09],[130.42,52.04],[129.64,52.32],[128.7,52.38],[128.09,52.8],[127.01,52.89],[126.08,53.23],[125.45,53.18],[125.01,52.51],[124.98,51.18],[124.32,50.02],[124.07,49.22],[123.2,49.06],[122.58,48.46],[122.05,48.23],[121.91,47.69],[121.56,47.22],[121.51,46.8],[120.11,46.73],[120.08,47.12],[120.58,47.89],[120.94,48.13],[121.26,48.64],[122.09,48.9],[122.23,49.08],[122.09,49.45],[122.22,49.88],[121.56,49.94],[121.3,50.37],[121.3,50.71],[120.52,51.0],[120.35,51.22],[120.34,51.63],[120.05,51.55],[119.92,51.88],[119.66,52.03],[120.52,52.71],[120.08,52.71],[119.97,53.09],[120.85,54.11],[121.67,54.51],[122.68,54.37],[123.7,54.53],[125.4,54.38],[125.92,54.19],[126.79,54.28],[127.48,53.89],[128.01,53.95],[128.02,54.09],[129.0,53.55],[131.57,53.13]]],[[[126.56,50.54],[126.35,50.54],[126.61,50.95],[126.8,50.87],[126.56,50.54]]],[[[126.42,51.42],[126.41,51.72],[126.69,51.62],[126.55,51.35],[126.42,51.42]]],[[[101.5,52.84],[102.32,52.5],[101.1,52.65],[101.01,52.9],[101.28,53.08],[101.5,52.84]]],[[[99.47,51.84],[100.13,51.24],[101.07,51.28],[101.31,51.07],[101.53,51.3],[102.07,51.29],[101.88,51.59],[102.06,51.72],[103.28,51.78],[103.19,51.55],[103.37,51.49],[104.59,51.44],[105.87,51.79],[106.35,52.4],[106.67,52.37],[106.34,51.62],[103.67,50.75],[103.78,50.58],[105.16,50.4],[104.34,49.65],[103.75,49.69],[103.7,49.92],[103.25,50.09],[100.29,50.1],[100.34,50.38],[100.14,50.57],[100.38,51.07],[99.18,50.57],[98.95,50.9],[99.08,51.24],[98.71,51.44],[98.58,51.38],[98.65,51.24],[98.33,51.3],[98.14,51.11],[98.33,50.81],[98.09,50.61],[98.33,50.48],[98.01,50.39],[97.42,49.77],[97.01,50.01],[96.16,50.06],[95.92,50.36],[95.08,50.79],[94.13,50.84],[93.3,51.13],[92.53,51.16],[91.51,50.79],[90.44,50.65],[90.14,50.69],[89.8,51.09],[89.35,51.3],[89.33,51.51],[90.01,51.63],[90.41,52.1],[91.26,52.22],[91.44,52.44],[90.16,52.33],[89.86,51.98],[89.14,51.69],[88.41,51.76],[88.32,51.46],[87.96,51.69],[88.1,51.35],[89.26,51.1],[89.68,50.68],[88.93,50.48],[87.6,50.91],[87.52,51.11],[87.74,51.27],[87.7,51.55],[87.33,51.44],[86.98,51.66],[86.69,51.55],[86.65,51.31],[86.32,51.33],[85.91,51.81],[86.37,52.09],[86.26,52.23],[86.38,53.15],[86.22,53.4],[84.24,54.67],[84.65,54.67],[85.69,54.21],[86.95,53.01],[87.34,53.06],[87.92,53.49],[88.02,53.74],[87.21,54.16],[86.77,55.08],[85.76,55.56],[85.62,56.0],[86.2,56.19],[88.16,55.4],[89.37,55.33],[89.59,54.96],[89.95,54.76],[90.77,54.65],[90.21,53.77],[90.21,53.17],[89.79,52.95],[90.21,52.62],[91.35,52.89],[91.45,53.1],[93.25,52.99],[94.77,53.7],[94.95,53.72],[95.12,53.36],[96.27,53.34],[96.43,53.56],[96.83,53.66],[97.19,53.35],[97.69,53.71],[98.92,53.4],[99.04,53.12],[98.58,52.54],[99.14,52.46],[99.47,52.71],[99.29,52.99],[99.7,53.14],[99.59,53.33],[97.53,54.02],[98.01,54.03],[97.82,54.28],[96.34,54.38],[96.06,54.55],[97.01,54.72],[97.67,55.11],[98.48,54.74],[98.96,53.94],[100.64,53.52],[101.07,53.23],[100.69,52.98],[100.4,53.17],[100.34,53.0],[100.62,52.83],[100.15,52.85],[100.11,52.73],[100.75,52.59],[101.02,52.3],[102.16,52.37],[102.32,52.5],[102.93,52.06],[100.86,51.91],[98.83,52.23],[98.22,51.62],[98.81,51.67],[98.99,51.89],[99.47,51.84]],[[93.12,51.35],[95.06,50.98],[96.9,50.17],[97.59,50.3],[97.64,50.45],[97.45,50.62],[97.0,50.58],[96.73,50.75],[97.06,50.91],[96.86,51.2],[98.04,51.29],[98.24,51.44],[97.9,51.56],[95.43,51.15],[93.75,51.47],[92.79,51.46],[90.65,50.91],[91.48,50.96],[92.22,51.25],[93.12,51.35]],[[95.59,51.91],[95.1,52.02],[92.78,51.88],[91.68,51.73],[90.39,51.38],[90.18,51.19],[90.6,51.12],[92.94,51.62],[95.67,51.39],[95.84,51.66],[95.59,51.91]]],[[[95.03,53.78],[95.27,54.08],[95.23,54.32],[96.91,53.96],[96.11,53.65],[95.03,53.78]]]]}},{"type":"Feature","properties":{"biome":"Boreal Forests/Taiga","style":{"fillColor":"#7AB6F5"}},"geometry":{"type":"MultiPolygon","coordinates":[[[[-164.94,54.53],[-163.42,54.95],[-163.42,54.86],[-163.33,54.75],[-163.05,54.67],[-163.36,54.75],[-164.42,54.43],[-164.94,54.53]]],[[[-162.58,55.13],[-162.56,54.95],[-162.88,54.93],[-163.0,55.08],[-162.58,55.13]]],[[[-159.89,55.29],[-159.86,55.1],[-160.25,54.9],[-160.08,55.04],[-160.18,55.12],[-159.89,55.29]]],[[[-160.82,55.12],[-160.86,55.32],[-160.52,55.38],[-160.57,55.23],[-160.46,55.19],[-160.82,55.12]]],[[[-154.29,58.31],[-154.1,58.28],[-154.31,58.08],[-154.48,58.21],[-154.58,58.02],[-155.03,58.03],[-155.31,57.73],[-155.6,57.78],[-155.73,57.55],[-156.03,57.57],[-156.02,57.44],[-156.54,57.33],[-156.32,57.29],[-156.55,56.99],[-156.77,57.04],[-157.2,56.77],[-157.43,56.87],[-157.6,56.74],[-157.46,56.64],[-157.79,56.7],[-158.13,56.54],[-157.86,56.5],[-158.4,56.46],[-158.48,56.34],[-158.19,56.29],[-158.4,56.2],[-158.11,56.24],[-158.49,56.11],[-158.43,56.0],[-158.6,56.05],[-158.45,56.2],[-158.62,56.2],[-158.66,55.95],[-158.82,56.02],[-159.41,55.79],[-159.53,55.89],[-159.6,55.57],[-159.75,55.6],[-159.58,55.8],[-159.82,55.86],[-160.42,55.66],[-160.5,55.48],[-160.6,55.61],[-160.77,55.54],[-160.67,55.46],[-160.91,55.52],[-161.23,55.36],[-161.51,55.36],[-161.36,55.61],[-161.59,55.62],[-161.88,55.22],[-162.05,55.23],[-161.96,55.11],[-162.18,55.15],[-162.25,55.02],[-162.53,55.1],[-162.35,55.1],[-162.5,55.2],[-161.91,55.55],[-161.86,55.72],[-160.95,55.84],[-160.67,55.7],[-160.73,55.87],[-160.26,55.77],[-160.48,55.92],[-159.67,56.14],[-159.55,56.32],[-158.77,56.39],[-158.9,56.56],[-158.35,56.62],[-158.35,56.91],[-155.58,57.84],[-155.45,58.02],[-156.03,57.98],[-155.65,58.2],[-156.0,58.38],[-155.5,58.55],[-155.08,58.43],[-154.77,58.52],[-154.76,58.66],[-155.48,58.76],[-155.34,58.97],[-155.59,59.04],[-154.87,59.21],[-154.8,59.42],[-154.09,59.31],[-154.26,59.14],[-154.18,59.02],[-153.7,59.08],[-153.25,58.85],[-154.29,58.31]]],[[[-152.33,57.82],[-152.58,57.71],[-152.4,57.69],[-152.46,57.59],[-152.15,57.59],[-152.34,57.42],[-152.88,57.51],[-152.6,57.36],[-153.08,57.32],[-152.94,57.26],[-153.21,57.21],[-152.87,57.16],[-153.24,57.01],[-153.4,57.07],[-153.31,57.19],[-153.65,57.08],[-153.56,56.97],[-153.97,56.74],[-154.15,56.75],[-153.74,57.14],[-154.31,56.84],[-154.57,57.25],[-154.79,57.29],[-154.62,57.52],[-154.2,57.67],[-153.63,57.28],[-153.88,57.64],[-153.57,57.6],[-153.94,57.82],[-153.62,57.89],[-153.49,57.62],[-153.49,57.78],[-153.36,57.71],[-153.31,57.73],[-153.48,57.85],[-153.18,57.71],[-153.18,57.82],[-153.24,57.9],[-153.04,57.82],[-153.26,58.0],[-153.01,57.92],[-152.8,57.92],[-152.85,57.73],[-152.79,57.86],[-152.33,57.82]]],[[[-124.07,61.31],[-124.09,61.48],[-124.36,61.59],[-124.36,61.91],[-123.55,62.29],[-123.56,62.48],[-124.54,63.77],[-124.8,63.76],[-124.78,64.06],[-125.94,64.23],[-126.31,64.5],[-126.11,64.67],[-125.5,64.53],[-125.64,64.67],[-126.59,64.82],[-128.13,65.45],[-129.02,65.55],[-128.83,65.63],[-129.07,65.69],[-128.87,65.79],[-129.24,65.77],[-130.29,66.19],[-131.44,66.34],[-132.5,66.28],[-130.88,65.95],[-131.25,65.84],[-132.98,66.17],[-133.44,65.94],[-134.18,66.0],[-133.87,66.42],[-135.05,66.93],[-134.81,67.07],[-134.94,67.16],[-134.85,67.49],[-135.35,67.73],[-135.32,68.23],[-135.87,68.83],[-135.16,68.66],[-135.54,68.84],[-134.59,68.98],[-133.66,68.31],[-133.24,68.28],[-132.89,68.46],[-132.7,68.36],[-132.79,68.26],[-132.16,68.26],[-131.64,68.51],[-130.07,68.81],[-128.22,68.11],[-127.74,68.16],[-127.49,67.99],[-126.43,67.92],[-125.03,67.98],[-124.25,67.43],[-124.52,67.29],[-124.87,67.37],[-124.93,67.0],[-124.29,66.72],[-123.47,66.75],[-123.1,66.57],[-121.96,66.64],[-121.4,66.94],[-120.46,67.07],[-118.78,66.92],[-118.8,67.32],[-118.43,67.38],[-117.32,66.85],[-116.85,67.01],[-116.17,66.77],[-114.9,66.62],[-113.07,65.44],[-113.26,65.13],[-113.15,65.0],[-112.65,64.99],[-112.71,64.74],[-112.35,64.57],[-112.37,64.28],[-111.7,64.36],[-111.36,64.15],[-110.46,64.04],[-109.98,64.25],[-109.75,64.2],[-109.46,63.98],[-109.82,63.62],[-109.18,63.69],[-108.56,64.04],[-108.03,64.05],[-107.39,63.81],[-104.54,63.93],[-103.7,64.33],[-103.93,64.54],[-102.81,64.34],[-103.26,63.99],[-103.91,63.81],[-104.21,63.32],[-103.07,63.21],[-102.89,63.09],[-103.02,62.84],[-102.46,62.65],[-101.97,62.84],[-101.21,62.56],[-100.63,62.85],[-100.37,62.62],[-99.98,62.82],[-98.36,63.02],[-97.61,62.95],[-97.44,63.08],[-96.18,62.57],[-96.42,62.49],[-96.21,62.29],[-96.61,62.31],[-96.97,62.02],[-96.82,61.82],[-96.38,61.77],[-96.63,61.62],[-96.09,61.27],[-96.2,61.15],[-96.08,61.04],[-95.66,60.87],[-95.34,60.25],[-94.93,60.0],[-94.87,59.76],[-95.09,59.58],[-94.93,58.71],[-94.77,59.01],[-94.43,58.71],[-94.23,58.8],[-94.27,58.41],[-94.17,58.78],[-93.19,58.76],[-92.44,57.36],[-92.8,56.92],[-91.15,57.25],[-90.5,57.2],[-88.83,56.84],[-87.97,56.46],[-87.61,55.99],[-85.91,55.65],[-85.13,55.33],[-85.21,55.23],[-83.91,55.3],[-82.31,55.06],[-82.36,55.16],[-82.26,55.11],[-82.2,54.8],[-82.44,54.26],[-82.13,53.81],[-82.12,53.26],[-82.29,52.95],[-81.59,52.45],[-81.53,52.32],[-81.69,52.27],[-81.7,52.22],[-80.65,51.77],[-80.44,51.44],[-80.52,51.3],[-79.74,51.13],[-79.74,51.38],[-79.31,51.66],[-79.27,51.51],[-78.99,51.47],[-78.95,51.21],[-78.86,51.17],[-78.9,51.39],[-78.77,51.49],[-79.04,51.77],[-78.5,52.26],[-78.85,52.74],[-78.74,52.85],[-78.99,53.02],[-78.93,53.4],[-79.12,53.49],[-78.9,53.55],[-79.07,53.59],[-78.95,53.82],[-79.13,53.94],[-78.97,54.0],[-79.08,54.16],[-79.4,54.18],[-79.29,54.23],[-79.55,54.61],[-79.73,54.64],[-77.78,55.27],[-77.21,55.61],[-76.72,56.03],[-76.54,56.64],[-76.4,56.54],[-76.45,57.38],[-76.13,57.62],[-76.4,57.74],[-76.29,57.86],[-76.43,57.97],[-76.26,58.12],[-75.91,58.04],[-76.12,58.28],[-75.97,58.47],[-75.68,58.46],[-75.26,58.09],[-75.12,58.13],[-75.23,58.29],[-73.23,58.16],[-73.21,58.37],[-72.66,58.47],[-71.87,58.39],[-71.41,58.19],[-70.53,58.48],[-70.17,58.78],[-69.91,58.78],[-69.81,58.59],[-69.37,58.87],[-68.78,58.92],[-68.4,58.82],[-68.22,58.5],[-68.37,58.12],[-68.7,58.0],[-68.29,58.11],[-68.18,58.49],[-68.01,58.58],[-67.87,58.33],[-68.13,58.08],[-67.83,58.28],[-67.75,58.46],[-67.69,58.0],[-67.46,58.3],[-66.62,58.49],[-66.38,58.85],[-65.93,58.62],[-66.11,58.34],[-65.97,58.29],[-65.87,58.6],[-66.1,58.79],[-65.42,59.06],[-65.64,59.08],[-65.74,59.27],[-65.47,59.14],[-65.56,59.39],[-65.32,59.25],[-65.52,59.48],[-65.17,59.33],[-65.39,58.69],[-64.89,58.54],[-65.1,58.34],[-64.57,57.89],[-64.55,57.2],[-63.41,57.57],[-63.34,57.78],[-62.95,57.68],[-62.79,57.81],[-62.41,57.61],[-61.98,57.72],[-62.16,57.88],[-61.9,57.67],[-61.9,57.61],[-62.54,57.49],[-61.81,57.37],[-61.96,57.22],[-61.64,57.23],[-61.72,57.15],[-61.41,57.14],[-61.38,56.99],[-61.92,56.8],[-61.69,56.61],[-62.52,56.79],[-62.07,56.83],[-62.6,56.79],[-61.66,56.54],[-62.16,56.45],[-61.58,56.28],[-62.02,56.22],[-61.34,56.23],[-61.47,56.06],[-61.25,56.06],[-61.51,56.02],[-61.11,55.97],[-61.16,55.86],[-60.76,55.85],[-60.75,55.72],[-60.58,55.81],[-60.65,55.58],[-60.48,55.8],[-60.31,55.77],[-60.5,55.61],[-60.17,55.43],[-60.65,55.02],[-60.01,55.26],[-60.29,55.01],[-59.76,55.33],[-59.73,55.2],[-59.91,55.14],[-59.42,55.16],[-59.91,54.74],[-59.13,55.23],[-59.31,55.02],[-58.94,55.13],[-58.92,54.83],[-58.39,54.73],[-57.94,54.92],[-57.96,54.79],[-57.83,54.8],[-58.15,54.74],[-57.33,54.57],[-57.41,54.48],[-57.74,54.57],[-58.32,54.43],[-57.42,54.46],[-57.63,54.37],[-59.58,54.03],[-58.38,54.22],[-58.61,54.04],[-60.08,53.76],[-60.11,53.54],[-60.97,53.73],[-60.04,53.5],[-60.43,53.27],[-59.01,53.72],[-58.82,53.95],[-57.77,54.07],[-58.4,54.13],[-58.17,54.23],[-57.41,54.18],[-57.06,53.81],[-57.23,53.85],[-57.12,53.73],[-57.42,53.62],[-57.29,53.46],[-56.91,53.73],[-56.41,53.75],[-56.63,53.66],[-55.97,53.55],[-56.25,53.55],[-55.73,53.25],[-55.91,53.03],[-55.83,52.91],[-55.96,52.96],[-55.8,52.84],[-56.17,52.82],[-55.95,52.69],[-56.18,52.54],[-55.62,52.36],[-56.18,52.43],[-55.62,52.21],[-56.96,51.42],[-57.74,51.46],[-58.48,51.29],[-58.97,51.0],[-59.01,50.73],[-59.08,50.78],[-59.12,50.78],[-59.81,50.42],[-59.87,50.36],[-59.82,50.31],[-60.15,50.19],[-61.74,50.08],[-61.58,50.18],[-62.77,50.29],[-66.45,50.26],[-66.45,50.13],[-67.14,49.8],[-67.37,49.32],[-68.13,49.27],[-68.27,49.17],[-68.19,49.1],[-69.07,48.77],[-69.7,48.14],[-69.99,48.26],[-69.74,48.13],[-69.9,47.77],[-70.12,47.68],[-69.98,47.81],[-70.12,48.23],[-70.84,48.15],[-71.88,48.33],[-72.87,48.72],[-73.28,49.25],[-74.06,49.3],[-74.36,49.52],[-74.28,49.67],[-74.47,49.36],[-74.91,49.29],[-75.6,48.73],[-76.02,48.7],[-76.46,48.22],[-76.88,48.1],[-77.61,47.59],[-78.97,47.86],[-79.79,48.24],[-79.89,48.43],[-80.77,48.45],[-80.8,48.25],[-80.98,48.18],[-83.08,48.62],[-83.47,48.56],[-83.45,48.34],[-83.84,47.81],[-84.24,47.94],[-85.74,47.93],[-86.02,48.08],[-86.36,48.7],[-86.7,48.8],[-87.27,48.75],[-88.06,49.0],[-88.26,48.98],[-88.1,48.69],[-88.55,48.42],[-88.3,48.75],[-88.49,48.84],[-88.75,48.35],[-88.94,48.3],[-88.76,48.57],[-89.46,48.57],[-89.86,48.76],[-89.91,48.54],[-90.76,48.84],[-91.26,49.3],[-91.13,49.49],[-91.48,49.84],[-92.11,50.14],[-92.72,49.92],[-93.48,49.94],[-94.61,50.36],[-95.08,50.22],[-95.38,50.43],[-96.0,50.41],[-96.24,50.69],[-96.52,50.76],[-96.61,50.49],[-96.39,49.9],[-96.55,50.0],[-96.63,49.84],[-96.83,50.08],[-96.97,49.96],[-97.07,50.52],[-97.41,50.24],[-97.72,50.81],[-98.28,50.78],[-99.31,51.42],[-100.41,51.55],[-100.56,51.81],[-100.63,51.35],[-101.22,51.26],[-100.81,51.05],[-99.88,51.01],[-99.58,50.76],[-99.48,50.42],[-100.16,50.41],[-100.97,50.73],[-101.16,51.01],[-101.41,50.97],[-101.45,51.28],[-101.63,51.36],[-102.18,51.41],[-102.21,51.53],[-101.91,51.52],[-102.55,51.94],[-102.86,51.81],[-103.49,51.93],[-103.74,52.43],[-103.95,52.36],[-104.5,52.55],[-104.67,52.42],[-104.93,52.6],[-104.99,52.45],[-105.35,52.47],[-105.37,52.78],[-105.87,52.78],[-106.17,52.59],[-106.7,53.04],[-107.34,52.9],[-107.31,53.09],[-107.78,53.02],[-108.06,53.28],[-108.21,53.17],[-108.54,53.25],[-108.72,53.11],[-108.56,52.94],[-109.63,53.58],[-110.08,53.59],[-110.63,53.85],[-110.92,53.86],[-110.69,53.69],[-110.94,53.73],[-111.02,53.46],[-111.39,53.62],[-111.55,53.53],[-111.64,53.84],[-111.89,53.76],[-112.24,54.06],[-112.95,53.89],[-113.56,54.13],[-114.02,53.99],[-113.89,53.66],[-114.08,53.42],[-113.83,53.12],[-113.95,52.95],[-113.79,52.58],[-114.06,52.61],[-114.1,52.16],[-114.39,52.3],[-114.36,52.05],[-114.14,51.97],[-114.55,51.57],[-114.84,51.83],[-114.71,52.01],[-114.95,52.29],[-114.26,52.97],[-114.82,53.02],[-114.94,53.5],[-115.46,53.63],[-115.33,53.8],[-114.99,53.71],[-115.44,53.87],[-115.18,53.92],[-115.38,54.13],[-115.85,54.06],[-116.29,54.24],[-115.49,54.2],[-114.48,54.94],[-114.33,55.15],[-114.43,55.23],[-115.07,55.35],[-115.33,55.15],[-115.72,55.26],[-115.87,55.16],[-116.0,55.3],[-116.13,55.2],[-116.01,55.06],[-116.84,55.11],[-116.75,54.92],[-116.21,54.76],[-116.55,54.68],[-116.39,54.53],[-116.82,54.37],[-117.13,54.42],[-117.18,54.67],[-117.32,54.59],[-117.4,54.73],[-118.49,54.6],[-118.91,54.82],[-119.66,54.74],[-120.14,54.97],[-119.95,55.53],[-118.68,55.38],[-118.24,55.48],[-118.54,55.51],[-118.45,55.57],[-119.04,55.55],[-118.87,55.69],[-119.67,55.84],[-120.48,55.62],[-120.69,55.78],[-121.03,55.61],[-121.67,55.64],[-122.16,56.03],[-122.08,56.18],[-121.73,56.19],[-121.57,56.45],[-121.09,56.24],[-120.83,56.29],[-121.05,56.55],[-120.81,56.51],[-120.96,56.71],[-120.73,56.87],[-120.27,56.32],[-119.5,56.61],[-118.77,56.59],[-118.46,56.28],[-117.64,56.39],[-118.08,56.44],[-117.81,56.72],[-118.04,56.91],[-117.33,57.45],[-118.01,57.79],[-118.83,57.65],[-118.66,57.92],[-118.81,57.97],[-118.63,58.03],[-118.88,58.06],[-118.95,58.28],[-120.42,58.13],[-121.33,57.58],[-121.35,57.33],[-121.73,57.32],[-122.02,57.06],[-122.35,57.17],[-122.82,57.07],[-122.92,56.89],[-123.68,56.8],[-123.99,56.92],[-124.05,57.14],[-124.38,57.13],[-124.47,56.74],[-124.74,56.5],[-127.26,56.61],[-127.92,57.08],[-129.91,57.33],[-131.03,57.06],[-131.16,57.33],[-131.75,57.61],[-132.03,57.52],[-132.38,57.77],[-132.37,57.92],[-132.02,58.12],[-132.21,58.1],[-132.21,58.24],[-132.59,58.42],[-133.15,58.42],[-133.06,58.64],[-133.26,58.63],[-133.69,59.02],[-133.86,58.97],[-134.55,59.26],[-135.4,59.82],[-136.5,59.75],[-136.47,59.55],[-136.82,59.51],[-137.34,59.65],[-137.69,59.95],[-137.94,59.88],[-138.03,60.19],[-137.8,60.47],[-137.86,60.64],[-138.11,60.44],[-138.01,60.67],[-138.6,60.81],[-138.58,61.13],[-140.57,61.98],[-140.29,61.93],[-140.42,62.1],[-139.98,62.05],[-139.37,62.37],[-138.02,61.87],[-136.73,62.07],[-137.78,62.46],[-137.23,62.39],[-137.93,62.62],[-137.61,62.7],[-137.95,62.81],[-137.74,62.89],[-138.74,63.22],[-137.96,63.56],[-138.34,63.98],[-139.09,64.07],[-140.0,64.42],[-137.87,64.16],[-137.21,64.24],[-136.91,64.08],[-136.05,64.25],[-132.94,63.93],[-132.34,63.7],[-132.42,63.5],[-132.02,63.37],[-132.63,63.09],[-131.6,62.64],[-130.86,62.56],[-130.44,61.93],[-129.34,61.78],[-129.35,61.5],[-129.06,61.34],[-128.85,60.72],[-128.46,60.95],[-128.26,60.7],[-128.07,60.7],[-127.87,61.01],[-127.53,61.12],[-127.5,61.34],[-126.87,61.17],[-126.61,60.82],[-126.43,60.88],[-126.35,61.2],[-126.14,61.22],[-125.78,60.89],[-125.13,61.32],[-125.12,61.2],[-124.07,61.31]],[[-125.76,60.87],[-124.89,60.91],[-125.78,60.89],[-125.76,60.87]]],[[[-151.26,60.54],[-151.41,60.72],[-150.39,61.04],[-149.91,60.94],[-150.1,60.44],[-150.71,60.3],[-150.8,59.93],[-151.87,59.77],[-151.26,60.54]]],[[[-148.73,61.83],[-148.92,61.58],[-148.66,61.51],[-149.32,61.5],[-149.8,61.06],[-150.08,61.16],[-149.4,61.49],[-149.76,61.45],[-149.99,61.24],[-150.64,61.34],[-151.72,60.91],[-151.71,60.71],[-152.05,60.66],[-152.53,60.25],[-152.37,60.85],[-151.79,61.21],[-151.71,61.34],[-151.91,61.43],[-151.59,61.6],[-151.8,61.92],[-152.08,62.0],[-152.0,62.22],[-152.14,62.36],[-151.17,62.5],[-150.85,62.41],[-149.83,62.98],[-149.76,62.9],[-150.08,62.67],[-149.62,62.34],[-149.8,62.26],[-149.69,61.78],[-148.73,61.83]]],[[[-147.04,61.94],[-147.0,62.36],[-147.38,62.52],[-147.2,62.67],[-144.57,62.88],[-144.52,62.71],[-144.24,62.64],[-143.6,62.71],[-143.5,62.55],[-144.12,62.57],[-144.57,62.41],[-144.89,61.96],[-143.54,61.36],[-142.75,61.41],[-142.64,61.35],[-142.74,61.15],[-142.18,61.12],[-142.63,61.01],[-143.46,61.3],[-143.73,61.26],[-144.54,61.64],[-145.05,61.6],[-145.67,61.88],[-147.04,61.94]]],[[[-138.58,67.49],[-138.93,67.13],[-139.06,67.29],[-139.66,67.09],[-139.68,67.29],[-141.51,67.09],[-141.73,66.96],[-141.28,66.26],[-141.35,66.07],[-141.96,65.78],[-143.25,65.64],[-143.2,65.43],[-142.47,65.38],[-142.16,65.07],[-145.49,65.67],[-145.8,65.77],[-145.64,65.88],[-145.75,65.92],[-148.13,65.95],[-148.28,65.82],[-148.03,65.74],[-148.56,65.62],[-148.02,65.52],[-148.18,65.21],[-146.47,65.02],[-146.88,64.81],[-146.98,64.54],[-145.68,64.42],[-144.68,64.06],[-144.86,63.94],[-143.93,63.73],[-143.77,63.48],[-143.03,63.48],[-141.69,62.98],[-141.35,62.67],[-141.77,62.56],[-142.58,63.19],[-144.0,63.47],[-144.15,63.67],[-145.58,63.86],[-146.09,63.66],[-146.09,63.84],[-146.67,64.07],[-148.98,64.2],[-149.13,63.92],[-149.36,64.06],[-150.28,63.77],[-150.32,64.03],[-151.36,63.45],[-151.33,63.33],[-152.7,62.97],[-153.6,62.49],[-155.32,62.05],[-155.12,61.75],[-155.19,61.63],[-154.61,61.79],[-154.35,61.45],[-154.44,61.22],[-154.12,61.09],[-153.84,61.17],[-153.83,60.9],[-154.82,60.76],[-155.18,60.49],[-154.83,60.3],[-154.14,60.3],[-154.58,60.02],[-154.32,59.78],[-155.61,59.72],[-155.81,59.96],[-155.48,60.18],[-155.62,60.39],[-156.17,60.22],[-156.74,60.4],[-157.11,60.23],[-157.91,60.22],[-158.08,60.62],[-158.38,60.64],[-158.32,60.8],[-158.92,60.72],[-158.74,60.94],[-158.2,60.94],[-158.16,61.1],[-157.59,61.4],[-158.25,61.53],[-159.19,61.48],[-159.4,61.31],[-159.57,61.48],[-159.99,61.49],[-161.06,61.14],[-161.0,61.45],[-160.52,61.55],[-160.32,61.85],[-162.02,61.42],[-162.84,61.96],[-163.33,61.99],[-163.39,62.09],[-163.05,62.38],[-163.15,62.77],[-162.71,63.07],[-162.42,63.22],[-161.23,63.16],[-160.73,63.51],[-160.96,63.62],[-160.76,63.79],[-161.01,64.26],[-160.49,64.95],[-160.98,65.19],[-161.48,64.95],[-161.38,64.77],[-162.17,64.68],[-162.79,64.33],[-162.86,64.68],[-163.89,64.79],[-163.68,65.01],[-163.35,65.02],[-162.47,64.79],[-162.17,65.13],[-161.25,65.16],[-161.15,65.61],[-160.09,65.63],[-160.11,65.82],[-159.35,65.61],[-159.13,66.04],[-159.48,66.29],[-157.2,66.53],[-157.82,66.57],[-157.39,66.7],[-158.15,66.73],[-156.94,66.84],[-157.91,67.08],[-158.75,66.86],[-160.82,66.74],[-161.09,66.77],[-161.39,67.03],[-162.26,66.99],[-162.61,67.16],[-161.42,67.5],[-160.35,67.44],[-160.35,67.24],[-160.0,67.15],[-159.91,67.7],[-159.71,67.45],[-155.16,67.02],[-151.83,67.2],[-150.01,67.12],[-150.62,66.94],[-150.45,66.84],[-150.51,66.64],[-150.87,66.41],[-150.58,66.41],[-150.6,66.28],[-152.39,65.93],[-150.4,66.16],[-150.18,66.25],[-150.26,66.39],[-149.6,66.4],[-149.24,66.53],[-149.54,66.66],[-148.59,66.99],[-147.62,67.08],[-148.41,67.2],[-148.29,67.25],[-147.06,67.11],[-146.07,67.43],[-144.69,67.5],[-143.63,67.83],[-143.89,67.61],[-143.66,67.5],[-142.85,67.71],[-141.95,68.26],[-141.51,68.24],[-141.07,68.73],[-140.79,68.59],[-140.19,68.81],[-139.37,68.67],[-139.72,68.48],[-139.3,68.35],[-138.89,68.41],[-139.15,68.48],[-138.29,68.42],[-137.91,68.29],[-138.37,67.96],[-137.47,68.05],[-137.66,67.53],[-137.28,67.59],[-137.01,67.42],[-136.79,67.49],[-136.77,67.36],[-137.01,67.28],[-136.86,67.11],[-137.12,66.92],[-137.34,67.08],[-137.65,66.98],[-137.63,67.13],[-137.87,67.31],[-137.79,67.42],[-138.58,67.49]],[[-141.1,68.19],[-141.77,68.07],[-142.17,67.72],[-141.12,67.47],[-141.1,68.19]],[[-149.46,65.27],[-149.45,65.45],[-148.91,65.59],[-150.14,65.51],[-150.26,65.64],[-150.04,65.78],[-150.46,65.92],[-152.44,65.86],[-151.33,65.64],[-152.07,65.39],[-151.2,65.22],[-149.46,65.27]],[[-153.94,64.17],[-154.04,63.77],[-154.49,63.79],[-154.55,63.63],[-155.1,63.51],[-154.21,63.44],[-153.44,63.79],[-153.4,64.07],[-152.06,64.11],[-151.52,64.38],[-152.01,64.59],[-151.94,64.71],[-152.41,64.57],[-151.84,64.35],[-153.94,64.17]],[[-152.51,66.99],[-154.06,67.05],[-154.31,66.92],[-153.18,66.82],[-152.51,66.99]],[[-153.58,65.17],[-153.31,65.36],[-152.8,65.3],[-152.9,65.43],[-152.54,65.5],[-153.02,65.58],[-153.89,65.3],[-153.78,65.49],[-154.37,65.44],[-155.15,65.01],[-153.58,65.17]],[[-155.57,66.88],[-155.2,66.98],[-157.51,67.09],[-155.57,66.88]],[[-155.65,63.58],[-156.0,63.59],[-156.16,63.22],[-156.34,63.19],[-156.11,63.15],[-155.51,63.35],[-155.65,63.58]],[[-156.11,66.36],[-156.63,66.43],[-156.2,66.1],[-155.7,66.09],[-156.11,66.36]],[[-157.38,62.56],[-156.64,62.93],[-157.17,62.96],[-157.38,62.56]],[[-156.75,66.14],[-156.82,66.32],[-157.17,66.46],[-157.86,66.35],[-156.75,66.14]],[[-160.09,64.64],[-160.19,64.48],[-159.85,64.42],[-160.15,64.22],[-158.9,64.45],[-159.04,64.71],[-158.71,64.89],[-159.13,64.83],[-159.08,64.95],[-159.37,64.99],[-159.08,65.12],[-159.1,65.29],[-159.33,65.28],[-159.88,64.9],[-159.71,64.79],[-160.09,64.64]],[[-160.06,63.92],[-160.6,63.53],[-160.14,63.53],[-160.05,63.29],[-159.69,63.45],[-160.06,63.92]],[[-162.5,62.27],[-162.79,62.0],[-162.33,62.02],[-162.04,61.83],[-161.66,62.24],[-161.65,62.49],[-162.5,62.27]]],[[[-63.83,49.64],[-64.52,49.86],[-64.15,49.94],[-62.71,49.66],[-61.67,49.13],[-62.25,49.06],[-63.57,49.38],[-63.83,49.64]]],[[[-80.71,52.67],[-82.05,53.01],[-81.82,53.17],[-81.14,53.19],[-80.71,52.67]]],[[[-61.39,56.61],[-61.72,56.67],[-61.47,56.95],[-61.39,56.61]]],[[[-70.35,59.25],[-69.76,59.23],[-69.55,58.82],[-69.84,59.06],[-69.8,58.86],[-70.02,58.8],[-70.35,59.25]]],[[[-56.08,50.74],[-56.19,50.89],[-56.11,50.68],[-56.73,50.15],[-56.92,49.75],[-56.8,49.74],[-56.85,49.58],[-56.17,50.16],[-56.15,49.98],[-55.48,49.97],[-56.2,49.58],[-55.86,49.69],[-56.14,49.43],[-55.85,49.53],[-55.66,49.39],[-55.55,49.49],[-55.59,49.37],[-55.41,49.5],[-55.31,49.35],[-55.34,49.54],[-55.17,49.54],[-55.39,49.16],[-55.34,49.08],[-55.08,49.29],[-55.1,49.36],[-54.93,49.28],[-54.86,49.41],[-54.84,49.28],[-54.48,49.56],[-54.49,49.3],[-54.06,49.47],[-53.48,49.25],[-53.61,49.04],[-54.23,48.77],[-53.86,48.84],[-53.99,48.73],[-53.63,48.69],[-54.09,48.41],[-53.84,48.47],[-53.89,48.37],[-53.46,48.62],[-53.01,48.6],[-53.21,48.35],[-53.97,48.19],[-53.94,48.08],[-53.69,48.07],[-53.83,48.0],[-53.62,48.05],[-53.87,47.8],[-53.67,47.52],[-53.31,48.01],[-52.86,48.1],[-53.29,47.62],[-53.12,47.44],[-52.93,47.55],[-52.8,47.81],[-52.66,47.62],[-53.11,46.65],[-53.63,46.64],[-53.58,47.2],[-54.21,46.83],[-53.83,47.42],[-54.18,47.86],[-54.44,47.43],[-54.63,47.37],[-54.48,47.56],[-54.87,47.38],[-55.4,46.88],[-56.0,46.96],[-54.74,47.68],[-55.15,47.58],[-55.41,47.73],[-55.42,47.48],[-55.61,47.44],[-55.65,47.55],[-56.2,47.5],[-55.63,47.69],[-55.94,47.66],[-55.82,47.78],[-55.8,47.97],[-56.08,47.7],[-56.18,47.88],[-56.18,47.64],[-56.33,47.79],[-56.35,47.62],[-56.81,47.54],[-58.37,47.65],[-58.33,47.76],[-58.45,47.64],[-59.32,47.64],[-59.41,47.92],[-58.44,48.49],[-59.24,48.54],[-58.89,48.71],[-58.91,48.56],[-58.72,48.57],[-58.38,49.15],[-57.9,48.97],[-58.15,49.09],[-57.95,49.24],[-58.27,49.32],[-58.0,49.56],[-57.73,49.47],[-57.97,49.68],[-57.69,49.82],[-57.82,49.91],[-57.38,50.6],[-57.17,50.63],[-57.42,50.7],[-56.98,50.89],[-57.1,51.01],[-56.93,51.0],[-56.69,51.33],[-55.9,51.62],[-55.69,51.48],[-55.74,51.58],[-55.43,51.57],[-55.59,51.3],[-56.08,51.35],[-55.73,51.08],[-56.08,50.74]]],[[[-14.56,66.38],[-15.18,66.11],[-14.62,65.99],[-14.89,65.76],[-14.34,65.78],[-14.27,65.67],[-14.36,65.65],[-14.56,65.49],[-14.25,65.66],[-13.61,65.51],[-13.84,65.36],[-13.74,65.31],[-14.0,65.27],[-13.57,65.26],[-14.03,65.19],[-13.5,65.07],[-14.23,65.03],[-13.7,64.92],[-14.05,64.93],[-13.77,64.86],[-14.08,64.71],[-14.51,64.8],[-14.27,64.66],[-14.49,64.66],[-14.57,64.56],[-14.34,64.6],[-14.92,64.26],[-15.3,64.33],[-16.79,63.8],[-16.97,63.78],[-16.97,63.92],[-17.0,63.79],[-17.72,63.77],[-17.97,63.67],[-17.8,63.67],[-17.93,63.53],[-18.78,63.39],[-20.2,63.54],[-20.55,63.71],[-20.31,63.73],[-20.41,63.84],[-20.57,63.7],[-20.77,63.77],[-20.6,63.76],[-20.7,63.87],[-21.18,63.88],[-21.05,63.94],[-22.69,63.8],[-22.7,64.08],[-22.05,64.04],[-21.91,64.11],[-22.04,64.16],[-21.7,64.18],[-21.93,64.23],[-21.76,64.34],[-22.1,64.31],[-21.86,64.38],[-22.04,64.39],[-21.98,64.5],[-21.51,64.64],[-22.17,64.45],[-22.44,64.66],[-22.35,64.64],[-22.19,64.73],[-22.41,64.67],[-22.41,64.82],[-23.84,64.72],[-24.06,64.89],[-23.19,65.01],[-23.11,64.92],[-22.72,65.07],[-21.82,65.03],[-21.74,65.2],[-22.56,65.17],[-21.7,65.45],[-22.23,65.42],[-22.39,65.49],[-22.11,65.59],[-22.49,65.5],[-22.56,65.63],[-22.65,65.52],[-22.76,65.62],[-22.73,65.5],[-22.95,65.61],[-23.88,65.4],[-24.54,65.5],[-24.32,65.64],[-23.81,65.53],[-24.07,65.63],[-23.8,65.61],[-24.1,65.81],[-23.57,65.61],[-23.29,65.67],[-23.54,65.71],[-23.19,65.77],[-23.87,65.87],[-23.21,65.84],[-23.82,66.01],[-23.37,65.99],[-23.67,66.11],[-23.42,66.1],[-23.6,66.14],[-23.47,66.2],[-22.82,65.91],[-22.68,66.05],[-22.65,65.82],[-22.53,65.97],[-22.46,65.83],[-22.36,65.91],[-22.49,66.03],[-22.38,66.09],[-22.99,66.23],[-22.37,66.27],[-23.19,66.35],[-22.94,66.46],[-22.43,66.46],[-22.23,66.27],[-21.75,66.18],[-21.67,66.02],[-21.34,66.01],[-21.6,65.95],[-21.29,65.92],[-21.48,65.76],[-21.34,65.73],[-21.78,65.76],[-21.31,65.6],[-21.48,65.44],[-21.2,65.43],[-21.08,65.16],[-21.09,65.45],[-20.91,65.34],[-20.93,65.59],[-20.66,65.69],[-20.64,65.54],[-20.47,65.49],[-20.29,65.66],[-20.42,66.08],[-20.09,66.12],[-19.45,65.72],[-19.45,66.05],[-18.79,66.19],[-18.07,65.64],[-18.3,66.17],[-17.91,66.14],[-17.55,65.91],[-17.14,66.21],[-16.43,66.14],[-16.56,66.49],[-15.89,66.49],[-15.69,66.22],[-15.38,66.14],[-14.93,66.38],[-14.56,66.38]],[[-16.81,63.97],[-16.5,63.94],[-15.32,64.5],[-16.2,64.69],[-16.68,64.58],[-16.64,64.7],[-17.02,64.76],[-17.7,64.6],[-18.08,64.19],[-17.83,64.06],[-17.32,64.17],[-17.43,64.01],[-17.29,63.94],[-16.8,64.07],[-16.81,63.97]],[[-18.67,64.61],[-18.49,64.74],[-18.92,64.9],[-19.13,64.79],[-19.0,64.62],[-18.67,64.61]],[[-19.5,63.62],[-19.09,63.52],[-18.85,63.6],[-18.94,63.79],[-19.5,63.62]],[[-20.3,64.44],[-19.71,64.73],[-19.95,64.82],[-20.71,64.5],[-20.3,64.44]]],[[[13.52,65.55],[14.0,65.6],[14.41,65.42],[14.02,65.38],[13.89,65.54],[13.62,65.33],[13.66,65.47],[13.48,65.47],[13.32,65.27],[13.38,65.43],[13.18,65.78],[12.89,65.97],[13.02,66.07],[12.68,66.06],[13.3,66.22],[13.83,66.16],[13.66,66.19],[13.98,66.24],[13.89,66.21],[13.89,65.82],[13.68,66.11],[13.44,65.95],[13.53,65.8],[13.28,65.8],[13.52,65.55]]],[[[14.0,66.42],[14.94,66.5],[13.98,66.24],[14.0,66.42]]],[[[28.6,58.16],[28.37,58.39],[28.8,58.41],[29.07,58.62],[29.71,58.63],[28.98,58.34],[29.14,58.14],[28.79,58.05],[28.98,57.95],[28.54,57.81],[28.38,57.93],[28.6,58.16]]],[[[149.93,45.82],[149.47,45.57],[150.24,46.21],[150.52,46.19],[149.93,45.82]]],[[[112.69,49.64],[113.09,49.6],[112.1,48.89],[112.39,49.51],[112.69,49.64]]],[[[154.77,49.59],[154.93,49.56],[154.78,49.29],[154.56,49.36],[154.77,49.59]]],[[[142.31,51.09],[141.67,51.87],[141.66,52.38],[141.89,52.56],[141.94,53.03],[141.77,53.41],[142.16,53.55],[142.47,53.41],[142.67,53.55],[142.47,53.68],[142.69,53.64],[142.77,53.84],[142.61,53.73],[142.68,53.95],[142.31,54.33],[142.61,54.25],[142.75,54.47],[143.04,54.1],[142.95,53.57],[143.24,53.34],[143.3,53.17],[143.16,53.36],[143.04,53.26],[143.41,52.71],[143.13,52.18],[143.36,51.75],[143.27,51.54],[143.46,51.53],[143.41,51.33],[143.86,50.25],[144.79,48.68],[144.12,49.29],[143.31,49.4],[143.49,49.35],[142.99,49.09],[142.56,47.92],[142.63,47.64],[143.06,47.27],[143.12,46.91],[143.53,46.84],[143.63,46.38],[143.46,46.06],[143.38,46.58],[142.8,46.59],[142.1,47.8],[142.21,48.3],[141.88,48.79],[142.1,49.23],[142.21,50.24],[142.08,50.56],[142.31,51.09]]],[[[155.51,50.0],[155.29,50.05],[155.28,50.25],[155.7,50.39],[156.01,50.75],[156.19,50.54],[155.51,50.0]]],[[[112.84,50.55],[112.7,50.18],[112.02,49.74],[111.96,49.4],[111.44,48.84],[110.96,48.71],[111.12,49.02],[110.55,49.23],[110.06,49.03],[109.91,48.63],[109.51,48.26],[109.27,48.27],[109.07,48.48],[108.12,48.11],[107.37,48.12],[107.07,48.26],[107.12,48.51],[106.86,48.61],[106.82,48.94],[106.3,49.2],[106.53,49.57],[107.89,49.76],[108.12,49.94],[108.04,50.22],[107.28,50.5],[108.25,51.08],[107.29,51.06],[108.19,51.55],[107.4,51.56],[107.46,51.73],[109.11,52.24],[110.07,52.12],[110.83,52.5],[110.64,52.65],[108.89,52.7],[107.87,52.43],[106.58,51.56],[105.52,51.07],[105.16,50.4],[103.67,50.75],[106.34,51.62],[106.67,52.37],[108.93,53.4],[108.83,53.58],[108.43,53.51],[108.93,53.91],[108.95,53.64],[109.2,53.62],[109.03,53.64],[109.56,54.19],[109.4,54.48],[109.84,55.68],[109.59,55.77],[109.15,55.58],[109.05,55.06],[108.12,53.92],[106.75,53.12],[106.92,53.03],[106.59,52.8],[105.95,52.56],[105.02,51.89],[104.28,52.3],[104.7,51.89],[103.72,51.73],[104.71,51.49],[103.37,51.49],[103.18,51.65],[103.49,52.03],[102.92,52.06],[101.5,52.84],[100.89,53.43],[98.96,53.94],[98.48,54.74],[97.67,55.11],[97.01,54.72],[95.18,54.44],[95.27,54.08],[95.03,53.78],[94.4,53.62],[93.38,53.03],[92.96,53.01],[92.91,53.35],[93.13,53.58],[92.91,54.45],[92.37,54.98],[91.83,55.2],[92.31,55.55],[92.3,55.76],[93.1,55.97],[94.48,55.41],[95.41,55.42],[95.94,55.25],[96.16,55.37],[96.3,55.88],[96.19,56.13],[96.53,56.5],[96.12,56.62],[95.96,56.94],[95.66,56.97],[95.51,56.62],[95.36,56.61],[94.73,56.93],[94.74,56.31],[94.48,56.22],[94.04,56.3],[93.84,56.9],[93.47,57.02],[92.91,56.52],[92.16,56.34],[91.97,56.04],[89.93,56.54],[89.75,56.85],[89.47,56.9],[88.17,56.96],[86.84,56.67],[85.45,57.45],[84.84,57.59],[83.79,57.48],[82.16,56.81],[80.56,56.52],[77.67,56.71],[76.13,56.55],[74.12,57.05],[71.63,56.9],[68.8,57.3],[65.7,57.38],[65.04,56.96],[63.01,56.69],[61.99,56.38],[61.09,55.41],[60.04,54.77],[58.97,54.38],[59.41,54.81],[59.11,54.55],[58.22,53.6],[57.97,52.05],[57.72,51.89],[57.34,52.27],[57.48,52.51],[57.22,52.71],[57.61,53.34],[57.0,53.68],[57.17,53.92],[57.94,54.13],[57.33,54.29],[57.45,54.87],[56.91,55.28],[56.84,55.54],[57.12,55.86],[57.82,56.03],[57.83,55.5],[58.04,54.97],[58.24,54.96],[58.87,55.24],[58.45,55.61],[59.08,55.63],[58.59,55.95],[58.89,56.07],[58.72,56.35],[58.88,56.5],[58.06,56.97],[58.09,57.23],[57.75,57.87],[57.28,57.99],[56.85,57.87],[56.46,58.08],[56.87,58.43],[56.03,58.21],[55.64,57.77],[55.38,57.81],[55.24,57.62],[53.35,57.63],[51.11,57.27],[49.89,57.53],[49.77,57.45],[50.13,57.31],[49.69,57.0],[49.0,56.89],[48.85,56.69],[47.45,56.6],[47.43,56.47],[46.6,56.36],[45.65,56.92],[45.33,56.8],[45.56,56.52],[45.23,56.35],[44.94,56.43],[44.62,56.89],[43.76,57.01],[43.34,57.28],[43.52,56.72],[43.31,56.61],[42.3,56.57],[42.04,56.82],[41.34,56.85],[41.47,57.12],[40.97,57.16],[41.03,57.25],[40.75,57.17],[41.03,56.98],[40.97,56.81],[39.85,56.98],[39.17,57.3],[38.43,57.42],[38.78,57.98],[38.39,58.19],[38.43,58.05],[38.22,58.03],[38.36,57.76],[38.21,57.53],[37.58,57.18],[37.25,57.17],[37.39,56.96],[37.15,56.79],[36.51,56.81],[35.91,57.09],[34.87,57.1],[34.73,57.45],[34.99,57.96],[34.88,58.35],[34.61,58.5],[34.04,58.37],[33.58,58.67],[32.76,58.42],[31.81,58.62],[32.14,58.68],[31.8,58.8],[31.43,58.52],[30.79,58.38],[30.82,58.52],[30.61,58.56],[30.7,58.69],[30.41,58.53],[30.13,58.63],[30.67,58.98],[29.88,58.66],[29.81,58.76],[29.98,58.84],[29.67,59.09],[29.54,59.05],[29.71,58.91],[29.59,58.74],[29.2,58.69],[29.36,58.82],[28.79,59.0],[28.81,58.85],[28.36,58.74],[28.08,58.96],[28.12,59.12],[27.87,59.1],[28.0,59.26],[28.52,59.33],[28.28,59.45],[29.08,59.32],[30.09,59.52],[30.19,59.26],[30.45,59.36],[30.16,59.54],[30.34,59.69],[30.97,59.74],[29.9,60.13],[29.12,60.11],[28.62,60.28],[28.42,60.47],[28.72,60.37],[28.53,60.53],[28.68,60.54],[28.7,60.72],[28.17,60.48],[27.17,60.58],[26.21,60.36],[25.95,60.49],[26.12,60.32],[25.86,60.4],[25.94,60.24],[25.68,60.37],[25.47,60.22],[24.56,60.16],[24.46,59.97],[24.36,60.08],[23.4,59.98],[22.94,59.8],[23.31,60.0],[22.88,60.15],[23.11,60.37],[21.32,61.05],[21.63,61.22],[21.47,61.42],[21.63,61.5],[21.48,61.57],[21.72,61.55],[21.43,61.94],[21.29,61.98],[21.47,62.22],[21.22,62.33],[21.28,62.43],[21.12,62.48],[21.24,62.59],[21.1,62.68],[21.46,63.04],[21.71,63.03],[21.56,63.25],[22.02,63.14],[22.37,63.28],[22.23,63.43],[22.43,63.42],[22.32,63.53],[22.44,63.46],[22.63,63.7],[22.86,63.6],[23.08,63.89],[23.4,63.89],[23.39,64.06],[23.64,64.06],[24.55,64.81],[25.41,64.89],[25.17,64.98],[25.45,64.96],[25.2,65.15],[25.33,65.21],[25.23,65.41],[25.34,65.48],[24.55,65.8],[24.2,65.8],[23.9,66.09],[24.14,65.82],[23.37,65.75],[23.0,65.88],[23.19,65.78],[23.09,65.7],[22.64,65.91],[22.7,65.76],[22.35,65.87],[22.37,65.68],[22.23,65.77],[22.23,65.63],[21.77,65.72],[22.2,65.55],[21.43,65.38],[21.75,65.21],[21.29,65.4],[21.59,65.16],[21.01,64.83],[21.61,64.44],[21.07,64.22],[20.68,63.78],[19.91,63.64],[19.62,63.42],[19.41,63.56],[19.01,63.19],[18.71,63.28],[18.87,63.22],[18.17,63.01],[18.52,62.96],[18.1,62.77],[17.76,63.08],[17.67,62.98],[17.95,62.7],[17.84,62.66],[18.03,62.59],[17.7,62.43],[17.31,62.47],[17.37,62.32],[17.64,62.22],[17.48,62.21],[17.29,61.84],[17.51,61.68],[17.03,61.63],[17.24,61.31],[17.08,61.3],[17.23,61.0],[17.06,60.91],[17.35,60.76],[15.92,60.18],[16.65,60.18],[16.45,60.16],[16.11,59.63],[14.48,59.2],[14.03,59.48],[12.92,59.41],[12.46,59.66],[12.65,59.42],[12.46,59.31],[12.06,59.42],[12.32,59.48],[12.23,59.98],[11.9,59.87],[11.91,59.59],[11.76,59.51],[11.39,60.0],[11.28,59.95],[11.47,59.86],[11.6,59.42],[11.53,59.36],[11.49,59.54],[11.12,59.67],[10.9,59.38],[10.75,59.92],[10.47,59.84],[10.59,59.64],[10.48,59.51],[10.37,59.69],[10.21,59.73],[10.5,59.29],[10.33,59.26],[10.28,59.05],[9.81,58.97],[9.22,59.5],[9.03,59.31],[9.44,59.18],[9.4,58.97],[8.55,58.6],[8.26,58.74],[8.18,58.41],[7.77,58.55],[7.83,58.28],[7.69,58.22],[7.42,58.48],[7.43,58.28],[7.29,58.22],[7.35,58.74],[7.47,58.56],[7.69,58.58],[7.76,58.77],[8.07,58.64],[8.1,58.86],[8.36,58.81],[8.01,59.08],[8.44,58.88],[7.83,59.25],[7.99,59.32],[7.53,59.75],[8.46,59.52],[8.48,59.66],[8.94,59.76],[8.75,59.99],[9.03,60.07],[8.67,60.28],[9.57,60.15],[9.55,60.35],[8.92,60.67],[8.03,60.51],[8.14,60.65],[8.51,60.65],[8.26,60.73],[8.84,60.72],[8.66,60.82],[9.42,60.65],[8.92,61.09],[8.52,61.15],[8.86,61.16],[9.17,61.03],[8.98,61.24],[9.43,61.02],[10.28,61.05],[9.6,61.35],[10.11,61.26],[10.1,61.5],[9.41,61.52],[9.68,61.63],[8.03,61.94],[9.34,61.84],[8.14,62.26],[9.28,62.04],[9.67,61.7],[10.23,61.59],[10.73,61.08],[11.27,60.94],[11.24,61.25],[10.87,61.62],[10.34,61.84],[10.79,61.79],[10.84,61.97],[10.44,62.17],[10.61,62.19],[10.71,62.3],[10.53,62.38],[10.83,62.32],[11.49,62.59],[12.71,62.27],[12.41,62.45],[12.93,62.48],[13.08,62.66],[12.86,62.86],[13.89,62.97],[13.63,63.0],[13.7,63.12],[13.0,63.0],[12.91,63.19],[12.81,63.05],[12.42,63.23],[12.08,63.17],[12.34,63.36],[12.24,63.41],[11.2,63.33],[11.31,63.12],[11.77,63.03],[11.66,62.9],[11.07,63.06],[11.37,62.74],[10.95,62.91],[10.44,62.8],[10.28,62.94],[9.88,62.57],[9.62,62.54],[9.93,62.78],[9.65,62.79],[9.54,63.03],[8.95,62.88],[8.66,62.97],[8.77,63.15],[9.51,63.35],[9.76,63.56],[9.94,63.41],[9.79,63.32],[10.27,63.29],[10.06,63.39],[10.94,63.44],[10.77,63.5],[10.91,63.6],[10.64,63.54],[11.44,63.79],[11.09,63.86],[11.5,64.01],[11.24,64.03],[11.32,64.11],[10.62,63.81],[10.97,63.89],[10.97,63.74],[10.43,63.56],[9.93,63.48],[9.78,63.62],[10.09,63.78],[9.53,63.64],[9.8,63.76],[9.63,63.82],[10.23,63.92],[9.96,63.91],[10.22,64.0],[9.97,63.95],[10.4,64.19],[10.3,64.27],[10.66,64.36],[10.47,64.41],[10.82,64.37],[10.67,64.45],[10.98,64.6],[11.17,64.45],[11.31,64.44],[11.21,64.31],[11.76,64.59],[11.36,64.7],[12.12,64.94],[12.46,64.88],[12.28,64.53],[13.32,65.06],[12.96,64.7],[13.39,64.79],[13.7,64.67],[14.15,64.95],[14.98,64.78],[15.14,64.9],[14.58,65.12],[15.45,64.95],[15.6,65.23],[16.0,65.37],[15.38,65.47],[15.13,65.66],[15.43,65.53],[15.87,65.52],[15.85,65.69],[16.67,65.58],[16.12,65.77],[16.66,65.74],[16.16,66.09],[16.52,65.87],[17.36,65.78],[17.13,66.18],[16.9,66.23],[17.16,66.31],[16.99,66.43],[18.87,66.51],[17.84,66.78],[17.65,67.03],[18.22,66.95],[18.2,67.13],[18.53,67.16],[18.78,66.94],[19.46,67.0],[18.06,67.59],[19.2,67.23],[19.73,67.24],[19.81,67.41],[20.56,67.3],[20.24,67.43],[20.49,67.55],[20.43,67.65],[19.48,67.84],[20.42,67.76],[20.4,67.97],[20.24,68.02],[21.09,68.05],[20.97,68.13],[21.2,68.23],[20.99,68.41],[21.4,68.34],[21.26,68.5],[21.62,68.53],[21.1,68.87],[21.97,68.88],[21.3,69.01],[21.82,69.04],[21.22,69.2],[22.25,69.11],[22.68,68.9],[23.55,69.52],[23.97,69.45],[23.92,69.68],[24.11,69.77],[24.38,69.71],[24.28,69.49],[24.41,69.43],[25.33,69.74],[26.35,69.57],[27.17,69.66],[27.43,69.93],[27.74,69.92],[27.72,69.61],[27.95,69.91],[28.26,69.98],[28.25,69.72],[28.4,69.61],[28.67,69.72],[29.18,69.64],[29.29,69.59],[29.18,69.45],[30.15,69.62],[30.09,69.5],[30.21,69.5],[29.96,69.16],[29.7,69.13],[29.87,68.97],[30.37,69.1],[32.42,68.88],[33.27,69.01],[33.17,68.63],[33.94,68.58],[33.96,68.28],[34.55,68.22],[34.0,68.14],[34.27,68.06],[34.24,67.87],[34.42,67.78],[35.0,67.8],[35.34,68.01],[35.15,68.18],[35.32,68.21],[35.46,68.13],[35.41,67.95],[35.82,67.95],[35.74,67.81],[37.96,67.44],[38.09,67.23],[39.26,67.09],[38.77,67.01],[39.58,67.07],[39.42,66.94],[39.7,66.9],[40.01,67.05],[40.13,66.85],[40.59,66.83],[39.95,66.73],[40.2,66.43],[39.89,66.22],[37.93,66.04],[35.46,66.33],[34.76,66.58],[34.33,66.53],[34.22,66.62],[34.36,66.66],[33.95,66.68],[33.99,66.81],[33.76,66.7],[33.43,66.88],[33.35,66.74],[32.56,67.08],[32.78,67.15],[31.7,67.18],[32.08,67.15],[32.35,67.01],[32.21,66.91],[33.14,66.66],[32.68,66.61],[32.97,66.56],[32.8,66.53],[33.53,66.41],[32.84,66.25],[33.92,66.2],[34.71,65.78],[34.82,65.61],[34.5,65.7],[34.53,65.36],[34.14,65.31],[34.78,64.97],[34.66,64.89],[34.95,64.76],[34.78,64.69],[35.04,64.69],[34.82,64.47],[35.46,64.25],[35.95,64.28],[36.29,63.99],[37.37,63.79],[38.01,63.92],[38.1,64.07],[37.94,64.23],[38.06,64.29],[37.82,64.44],[37.19,64.39],[36.58,64.73],[36.49,64.95],[36.87,64.98],[36.88,65.18],[38.39,64.82],[38.06,64.75],[38.04,64.58],[38.54,64.72],[38.46,64.8],[39.56,64.55],[40.14,64.6],[39.97,64.66],[40.55,64.76],[39.72,65.35],[39.79,65.58],[42.0,66.39],[42.26,66.12],[42.83,65.93],[43.71,65.87],[44.1,65.93],[44.03,66.25],[44.29,66.48],[44.86,66.55],[45.44,66.4],[46.61,66.61],[46.8,66.36],[47.05,66.34],[47.09,66.5],[47.71,66.47],[49.57,67.14],[49.97,67.1],[50.59,67.31],[51.01,67.14],[50.86,67.07],[51.06,66.96],[52.01,66.92],[52.14,66.08],[52.35,65.98],[52.64,66.1],[52.59,66.35],[53.47,66.12],[53.66,66.56],[52.41,66.78],[52.38,66.94],[52.9,66.85],[53.44,66.98],[53.63,66.84],[54.08,67.2],[54.57,67.33],[54.94,67.27],[54.78,66.86],[55.25,66.65],[55.49,66.72],[55.25,66.87],[55.61,66.9],[56.79,66.59],[58.31,66.78],[59.85,66.74],[60.57,67.18],[61.18,66.75],[60.72,66.54],[60.8,66.46],[62.22,66.78],[62.55,66.7],[61.73,66.45],[61.79,66.22],[61.65,66.08],[60.43,65.73],[60.39,65.39],[59.88,65.39],[59.49,65.7],[59.62,65.56],[59.19,65.41],[58.67,64.93],[58.9,64.54],[58.77,64.16],[59.0,64.13],[59.46,64.51],[59.37,64.77],[59.58,64.92],[61.19,64.99],[61.38,65.07],[61.48,65.47],[62.86,65.73],[63.96,66.4],[65.41,66.74],[65.27,66.56],[67.86,66.6],[71.47,66.35],[72.01,66.19],[72.24,66.28],[74.42,65.56],[75.03,65.53],[78.32,66.22],[79.9,65.93],[82.06,66.34],[84.64,66.28],[84.92,66.4],[84.93,66.75],[85.45,66.92],[84.67,67.29],[84.75,67.54],[85.41,67.73],[85.83,68.14],[86.44,68.36],[87.65,68.16],[87.93,68.22],[88.48,68.67],[89.46,68.78],[92.91,68.51],[90.5,68.25],[93.26,68.17],[92.58,67.96],[92.0,67.53],[90.7,67.36],[90.4,67.05],[92.34,67.46],[92.7,67.39],[92.13,67.07],[94.42,66.91],[94.78,66.72],[95.28,65.64],[95.53,65.45],[96.64,64.91],[97.44,64.75],[97.06,65.21],[95.56,65.85],[95.38,66.9],[94.09,67.36],[94.49,67.46],[95.97,67.15],[96.02,66.34],[96.37,66.28],[96.47,65.93],[97.18,65.6],[98.83,65.44],[98.66,65.66],[96.77,66.12],[96.67,66.28],[97.72,66.33],[97.96,66.01],[98.63,65.89],[98.69,66.07],[97.54,66.67],[97.26,67.07],[97.92,67.03],[98.47,66.52],[99.47,66.49],[100.15,65.88],[101.13,66.01],[101.12,66.21],[100.4,66.8],[98.39,67.09],[98.26,67.32],[99.19,67.3],[98.19,68.05],[96.56,68.8],[96.62,68.99],[97.82,69.03],[99.11,68.08],[99.63,67.89],[100.19,67.94],[100.0,68.21],[100.6,68.37],[100.51,68.46],[99.06,69.11],[98.56,69.41],[98.56,69.63],[99.0,69.74],[100.51,69.55],[101.28,69.78],[101.3,70.0],[100.92,70.24],[99.38,70.35],[100.36,70.68],[100.52,71.01],[100.76,71.07],[100.65,71.26],[101.13,71.27],[101.64,70.95],[101.83,70.68],[101.78,70.11],[102.13,69.92],[102.15,69.52],[102.49,69.46],[103.06,69.56],[102.8,69.8],[102.87,70.0],[103.64,70.19],[103.21,70.44],[103.38,70.59],[102.35,71.1],[108.67,70.69],[107.97,70.48],[106.42,70.45],[105.13,70.76],[104.9,70.64],[105.04,70.56],[104.41,70.4],[104.61,70.05],[103.32,70.02],[104.52,69.41],[105.3,69.45],[105.54,69.63],[105.15,70.14],[105.46,70.34],[106.0,70.2],[106.36,69.87],[106.18,69.42],[106.66,69.34],[106.41,69.2],[107.19,69.05],[108.04,69.29],[107.24,69.45],[107.99,69.98],[108.79,69.73],[109.34,69.97],[110.78,70.01],[110.75,70.2],[109.94,70.63],[110.23,70.7],[111.06,70.48],[111.65,70.68],[111.74,70.87],[111.15,70.83],[110.52,71.01],[111.57,71.32],[112.58,71.2],[114.3,71.42],[114.16,71.1],[114.33,71.02],[114.95,71.17],[115.73,71.01],[116.53,71.13],[117.26,70.83],[119.04,70.82],[119.69,70.61],[120.98,70.76],[122.11,71.3],[123.22,71.28],[122.99,70.76],[123.35,70.69],[124.34,70.74],[125.25,70.58],[125.91,70.86],[126.59,70.69],[127.08,70.86],[127.96,70.86],[128.11,70.57],[127.63,70.23],[128.06,70.03],[128.06,69.82],[128.9,69.69],[128.08,69.27],[128.27,69.05],[128.2,68.96],[126.47,68.5],[126.57,68.33],[126.85,68.32],[127.97,68.48],[128.34,68.29],[127.24,68.22],[128.14,68.06],[127.82,67.85],[127.05,68.03],[126.65,67.93],[127.68,67.61],[126.94,67.29],[127.16,66.95],[126.95,66.86],[127.56,66.24],[127.07,65.98],[128.44,65.95],[128.4,65.76],[127.71,65.54],[128.32,65.37],[127.57,65.2],[128.57,64.9],[128.39,64.56],[128.56,64.47],[128.96,64.53],[129.27,64.36],[129.86,64.54],[129.96,64.33],[130.52,64.49],[130.92,64.35],[131.52,64.43],[131.43,64.19],[132.05,64.27],[132.01,64.09],[132.78,64.25],[132.89,64.08],[133.49,63.95],[134.07,64.11],[134.38,63.83],[135.45,63.67],[135.74,63.83],[135.69,63.99],[135.29,64.12],[134.85,64.72],[133.67,65.04],[133.36,65.31],[133.38,65.47],[132.78,65.45],[133.09,64.78],[133.08,64.57],[132.83,64.6],[132.42,65.61],[132.59,65.78],[132.27,66.06],[131.38,66.0],[131.83,65.43],[131.29,65.1],[130.69,65.31],[131.03,65.59],[130.91,65.7],[130.0,65.53],[129.74,65.71],[129.64,65.92],[129.94,66.16],[129.79,66.31],[128.83,66.27],[129.58,66.85],[129.66,67.23],[129.49,67.43],[130.01,68.08],[131.22,68.37],[130.9,68.53],[131.22,68.91],[130.81,69.0],[131.2,69.14],[131.16,69.37],[131.38,69.69],[131.15,69.82],[131.35,69.96],[132.95,70.39],[135.12,70.28],[134.98,70.2],[135.11,70.1],[136.25,69.79],[135.16,69.42],[135.71,69.33],[136.0,68.97],[136.43,69.06],[136.43,69.22],[137.1,69.31],[136.95,69.51],[138.29,69.54],[139.54,68.71],[139.67,68.35],[140.47,68.08],[141.15,68.35],[141.61,68.1],[142.58,68.53],[141.79,68.87],[140.61,68.73],[140.92,68.95],[140.85,69.06],[140.12,68.99],[140.44,69.24],[139.81,69.39],[140.92,69.83],[141.26,69.8],[141.15,69.46],[141.83,69.68],[141.89,69.32],[142.2,69.23],[143.04,69.46],[144.34,69.39],[145.9,69.56],[146.87,69.38],[147.61,69.63],[149.13,69.54],[149.98,69.79],[151.1,69.74],[151.73,69.87],[153.37,69.6],[154.85,69.05],[155.65,68.92],[158.82,68.89],[160.61,68.59],[161.81,68.94],[161.79,69.43],[162.05,69.51],[162.22,69.42],[162.18,69.15],[163.0,69.25],[164.24,68.99],[165.01,69.09],[165.3,69.03],[165.36,68.86],[165.09,68.66],[165.25,68.61],[166.05,68.67],[166.63,68.43],[167.55,68.45],[167.82,68.32],[167.79,68.16],[168.73,68.1],[168.19,67.78],[168.64,67.5],[169.76,67.33],[169.92,67.11],[167.94,67.08],[167.38,67.28],[167.0,67.64],[166.02,67.54],[165.65,67.77],[164.59,67.98],[163.01,67.93],[163.39,67.43],[163.91,67.43],[164.01,67.64],[164.21,67.67],[165.22,67.22],[166.49,67.17],[165.86,66.98],[166.12,66.78],[169.0,66.88],[169.22,66.71],[167.64,66.49],[166.7,66.59],[166.41,66.36],[165.69,66.42],[165.44,66.2],[164.84,66.55],[163.94,66.4],[163.11,66.64],[162.85,66.46],[162.48,66.81],[162.1,66.87],[162.59,66.97],[162.44,67.08],[161.01,67.12],[160.93,67.05],[161.5,66.76],[161.29,66.53],[161.38,66.39],[160.79,66.52],[160.57,66.43],[161.35,66.16],[163.17,65.92],[164.35,66.2],[164.52,66.15],[164.02,65.91],[164.97,65.87],[165.42,66.07],[165.74,65.93],[165.1,65.66],[165.33,65.38],[164.45,65.47],[164.12,65.22],[163.9,65.35],[164.24,65.56],[162.43,65.57],[162.29,65.4],[162.85,65.42],[162.91,65.18],[163.17,65.04],[161.79,64.89],[162.6,64.61],[162.29,64.43],[162.71,64.0],[162.59,63.83],[162.12,63.85],[162.29,64.0],[162.05,64.11],[161.48,63.93],[161.72,64.19],[161.32,64.2],[160.74,63.78],[158.84,63.28],[158.27,62.9],[156.22,63.03],[156.82,62.66],[156.14,62.57],[156.18,62.39],[155.68,62.27],[156.3,62.11],[156.17,62.02],[155.53,61.96],[155.09,62.12],[155.05,62.3],[155.65,62.71],[155.41,62.97],[155.61,63.11],[155.26,63.3],[155.17,63.65],[154.95,63.75],[154.18,63.71],[154.7,63.44],[154.38,62.99],[154.62,62.59],[154.21,62.39],[154.84,62.0],[154.55,61.86],[153.75,61.94],[153.76,61.49],[152.91,61.5],[152.58,61.3],[153.64,60.78],[154.14,61.27],[154.63,60.94],[154.76,61.45],[154.95,61.46],[155.21,61.16],[155.51,61.18],[155.57,61.36],[155.15,61.73],[155.24,61.78],[156.28,61.51],[156.49,61.2],[155.99,60.95],[155.93,60.73],[155.0,60.4],[154.44,60.05],[154.43,59.86],[154.22,59.84],[154.35,59.61],[154.11,59.46],[154.98,59.45],[155.19,59.17],[154.32,59.21],[154.07,59.03],[153.78,59.24],[153.39,59.24],[153.35,59.07],[152.72,58.86],[152.26,59.06],[152.0,58.85],[151.28,58.81],[151.01,59.12],[152.25,59.22],[151.61,59.31],[151.36,59.56],[150.68,59.41],[149.54,59.76],[149.09,59.65],[149.23,59.44],[148.76,59.5],[148.73,59.38],[148.98,59.37],[148.95,59.23],[148.44,59.23],[148.37,59.39],[148.14,59.39],[148.11,59.62],[146.48,59.77],[146.0,59.67],[145.58,59.37],[142.67,59.28],[140.71,58.3],[140.32,57.77],[138.44,56.85],[138.12,56.57],[138.27,56.46],[136.51,55.62],[136.2,55.34],[135.32,55.02],[135.28,54.76],[135.9,54.58],[136.63,54.71],[136.85,54.61],[136.68,53.93],[136.79,53.76],[137.2,53.86],[137.3,54.0],[137.19,54.2],[137.7,54.33],[137.33,54.09],[137.82,53.96],[137.21,53.59],[137.3,53.52],[137.86,53.56],[138.58,54.02],[138.6,53.83],[138.23,53.49],[138.51,53.58],[138.77,53.99],[138.65,54.33],[139.2,54.16],[139.76,54.33],[140.34,53.81],[141.41,53.29],[141.4,53.12],[141.19,53.03],[140.67,53.13],[141.22,52.9],[141.27,52.63],[141.11,52.42],[141.6,52.27],[140.61,51.27],[140.73,51.09],[140.49,50.52],[140.55,50.09],[140.68,50.05],[140.43,49.9],[140.54,49.51],[140.25,49.06],[140.49,48.96],[140.25,48.83],[140.19,48.48],[139.62,48.07],[139.06,48.1],[138.55,47.88],[137.38,46.68],[136.65,46.42],[135.9,45.63],[135.57,45.53],[135.62,45.9],[136.45,46.44],[136.23,46.63],[136.25,46.81],[136.82,47.22],[136.66,47.7],[137.14,48.07],[137.06,48.53],[137.69,49.0],[137.48,49.54],[137.89,50.05],[137.03,50.43],[135.64,49.82],[135.34,50.01],[136.03,50.41],[135.55,50.51],[135.1,50.36],[134.83,50.64],[133.99,50.54],[134.03,50.23],[134.78,50.13],[134.3,49.38],[133.9,49.36],[133.81,49.74],[133.5,49.9],[132.4,49.26],[131.38,49.17],[131.32,49.5],[131.85,50.41],[131.18,51.0],[131.6,51.78],[131.0,52.09],[132.38,53.08],[131.91,52.78],[131.98,52.96],[131.84,53.04],[129.0,53.55],[128.02,54.09],[128.01,53.95],[127.68,53.87],[126.79,54.28],[126.11,54.18],[123.7,54.53],[122.68,54.37],[121.67,54.51],[120.48,53.82],[120.43,53.49],[119.95,52.95],[120.08,52.71],[120.52,52.71],[119.52,51.91],[118.98,51.7],[118.27,51.75],[117.82,51.51],[117.35,51.58],[116.8,51.34],[116.3,51.58],[115.95,51.48],[115.9,51.58],[116.36,52.02],[117.35,52.76],[116.77,52.89],[116.62,53.16],[116.42,53.18],[116.1,53.01],[115.67,52.4],[115.2,52.17],[114.24,52.14],[113.87,52.06],[114.57,52.12],[114.33,51.9],[114.34,51.27],[112.84,50.55]],[[110.05,54.65],[110.8,55.66],[110.62,55.88],[110.13,55.88],[110.02,55.64],[110.15,55.12],[109.65,54.6],[109.67,54.2],[109.91,54.23],[110.05,54.34],[110.05,54.65]],[[109.76,53.0],[110.49,53.23],[112.31,54.45],[112.45,54.65],[112.27,54.95],[112.5,55.22],[112.07,55.36],[112.18,55.61],[111.63,55.46],[111.78,55.1],[111.64,54.56],[111.19,54.58],[110.67,53.89],[110.0,53.69],[109.26,53.03],[109.76,53.0]],[[132.44,54.81],[131.72,54.94],[132.06,55.42],[133.25,55.53],[133.63,55.41],[133.18,55.31],[133.37,55.32],[136.15,55.83],[136.26,56.05],[133.78,55.72],[133.2,55.95],[133.16,56.06],[133.51,56.4],[133.28,56.5],[132.59,55.95],[132.13,55.96],[132.0,56.1],[132.11,56.32],[131.86,56.37],[131.26,56.02],[130.93,56.0],[130.86,56.1],[131.1,56.39],[130.77,56.4],[130.41,56.26],[130.45,55.91],[130.2,55.76],[129.53,55.82],[129.71,56.14],[129.53,56.2],[129.32,55.97],[128.49,55.67],[128.71,55.51],[129.61,55.62],[130.26,55.38],[131.26,55.56],[131.28,55.13],[130.23,54.21],[130.11,53.91],[130.37,53.67],[131.31,53.61],[130.79,54.05],[131.47,54.67],[132.44,54.81]],[[137.76,57.02],[136.71,56.22],[139.07,57.9],[137.76,57.02]],[[134.19,52.78],[133.94,52.89],[133.75,52.68],[133.21,52.77],[133.35,52.49],[133.76,52.37],[133.42,52.05],[134.28,52.2],[134.43,51.97],[135.07,52.09],[134.99,52.33],[135.35,52.65],[135.18,52.9],[135.45,53.16],[134.98,53.56],[135.11,53.99],[135.58,54.27],[134.52,54.24],[134.65,54.03],[134.44,53.8],[134.62,53.53],[134.39,53.25],[134.56,53.05],[134.19,52.78]],[[135.05,51.3],[135.05,51.55],[134.41,51.58],[133.21,51.07],[135.05,51.3]],[[126.73,69.4],[127.02,69.79],[126.32,68.99],[127.48,68.97],[127.24,69.37],[126.73,69.4]],[[127.65,64.9],[126.74,65.09],[126.75,64.88],[126.95,64.66],[127.31,64.51],[127.53,64.67],[127.46,64.82],[127.65,64.9]],[[140.1,59.78],[139.93,59.63],[140.02,59.29],[139.83,58.81],[140.3,58.82],[140.38,59.17],[140.66,59.38],[140.41,59.75],[140.1,59.78]],[[139.79,58.46],[139.86,58.56],[139.61,58.63],[138.61,58.33],[138.52,58.12],[138.97,58.11],[139.79,58.46]],[[138.0,57.41],[138.46,57.75],[138.25,57.84],[137.59,57.52],[138.0,57.41]],[[137.06,57.05],[136.73,57.19],[136.55,57.01],[137.19,56.89],[137.6,57.1],[137.47,57.23],[137.06,57.05]],[[132.42,57.33],[132.65,57.59],[132.42,57.79],[131.54,57.64],[132.42,57.33]],[[126.14,56.82],[125.8,56.38],[126.44,56.33],[126.55,56.64],[128.02,57.0],[128.25,57.13],[128.17,57.24],[128.76,57.33],[130.8,58.19],[129.95,58.31],[129.0,57.93],[127.89,57.72],[127.5,57.32],[126.74,57.21],[126.59,56.9],[126.14,56.82]],[[126.29,58.09],[126.04,57.9],[126.45,57.77],[126.81,58.07],[126.29,58.09]],[[125.48,58.4],[125.52,58.25],[126.23,58.24],[126.23,58.41],[125.7,58.55],[125.48,58.4]],[[125.22,57.44],[125.61,57.56],[125.41,57.71],[124.79,57.75],[124.62,57.6],[125.22,57.44]],[[124.33,56.12],[124.72,56.44],[124.44,56.94],[124.06,56.9],[123.09,57.39],[121.92,57.21],[123.44,56.53],[124.22,56.36],[124.33,56.12]],[[122.02,70.32],[121.28,70.38],[120.85,70.23],[121.35,70.09],[122.02,70.32]],[[120.76,58.14],[120.99,58.33],[120.28,58.43],[120.2,58.11],[119.88,57.93],[119.95,57.57],[119.72,57.47],[119.6,57.51],[119.61,57.88],[119.02,57.95],[119.39,57.56],[119.5,57.06],[119.88,57.0],[120.92,57.64],[120.68,57.82],[120.76,58.14]],[[118.99,56.01],[119.09,56.37],[119.28,56.49],[119.44,56.39],[119.41,55.95],[119.83,55.88],[120.61,56.05],[120.75,56.24],[120.09,56.44],[120.34,56.79],[118.89,56.89],[118.06,56.52],[116.5,56.18],[116.21,55.95],[116.45,55.86],[117.92,56.21],[118.99,56.01]],[[120.1,70.12],[120.32,70.24],[119.88,70.35],[119.72,70.22],[120.1,70.12]],[[116.65,56.7],[116.45,56.51],[116.6,56.44],[117.72,56.81],[117.89,57.11],[118.52,57.56],[118.27,57.64],[117.75,57.43],[117.86,57.78],[117.56,57.79],[116.76,57.5],[116.77,57.37],[117.52,57.24],[117.4,57.12],[116.46,57.13],[115.8,56.85],[116.28,56.54],[116.65,56.7]],[[117.14,55.48],[118.11,55.63],[118.21,55.82],[116.89,55.58],[117.14,55.48]],[[117.51,54.86],[117.48,54.55],[118.07,54.69],[117.84,54.79],[117.96,55.02],[117.51,54.86]],[[117.92,53.66],[117.99,53.84],[117.23,54.06],[117.03,53.63],[117.39,53.51],[117.92,53.66]],[[116.27,53.94],[116.14,53.68],[116.41,53.68],[116.99,54.32],[116.27,53.94]],[[116.05,70.63],[116.46,70.73],[116.16,70.89],[115.4,70.85],[115.29,70.72],[116.05,70.63]],[[115.72,59.51],[115.45,59.37],[115.56,59.24],[116.41,59.38],[115.72,59.51]],[[114.01,57.69],[113.89,57.45],[114.25,57.25],[114.04,57.01],[112.38,57.18],[112.26,57.07],[112.66,56.84],[112.52,56.6],[112.3,56.58],[111.84,56.9],[111.17,56.66],[111.48,57.16],[111.38,57.18],[110.51,56.76],[111.1,57.34],[110.89,57.4],[110.4,57.02],[109.57,56.87],[109.06,56.2],[109.64,56.22],[110.28,56.48],[111.11,56.27],[111.92,56.34],[112.15,56.2],[113.67,56.43],[112.91,56.24],[112.65,55.98],[112.05,56.06],[111.94,55.92],[112.6,55.69],[113.25,55.75],[113.78,55.93],[114.83,56.68],[114.65,57.02],[115.95,57.41],[115.07,57.4],[114.01,57.69]],[[115.81,53.96],[114.92,53.84],[114.39,53.21],[114.89,53.23],[115.81,53.96]],[[115.79,58.95],[114.94,59.43],[114.69,59.32],[114.72,59.13],[114.54,58.95],[115.79,58.95]],[[115.3,52.89],[115.54,53.11],[115.36,53.15],[115.11,52.99],[115.3,52.89]],[[115.12,55.4],[115.22,55.47],[115.02,55.73],[114.74,55.5],[115.12,55.4]],[[115.15,56.04],[112.5,55.56],[112.95,55.33],[114.22,55.51],[115.15,56.04]],[[114.66,54.31],[114.82,54.56],[114.23,54.5],[114.09,54.24],[114.66,54.31]],[[114.49,54.81],[114.69,55.02],[114.25,54.99],[114.15,54.8],[114.49,54.81]],[[113.98,55.17],[113.81,55.26],[113.46,55.21],[113.48,55.05],[113.89,55.03],[113.98,55.17]],[[113.64,69.55],[113.03,69.57],[113.14,69.31],[113.69,69.2],[113.93,69.36],[113.64,69.55]],[[113.12,54.84],[112.94,54.7],[113.23,54.6],[113.56,54.86],[113.12,54.84]],[[111.91,58.67],[111.77,58.29],[111.48,58.1],[110.92,58.06],[110.7,57.81],[110.98,57.67],[111.74,57.94],[112.3,58.3],[112.36,58.51],[111.91,58.67]],[[111.97,69.33],[111.96,69.6],[111.51,69.86],[111.01,69.84],[111.65,69.32],[111.97,69.33]],[[111.51,55.77],[111.53,56.01],[111.2,56.03],[111.11,55.88],[111.51,55.77]],[[110.31,69.58],[109.14,69.41],[108.99,69.2],[110.53,69.21],[110.91,69.36],[110.31,69.58]],[[103.09,52.62],[103.87,52.34],[105.43,53.01],[105.08,53.12],[105.0,53.33],[103.85,53.31],[104.41,53.73],[103.36,54.14],[103.19,54.39],[102.73,53.99],[102.24,53.97],[102.05,53.8],[102.77,53.51],[102.66,53.09],[103.09,52.86],[103.09,52.62]],[[101.78,54.04],[102.17,54.1],[102.31,54.28],[101.99,54.53],[101.41,54.27],[101.78,54.04]],[[99.22,55.09],[99.14,54.98],[100.24,54.48],[100.67,54.5],[100.43,54.79],[100.82,54.86],[100.63,55.0],[99.22,55.09]],[[94.49,65.19],[94.89,65.38],[94.53,65.59],[94.55,66.06],[93.94,66.65],[93.59,66.85],[91.68,66.8],[93.52,66.43],[93.5,66.04],[93.85,65.71],[93.65,65.31],[94.49,65.19]],[[158.15,64.5],[157.76,64.46],[157.63,64.25],[157.95,63.73],[157.61,63.48],[157.65,63.35],[158.56,63.36],[159.31,63.83],[160.83,64.27],[161.01,64.54],[160.45,64.62],[160.75,64.84],[160.3,65.05],[160.34,65.21],[159.72,65.31],[159.36,65.19],[159.87,64.36],[159.69,64.21],[159.48,64.26],[159.36,64.59],[159.07,64.57],[158.95,64.31],[158.7,64.21],[158.15,64.5]],[[157.64,65.79],[157.53,65.73],[158.57,65.48],[158.82,65.6],[157.64,65.79]],[[158.45,65.99],[157.44,66.24],[157.66,66.47],[156.96,66.4],[156.6,66.58],[155.0,66.34],[156.9,66.2],[157.26,65.92],[158.45,65.99]],[[157.08,63.54],[157.26,63.63],[156.77,63.79],[156.59,64.04],[156.35,64.03],[156.24,63.72],[156.5,63.45],[156.34,63.24],[156.64,63.11],[157.25,63.34],[157.08,63.54]],[[157.24,64.53],[156.78,64.61],[156.39,64.41],[155.9,64.58],[155.82,64.34],[156.11,64.14],[156.93,64.26],[157.24,64.53]],[[155.63,65.92],[155.4,66.06],[154.35,65.94],[154.75,65.82],[155.63,65.92]],[[153.86,66.66],[153.56,66.8],[152.96,66.4],[152.99,66.26],[153.64,66.36],[154.26,66.2],[155.0,66.64],[153.86,66.66]],[[152.23,62.46],[152.04,62.14],[152.34,62.02],[152.63,62.19],[153.3,62.2],[153.39,62.3],[153.25,62.43],[152.23,62.46]],[[152.71,61.83],[152.69,61.67],[153.0,61.62],[153.39,61.92],[153.12,62.03],[152.71,61.83]],[[151.72,61.27],[151.41,61.42],[151.13,61.12],[152.7,60.7],[152.96,60.79],[151.94,61.41],[151.72,61.27]],[[152.68,60.14],[152.86,60.28],[152.86,60.59],[151.36,60.62],[150.9,60.35],[150.99,60.25],[151.69,60.33],[152.68,60.14]],[[150.99,61.45],[151.33,61.73],[150.95,61.81],[150.48,61.48],[150.99,61.45]],[[150.1,61.02],[149.72,60.97],[149.63,60.67],[149.1,60.4],[149.61,60.08],[150.21,60.16],[150.67,60.63],[150.1,61.02]],[[144.21,66.88],[144.09,66.47],[147.22,65.7],[147.33,65.37],[147.81,64.89],[148.5,64.93],[149.18,65.27],[149.32,65.07],[148.66,64.67],[149.07,64.6],[150.28,64.97],[149.59,65.33],[149.73,65.73],[148.97,65.82],[148.88,66.02],[147.16,66.2],[145.79,66.83],[145.1,66.98],[145.49,67.4],[144.99,67.33],[144.66,67.49],[144.28,67.28],[143.98,67.53],[143.55,67.26],[144.21,66.88]],[[149.29,62.98],[149.32,62.78],[149.9,62.87],[149.22,63.29],[148.9,63.25],[149.29,62.98]],[[148.77,68.77],[149.6,69.05],[149.09,69.21],[148.69,69.12],[148.12,68.75],[148.44,68.52],[148.77,68.77]],[[148.44,68.28],[147.55,67.82],[148.28,67.58],[148.48,67.36],[148.91,67.5],[148.82,67.78],[149.36,67.96],[148.44,68.28]],[[148.83,61.01],[148.51,60.9],[148.95,60.59],[149.27,60.7],[148.83,61.01]],[[146.98,62.86],[148.06,62.58],[148.35,62.7],[148.0,62.94],[146.98,62.86]],[[147.58,61.47],[146.67,61.29],[146.09,61.39],[146.04,61.26],[146.49,61.0],[145.48,60.51],[145.65,60.38],[147.02,60.77],[147.39,60.63],[148.28,61.0],[147.96,61.27],[147.51,61.14],[147.39,61.28],[147.58,61.47]],[[144.51,65.46],[144.28,65.56],[144.38,65.87],[144.23,65.94],[143.6,65.88],[143.94,65.34],[143.48,64.97],[143.96,64.48],[145.0,64.45],[144.7,64.13],[146.39,64.04],[146.48,63.96],[146.36,63.83],[145.83,63.76],[146.44,63.61],[146.36,63.44],[147.25,63.15],[147.87,63.27],[147.56,63.69],[147.94,63.98],[147.75,64.42],[146.39,64.85],[146.55,65.41],[145.2,65.76],[144.51,65.46]],[[147.36,61.81],[146.38,62.29],[146.07,62.25],[146.84,61.63],[147.36,61.81]],[[143.01,62.27],[143.01,62.49],[142.73,62.81],[141.91,62.99],[140.63,62.77],[140.59,62.89],[141.15,63.21],[140.96,63.27],[137.38,62.67],[137.47,62.52],[139.21,62.41],[138.44,62.3],[138.48,62.11],[139.29,62.05],[139.46,61.88],[138.32,61.48],[138.21,61.35],[138.37,61.23],[139.67,61.46],[140.0,61.62],[140.53,62.26],[140.77,62.3],[140.9,62.17],[140.55,61.97],[140.65,61.83],[140.86,61.8],[141.28,62.07],[141.18,61.66],[141.76,61.42],[142.04,61.52],[141.84,61.89],[142.03,61.99],[142.43,61.88],[142.59,61.62],[143.0,61.94],[143.02,61.63],[143.31,61.47],[143.59,61.59],[143.54,61.94],[144.08,61.9],[144.01,62.11],[144.84,62.02],[144.41,61.84],[144.18,61.35],[144.38,61.26],[144.67,61.51],[144.8,61.48],[144.67,61.33],[144.77,61.26],[145.47,61.21],[145.85,61.52],[145.53,62.29],[146.14,62.56],[145.29,63.05],[145.07,62.95],[145.42,62.46],[144.02,62.37],[143.48,62.58],[143.35,62.28],[143.01,62.27]],[[143.21,64.38],[142.89,64.2],[143.45,63.68],[144.35,63.45],[144.83,63.55],[144.08,63.99],[144.21,64.18],[143.21,64.38]],[[142.21,67.48],[142.96,67.74],[142.19,67.77],[141.37,67.44],[141.29,67.25],[141.4,67.1],[141.99,67.09],[142.26,67.24],[142.21,67.48]],[[136.93,66.4],[137.77,65.94],[138.62,65.92],[139.17,65.63],[139.22,65.36],[140.34,65.38],[140.54,64.94],[142.81,65.04],[141.62,65.6],[142.13,65.98],[141.48,66.28],[141.78,66.36],[142.69,66.18],[142.92,66.33],[140.82,66.68],[140.54,66.84],[140.6,67.24],[140.39,67.37],[139.71,67.46],[138.92,67.8],[138.58,67.99],[138.68,68.32],[137.83,68.49],[138.05,68.74],[136.61,68.72],[137.16,68.45],[137.24,68.2],[136.8,68.15],[136.01,68.43],[135.69,68.29],[135.65,68.04],[137.97,67.24],[136.93,66.4]],[[139.96,63.55],[140.97,63.97],[139.85,64.29],[140.8,64.42],[140.82,64.53],[139.88,64.7],[140.23,65.01],[140.15,65.1],[139.5,65.09],[139.09,64.85],[137.28,65.06],[137.67,65.29],[137.33,65.6],[136.53,64.45],[136.52,64.27],[136.75,64.22],[137.29,64.4],[137.21,64.24],[137.35,64.19],[138.02,64.37],[138.12,64.19],[138.71,64.28],[139.48,64.01],[138.81,63.83],[138.92,63.72],[138.59,63.46],[138.86,63.35],[138.63,63.21],[138.85,63.09],[140.45,63.32],[141.17,63.63],[139.96,63.55]],[[139.57,61.28],[138.83,60.94],[139.78,60.91],[139.73,61.06],[139.89,61.14],[140.56,60.92],[140.49,61.24],[139.57,61.28]],[[139.34,60.74],[138.94,60.74],[139.19,60.62],[139.15,60.51],[139.63,60.61],[139.34,60.74]],[[138.69,60.82],[138.44,60.8],[138.23,60.43],[138.76,60.43],[138.61,60.66],[138.69,60.82]],[[136.39,64.04],[136.31,63.79],[136.92,63.61],[137.74,63.76],[138.15,63.58],[138.42,63.8],[138.22,63.97],[136.39,64.04]],[[137.84,63.3],[136.86,63.39],[137.72,62.93],[137.97,62.99],[138.03,63.18],[137.84,63.3]],[[136.43,65.66],[137.03,65.97],[137.04,66.16],[136.48,66.23],[136.16,65.72],[136.43,65.66]],[[136.44,65.49],[136.26,65.38],[136.38,65.24],[136.74,65.46],[136.44,65.49]],[[135.41,64.28],[136.14,64.21],[136.26,64.5],[135.79,64.56],[136.25,64.81],[136.25,65.01],[135.34,64.97],[135.16,64.79],[135.44,64.47],[135.41,64.28]],[[135.73,63.61],[135.5,63.42],[135.94,63.34],[136.15,63.54],[135.73,63.61]],[[134.04,65.33],[134.05,65.18],[134.24,65.15],[134.82,65.41],[135.35,65.38],[135.69,65.82],[135.49,65.91],[134.72,65.57],[134.22,65.73],[134.04,65.33]],[[135.45,66.16],[135.31,66.36],[133.89,66.08],[134.15,65.96],[135.45,66.16]],[[133.32,69.56],[132.17,68.69],[132.33,68.43],[132.94,68.47],[133.73,68.95],[133.92,69.28],[133.85,69.5],[134.37,70.06],[133.57,70.09],[133.32,69.56]],[[58.38,66.37],[57.88,66.08],[58.34,66.15],[58.72,66.32],[58.38,66.37]],[[57.05,66.18],[58.51,66.56],[56.81,66.36],[57.05,66.18]],[[56.72,65.13],[57.17,65.05],[57.0,65.62],[56.76,65.8],[56.76,66.11],[56.24,66.4],[55.18,66.17],[55.31,66.09],[56.0,66.29],[56.44,66.0],[56.72,65.13]],[[54.32,66.17],[55.3,66.5],[54.86,66.54],[53.77,66.33],[54.32,66.17]],[[51.58,58.47],[51.41,58.68],[50.78,58.61],[51.34,58.4],[51.58,58.47]],[[47.02,56.66],[47.11,56.82],[48.11,57.02],[47.06,57.01],[46.72,57.16],[46.46,56.94],[47.02,56.66]],[[46.08,57.81],[46.46,57.72],[45.74,57.41],[46.08,57.27],[46.57,57.34],[47.6,57.78],[46.08,57.81]],[[44.96,58.16],[44.63,58.11],[44.52,57.95],[44.98,57.99],[44.96,58.16]],[[35.42,57.75],[36.91,57.42],[36.96,57.55],[35.89,57.94],[36.52,58.02],[36.23,58.05],[36.27,58.36],[35.94,58.67],[36.18,58.73],[36.13,58.83],[35.71,58.57],[36.09,58.3],[35.53,58.29],[35.5,58.09],[35.75,58.01],[35.42,57.75]],[[35.06,62.04],[34.85,62.32],[34.46,62.59],[34.78,62.31],[34.44,62.46],[34.73,62.02],[33.94,62.52],[34.62,61.9],[34.56,61.77],[34.32,61.81],[35.48,61.37],[35.69,61.13],[35.55,61.0],[35.32,61.08],[35.2,61.04],[35.03,61.13],[35.25,61.16],[34.84,61.23],[34.83,61.02],[34.88,61.09],[35.12,60.99],[35.38,61.05],[35.87,60.85],[35.95,60.92],[35.8,60.94],[36.46,61.17],[36.33,61.25],[36.43,61.4],[35.65,62.05],[35.79,62.48],[34.46,62.88],[35.02,62.42],[34.85,62.63],[35.29,62.52],[35.33,62.57],[35.59,62.26],[35.36,62.12],[35.01,62.25],[35.19,62.09],[35.06,62.04]],[[30.23,61.52],[30.35,61.44],[30.14,61.36],[30.26,61.31],[29.84,61.26],[30.02,61.15],[29.8,61.21],[30.52,60.83],[30.52,60.63],[31.16,60.03],[31.05,59.94],[31.55,59.94],[31.73,60.26],[32.57,60.19],[32.69,60.4],[32.59,60.52],[32.79,60.45],[32.95,60.64],[32.49,61.13],[31.65,61.39],[31.37,61.62],[30.84,61.77],[30.23,61.52]],[[11.7,61.61],[11.91,61.54],[11.62,61.72],[11.5,61.95],[11.62,62.08],[11.46,62.16],[11.84,62.18],[11.91,62.36],[11.45,62.5],[11.5,62.39],[11.03,62.31],[11.51,61.45],[11.7,61.61]]],[[[11.37,59.22],[11.18,59.32],[11.53,59.36],[11.37,59.22]]],[[[158.34,52.28],[158.1,52.62],[158.54,52.68],[158.35,52.6],[158.52,52.28],[158.08,51.79],[157.71,52.37],[158.34,52.28]]],[[[107.0,53.05],[106.93,53.12],[107.81,53.42],[107.73,53.27],[107.0,53.05]]],[[[137.92,55.14],[137.91,54.99],[138.22,55.03],[137.74,54.64],[137.51,54.86],[137.26,54.79],[137.58,55.2],[137.92,55.14]]],[[[165.99,55.16],[165.69,55.28],[166.23,55.28],[166.17,55.18],[166.6,54.69],[165.99,55.16]]],[[[158.62,57.08],[158.31,57.07],[158.15,57.31],[157.84,57.14],[157.99,56.84],[157.66,56.52],[157.63,56.11],[157.19,55.73],[157.31,55.47],[157.2,55.22],[157.5,55.02],[157.16,54.52],[157.47,54.31],[157.42,53.99],[157.81,53.73],[158.01,53.82],[158.28,54.66],[158.86,55.3],[159.06,55.97],[159.69,56.22],[160.28,57.01],[160.29,57.01],[160.55,57.31],[161.29,57.76],[161.09,58.09],[161.4,58.33],[161.4,58.54],[162.17,58.77],[162.9,59.48],[163.14,59.54],[163.27,59.37],[163.05,59.22],[163.17,59.06],[162.79,59.16],[163.01,59.03],[162.12,58.43],[161.89,58.01],[162.34,57.66],[162.55,57.95],[163.12,57.84],[163.18,57.63],[162.67,57.37],[161.75,57.38],[161.76,56.82],[161.32,56.61],[161.74,56.46],[162.2,56.65],[162.7,56.62],[162.76,56.8],[163.16,56.77],[163.31,56.21],[162.99,56.02],[162.55,56.23],[163.09,56.52],[163.0,56.56],[162.37,56.44],[162.44,56.25],[161.47,56.35],[161.87,56.28],[161.3,56.02],[161.44,56.01],[161.02,55.75],[160.68,55.16],[159.78,54.69],[158.62,54.47],[158.51,53.88],[159.39,53.9],[159.19,54.41],[159.73,54.31],[160.34,54.76],[161.57,54.9],[162.1,54.79],[161.72,54.51],[161.05,54.61],[160.03,54.18],[159.75,53.66],[159.88,53.67],[159.9,53.52],[159.75,53.53],[159.97,53.13],[159.77,53.28],[158.66,52.91],[158.5,53.06],[158.43,52.92],[158.61,52.9],[158.49,52.79],[158.22,52.98],[158.15,53.39],[157.88,53.45],[157.06,52.57],[157.42,52.28],[156.98,52.09],[157.14,51.82],[156.45,51.63],[156.3,52.51],[156.46,52.53],[156.21,52.62],[155.6,54.4],[155.47,55.36],[155.77,56.52],[156.03,56.84],[155.99,56.71],[156.97,57.41],[156.74,57.8],[157.26,57.74],[157.64,58.01],[158.29,57.98],[160.29,59.38],[160.31,59.18],[159.94,58.87],[160.21,58.61],[160.02,58.4],[160.24,58.15],[159.53,57.95],[159.52,57.65],[158.85,57.42],[158.62,57.08]],[[161.14,56.03],[160.99,56.42],[160.54,56.39],[160.54,56.13],[160.82,55.9],[161.14,56.03]]],[[[52.68,57.14],[52.18,56.85],[52.0,56.94],[52.32,57.18],[52.68,57.14]]],[[[31.38,57.43],[31.4,57.7],[31.15,57.4],[31.25,57.35],[30.69,57.13],[30.24,57.15],[30.39,57.36],[29.94,57.3],[30.18,57.71],[31.11,57.9],[32.03,57.72],[31.87,57.46],[31.97,57.35],[31.28,57.28],[31.63,57.42],[31.38,57.43]]],[[[164.43,59.24],[164.65,59.04],[164.6,58.88],[163.34,58.54],[163.85,58.99],[163.63,59.01],[164.43,59.24]]],[[[163.78,60.2],[164.63,60.37],[164.84,59.82],[164.38,60.11],[164.17,60.1],[164.08,59.91],[163.78,60.2]]],[[[53.83,67.28],[53.57,67.18],[53.03,67.17],[52.66,67.36],[53.64,67.56],[53.89,67.48],[53.75,67.38],[53.83,67.28]]]]}},{"type":"Feature","properties":{"biome":"Tropical & Subtropical Grasslands, Savannas & Shrublands","style":{"fillColor":"#FEAA01"}},"geometry":{"type":"MultiPolygon","coordinates":[[[[-53.19,-29.13],[-53.22,-29.02],[-53.69,-29.54],[-54.42,-29.21],[-55.13,-29.36],[-53.97,-29.6],[-53.73,-29.87],[-54.11,-30.09],[-53.27,-29.98],[-53.37,-30.18],[-53.11,-29.97],[-53.16,-30.26],[-52.81,-30.04],[-52.79,-30.2],[-52.57,-30.06],[-52.41,-30.18],[-52.34,-30.01],[-52.2,-30.18],[-52.22,-30.01],[-51.93,-29.94],[-51.88,-30.09],[-51.74,-29.95],[-52.39,-29.88],[-52.39,-29.75],[-52.08,-29.81],[-52.12,-29.65],[-51.82,-29.8],[-51.77,-29.6],[-51.09,-29.63],[-50.87,-29.91],[-50.67,-29.81],[-50.18,-29.93],[-50.9,-31.25],[-52.07,-32.18],[-52.01,-31.94],[-52.09,-31.83],[-51.85,-31.86],[-51.23,-31.46],[-51.17,-31.06],[-50.7,-30.75],[-50.73,-30.37],[-50.57,-30.47],[-50.6,-30.19],[-50.92,-30.44],[-51.29,-30.0],[-51.29,-30.29],[-51.09,-30.37],[-51.27,-30.49],[-51.29,-30.81],[-51.37,-30.63],[-51.44,-31.09],[-51.95,-31.35],[-52.03,-31.69],[-52.25,-31.84],[-52.11,-31.95],[-52.22,-31.96],[-52.25,-32.09],[-52.08,-32.05],[-52.36,-32.28],[-52.71,-33.1],[-53.42,-33.72],[-53.78,-34.4],[-54.95,-34.98],[-55.46,-34.73],[-56.16,-34.94],[-57.13,-34.46],[-57.86,-34.48],[-58.21,-34.16],[-58.44,-33.67],[-58.35,-33.13],[-58.13,-33.1],[-58.04,-32.92],[-58.2,-31.89],[-58.03,-31.77],[-58.08,-31.46],[-57.8,-30.89],[-57.88,-30.51],[-55.89,-28.37],[-55.69,-28.41],[-55.77,-28.24],[-55.36,-28.07],[-54.98,-28.16],[-54.86,-28.35],[-54.72,-28.17],[-54.57,-28.46],[-54.3,-28.38],[-54.0,-28.62],[-53.74,-28.33],[-53.5,-28.38],[-53.45,-28.16],[-53.71,-27.98],[-54.3,-28.12],[-54.31,-27.7],[-54.02,-27.96],[-53.94,-27.75],[-53.75,-27.88],[-53.37,-27.52],[-53.23,-27.94],[-52.74,-28.09],[-52.85,-27.47],[-52.64,-27.46],[-52.53,-27.77],[-52.28,-27.71],[-52.15,-28.2],[-52.62,-28.37],[-53.15,-28.3],[-53.18,-28.64],[-52.92,-28.98],[-53.19,-29.13]]],[[[-56.68,-24.12],[-56.83,-24.33],[-56.45,-24.82],[-56.45,-25.7],[-56.93,-25.87],[-56.93,-26.15],[-56.71,-26.23],[-56.06,-25.97],[-56.22,-27.19],[-55.76,-27.43],[-56.08,-27.31],[-56.3,-27.42],[-56.46,-27.96],[-57.0,-28.47],[-57.7,-28.72],[-58.1,-28.66],[-58.48,-28.95],[-58.74,-29.71],[-59.57,-30.54],[-59.42,-29.41],[-59.05,-28.72],[-58.97,-28.21],[-58.73,-27.97],[-58.77,-27.47],[-58.44,-27.28],[-58.67,-27.16],[-58.25,-26.75],[-58.15,-26.17],[-57.87,-26.01],[-57.83,-25.76],[-57.57,-25.55],[-57.62,-25.39],[-58.17,-26.09],[-58.37,-26.73],[-58.96,-27.45],[-60.0,-30.18],[-60.6,-30.64],[-60.85,-29.66],[-61.32,-29.38],[-62.33,-30.26],[-62.26,-30.69],[-62.38,-30.8],[-62.95,-30.86],[-63.54,-30.64],[-63.8,-30.29],[-64.08,-30.82],[-64.38,-30.65],[-64.27,-31.09],[-64.16,-31.05],[-64.33,-31.93],[-64.19,-32.53],[-64.34,-32.57],[-64.33,-32.28],[-64.45,-32.28],[-65.01,-33.35],[-65.23,-33.42],[-65.4,-33.29],[-65.36,-33.05],[-65.77,-32.79],[-66.12,-33.53],[-66.35,-33.62],[-66.5,-33.42],[-66.91,-33.87],[-67.41,-31.88],[-67.22,-31.07],[-67.72,-30.4],[-67.62,-30.27],[-67.3,-30.35],[-67.01,-29.74],[-67.05,-29.15],[-66.06,-28.64],[-65.91,-27.94],[-65.54,-28.49],[-65.58,-29.13],[-65.46,-28.47],[-65.81,-27.61],[-65.6,-27.17],[-64.72,-26.57],[-64.91,-25.85],[-65.16,-26.66],[-65.34,-26.72],[-65.55,-26.55],[-65.54,-26.32],[-65.02,-25.67],[-65.01,-25.25],[-65.31,-25.77],[-65.34,-25.47],[-65.63,-25.71],[-65.7,-25.41],[-65.52,-24.69],[-65.35,-24.59],[-65.26,-25.12],[-65.03,-24.83],[-65.26,-24.12],[-64.99,-24.07],[-64.06,-23.27],[-63.63,-22.19],[-63.62,-21.93],[-63.88,-21.59],[-63.81,-21.18],[-64.08,-20.91],[-64.17,-21.0],[-64.19,-20.76],[-63.92,-20.94],[-63.66,-20.82],[-63.59,-21.03],[-63.45,-20.89],[-63.45,-20.6],[-63.62,-20.48],[-63.42,-20.29],[-63.91,-20.24],[-63.75,-20.1],[-63.85,-19.84],[-63.74,-19.81],[-63.72,-20.07],[-63.61,-19.87],[-63.83,-19.4],[-63.69,-19.06],[-63.91,-19.13],[-64.0,-18.91],[-63.75,-18.93],[-63.73,-18.52],[-63.53,-18.5],[-63.64,-18.41],[-63.53,-18.19],[-63.68,-18.29],[-63.72,-18.08],[-63.44,-17.91],[-63.44,-17.54],[-62.97,-18.2],[-61.86,-17.96],[-61.81,-17.8],[-61.7,-17.97],[-60.52,-18.1],[-60.48,-17.97],[-60.74,-17.74],[-60.56,-17.54],[-60.39,-17.76],[-60.44,-17.58],[-59.98,-18.15],[-59.1,-18.62],[-58.97,-18.77],[-59.1,-18.87],[-58.89,-18.83],[-58.99,-18.91],[-58.81,-18.95],[-58.76,-19.22],[-58.62,-19.2],[-58.55,-19.68],[-58.24,-19.82],[-58.26,-20.17],[-58.15,-20.1],[-58.01,-20.59],[-58.07,-21.31],[-57.75,-21.67],[-57.58,-21.46],[-57.74,-21.42],[-57.75,-21.17],[-57.59,-21.02],[-57.4,-21.16],[-56.95,-20.36],[-57.15,-20.28],[-57.16,-19.99],[-56.9,-19.78],[-56.66,-20.14],[-56.4,-20.06],[-56.27,-20.22],[-56.12,-20.06],[-55.9,-20.34],[-55.9,-20.04],[-55.69,-20.23],[-55.1,-19.4],[-55.27,-18.94],[-55.05,-18.49],[-55.33,-18.31],[-54.87,-18.32],[-54.89,-17.96],[-56.19,-17.24],[-55.74,-17.35],[-55.05,-17.15],[-54.96,-16.68],[-55.52,-16.8],[-56.28,-16.72],[-56.17,-16.61],[-55.49,-16.67],[-55.48,-16.15],[-55.83,-16.31],[-55.62,-15.99],[-55.93,-16.18],[-56.39,-16.09],[-56.66,-16.25],[-57.55,-16.08],[-57.62,-16.1],[-57.69,-16.24],[-57.76,-16.28],[-57.15,-15.37],[-57.19,-15.11],[-56.75,-14.85],[-56.71,-14.27],[-57.18,-14.16],[-57.95,-14.5],[-58.25,-15.0],[-58.98,-14.99],[-59.77,-13.88],[-59.4,-13.68],[-59.61,-13.56],[-59.65,-12.96],[-59.94,-12.45],[-60.04,-13.19],[-60.18,-12.92],[-60.85,-12.96],[-60.58,-12.76],[-60.82,-12.72],[-60.84,-12.49],[-60.38,-12.09],[-59.96,-12.07],[-60.11,-11.74],[-59.97,-11.57],[-59.28,-11.5],[-59.14,-11.72],[-58.77,-11.55],[-58.63,-11.72],[-58.36,-11.73],[-58.33,-11.94],[-58.12,-11.93],[-58.12,-12.31],[-57.83,-12.14],[-57.67,-12.53],[-57.54,-12.43],[-57.62,-12.71],[-57.4,-12.82],[-57.58,-12.92],[-57.51,-13.03],[-56.96,-13.45],[-56.86,-13.28],[-56.6,-13.44],[-56.21,-13.03],[-56.42,-12.86],[-56.32,-12.26],[-56.68,-11.97],[-56.58,-11.72],[-56.24,-12.23],[-56.09,-12.04],[-55.89,-12.31],[-55.63,-12.31],[-55.02,-13.2],[-54.76,-13.34],[-53.87,-13.46],[-53.6,-13.31],[-53.58,-13.63],[-53.44,-13.4],[-53.22,-13.49],[-53.02,-13.3],[-52.42,-13.24],[-51.4,-12.47],[-51.04,-12.39],[-51.17,-12.18],[-50.97,-11.74],[-51.29,-11.67],[-51.21,-11.45],[-51.48,-11.4],[-51.79,-11.06],[-51.79,-10.86],[-51.24,-10.96],[-51.29,-10.74],[-50.97,-10.82],[-51.13,-10.66],[-51.02,-10.53],[-51.35,-10.37],[-51.24,-10.15],[-50.75,-10.38],[-50.36,-10.36],[-50.47,-10.17],[-50.21,-9.7],[-50.28,-9.35],[-50.02,-9.27],[-49.21,-8.26],[-49.34,-8.45],[-48.97,-8.63],[-48.98,-8.76],[-49.24,-8.69],[-49.15,-8.88],[-49.27,-8.98],[-49.38,-8.77],[-49.5,-8.9],[-49.19,-9.29],[-49.23,-9.56],[-49.49,-9.6],[-49.49,-9.37],[-49.86,-9.47],[-49.66,-9.05],[-49.81,-9.2],[-49.82,-9.07],[-50.03,-9.35],[-49.92,-9.9],[-49.61,-10.09],[-49.6,-9.82],[-49.17,-9.71],[-49.48,-9.93],[-49.14,-10.33],[-49.3,-10.63],[-49.19,-10.68],[-49.24,-11.18],[-48.84,-11.54],[-48.48,-10.98],[-47.99,-10.61],[-48.3,-9.86],[-48.27,-9.1],[-48.65,-9.11],[-48.42,-8.65],[-48.5,-8.41],[-48.38,-8.35],[-48.46,-8.16],[-48.23,-7.28],[-47.83,-6.85],[-47.85,-6.39],[-47.72,-6.0],[-47.92,-5.65],[-47.49,-5.59],[-47.94,-5.22],[-47.82,-5.0],[-47.26,-5.33],[-47.06,-5.03],[-46.89,-5.39],[-46.83,-5.2],[-46.44,-5.05],[-46.3,-5.33],[-45.52,-4.88],[-45.32,-5.05],[-45.4,-4.74],[-45.19,-4.71],[-44.81,-4.97],[-44.82,-5.45],[-44.18,-5.66],[-44.03,-5.89],[-43.85,-5.81],[-43.31,-6.04],[-43.15,-6.26],[-43.02,-5.99],[-42.85,-6.24],[-42.92,-6.4],[-42.35,-6.44],[-41.73,-5.65],[-41.54,-5.73],[-41.37,-6.36],[-41.64,-6.28],[-41.67,-6.68],[-41.56,-6.6],[-41.47,-6.72],[-41.72,-7.01],[-41.99,-7.01],[-41.82,-7.31],[-42.18,-6.91],[-42.21,-7.23],[-42.43,-7.16],[-42.87,-7.53],[-43.19,-7.5],[-43.37,-7.83],[-43.23,-7.23],[-43.63,-7.4],[-43.7,-8.25],[-43.93,-8.7],[-43.75,-8.78],[-43.69,-9.08],[-43.94,-8.97],[-44.09,-9.44],[-44.3,-9.46],[-44.41,-9.81],[-44.69,-9.98],[-44.55,-10.19],[-44.93,-10.24],[-44.81,-10.35],[-44.89,-10.62],[-44.48,-10.34],[-44.17,-10.56],[-44.0,-11.15],[-43.4,-11.97],[-43.26,-12.53],[-43.52,-12.79],[-43.93,-12.59],[-43.74,-12.45],[-43.84,-12.24],[-43.66,-12.22],[-43.48,-12.57],[-43.4,-12.44],[-43.78,-11.66],[-44.04,-11.63],[-44.43,-12.05],[-44.14,-12.01],[-44.1,-12.52],[-44.43,-12.61],[-44.3,-13.22],[-44.42,-13.25],[-44.57,-13.03],[-44.75,-13.42],[-44.52,-13.53],[-44.49,-13.86],[-44.66,-14.15],[-44.27,-14.85],[-44.61,-15.56],[-45.13,-15.94],[-44.9,-16.15],[-44.88,-16.28],[-44.62,-16.03],[-44.62,-15.82],[-44.37,-15.82],[-44.17,-15.6],[-44.08,-15.8],[-44.22,-16.12],[-43.9,-16.27],[-43.88,-16.71],[-43.57,-16.63],[-43.22,-15.83],[-43.1,-15.93],[-43.02,-15.82],[-43.12,-15.53],[-42.99,-15.63],[-42.92,-15.23],[-43.07,-15.1],[-42.83,-14.79],[-42.62,-14.93],[-42.78,-15.49],[-42.67,-16.09],[-42.49,-15.83],[-42.66,-15.65],[-42.59,-15.48],[-42.64,-15.17],[-42.64,-15.04],[-42.49,-15.01],[-42.6,-15.1],[-42.63,-15.15],[-42.47,-15.22],[-42.52,-15.43],[-42.42,-15.34],[-42.34,-15.54],[-42.27,-15.3],[-41.96,-15.66],[-42.07,-15.81],[-41.76,-15.86],[-41.92,-16.01],[-42.21,-15.77],[-42.39,-15.88],[-42.16,-16.04],[-42.25,-16.51],[-41.68,-16.59],[-41.6,-16.81],[-42.02,-16.81],[-42.02,-17.04],[-42.24,-17.03],[-42.3,-17.72],[-42.49,-17.74],[-42.65,-17.55],[-42.87,-17.86],[-42.74,-17.94],[-42.89,-17.96],[-42.62,-17.98],[-42.7,-18.07],[-42.98,-18.06],[-43.16,-17.82],[-43.46,-18.42],[-43.67,-18.0],[-43.48,-18.51],[-43.58,-18.49],[-43.69,-18.72],[-43.46,-18.62],[-43.56,-18.88],[-43.32,-19.29],[-43.45,-19.84],[-44.48,-19.88],[-44.76,-19.51],[-44.79,-19.65],[-45.02,-19.58],[-44.64,-20.01],[-44.7,-20.39],[-45.04,-20.49],[-45.05,-20.03],[-45.54,-20.27],[-45.94,-20.28],[-45.73,-20.45],[-45.71,-20.3],[-45.61,-20.48],[-45.5,-20.36],[-45.27,-20.69],[-45.46,-20.95],[-45.34,-21.13],[-45.52,-21.05],[-45.58,-21.2],[-46.95,-20.58],[-46.85,-20.92],[-47.14,-20.99],[-46.91,-21.2],[-46.78,-22.48],[-47.12,-22.79],[-47.52,-22.7],[-47.18,-22.41],[-47.33,-22.29],[-47.09,-21.28],[-47.3,-21.31],[-47.3,-21.13],[-47.39,-21.31],[-47.25,-21.72],[-47.51,-21.73],[-47.54,-21.6],[-47.65,-21.7],[-47.45,-22.12],[-47.82,-22.64],[-47.7,-22.86],[-48.61,-23.1],[-48.67,-23.2],[-48.32,-23.19],[-48.32,-23.46],[-48.95,-23.4],[-48.88,-23.54],[-48.0,-23.47],[-47.94,-23.67],[-48.87,-23.69],[-48.38,-23.93],[-48.86,-23.92],[-48.85,-24.15],[-49.21,-24.36],[-49.44,-24.26],[-50.12,-24.57],[-50.14,-24.76],[-49.63,-25.45],[-49.75,-25.53],[-49.86,-25.26],[-50.19,-25.16],[-50.16,-24.8],[-50.45,-24.44],[-50.2,-24.4],[-50.33,-24.29],[-49.96,-24.08],[-49.68,-24.21],[-49.57,-24.06],[-49.68,-23.89],[-49.31,-23.85],[-49.31,-22.94],[-49.59,-22.7],[-50.54,-22.72],[-50.96,-22.5],[-51.28,-22.58],[-51.35,-22.28],[-51.08,-22.03],[-51.03,-22.3],[-49.66,-22.52],[-49.55,-22.34],[-49.25,-22.42],[-49.44,-22.13],[-49.05,-21.9],[-48.73,-22.63],[-48.38,-22.33],[-49.13,-21.71],[-48.99,-21.23],[-48.54,-21.55],[-48.5,-21.06],[-49.03,-20.2],[-49.14,-20.45],[-48.99,-20.69],[-49.18,-20.9],[-49.25,-20.68],[-49.42,-20.84],[-50.14,-20.52],[-50.27,-20.67],[-50.39,-20.57],[-49.84,-20.08],[-49.23,-20.5],[-49.3,-19.77],[-49.58,-19.82],[-49.52,-19.62],[-49.79,-19.5],[-49.7,-19.78],[-49.92,-19.84],[-50.36,-19.66],[-50.94,-19.73],[-50.58,-19.5],[-50.56,-19.17],[-50.29,-19.06],[-50.32,-18.92],[-50.08,-18.71],[-49.9,-18.99],[-49.87,-18.82],[-49.74,-18.97],[-49.84,-18.75],[-49.73,-18.62],[-49.44,-18.8],[-49.71,-18.88],[-49.15,-18.95],[-49.34,-18.83],[-48.89,-18.42],[-48.89,-18.62],[-48.62,-18.52],[-48.62,-18.65],[-48.34,-18.63],[-47.99,-18.96],[-47.97,-18.8],[-48.48,-18.47],[-48.31,-18.22],[-48.91,-17.87],[-49.02,-18.14],[-49.28,-18.01],[-49.25,-18.51],[-49.37,-18.62],[-49.66,-18.05],[-49.87,-18.47],[-50.23,-18.17],[-50.79,-18.56],[-50.86,-18.8],[-51.19,-18.54],[-51.18,-18.78],[-50.83,-19.09],[-51.18,-19.76],[-51.11,-20.16],[-51.38,-20.22],[-51.64,-20.99],[-52.26,-21.95],[-53.3,-22.18],[-54.46,-21.59],[-54.61,-21.91],[-54.96,-21.79],[-55.08,-21.89],[-54.77,-22.41],[-55.13,-22.21],[-55.14,-22.35],[-55.55,-22.55],[-55.48,-22.73],[-55.59,-22.76],[-55.85,-22.27],[-56.07,-22.26],[-56.16,-22.74],[-57.29,-23.49],[-57.01,-23.45],[-57.2,-23.55],[-57.17,-23.74],[-56.9,-23.72],[-56.68,-24.12]],[[-44.82,-16.94],[-44.6,-16.84],[-44.75,-16.85],[-44.68,-16.45],[-44.88,-16.28],[-44.82,-16.94]],[[-43.65,-17.68],[-43.8,-17.27],[-44.23,-18.41],[-43.6,-19.26],[-44.02,-18.02],[-43.82,-18.05],[-43.68,-17.77],[-43.67,-18.0],[-43.65,-17.68]],[[-63.99,-24.36],[-64.04,-23.94],[-64.26,-23.74],[-64.57,-23.94],[-64.55,-24.42],[-64.82,-24.96],[-63.99,-24.36]],[[-44.34,-8.33],[-44.07,-8.5],[-43.75,-7.32],[-44.11,-7.47],[-44.01,-7.65],[-44.13,-7.87],[-43.94,-7.79],[-44.18,-7.96],[-44.07,-8.15],[-44.34,-8.33]],[[-44.71,-10.84],[-44.79,-11.06],[-44.3,-10.82],[-44.2,-10.92],[-44.34,-10.64],[-44.71,-10.84]],[[-45.77,-19.04],[-45.8,-18.83],[-46.13,-19.42],[-45.92,-19.37],[-45.77,-19.04]],[[-47.24,-9.11],[-47.51,-9.2],[-47.54,-8.98],[-47.68,-9.53],[-47.47,-9.51],[-47.24,-9.11]],[[-47.4,-6.3],[-47.67,-6.2],[-47.83,-6.54],[-47.45,-6.55],[-47.4,-6.3]],[[-49.87,-15.0],[-49.86,-15.4],[-50.22,-15.36],[-50.09,-15.71],[-49.72,-15.36],[-49.08,-15.15],[-49.08,-14.97],[-49.87,-15.0]],[[-50.32,-16.24],[-50.49,-16.49],[-50.58,-16.31],[-50.69,-16.43],[-50.44,-16.87],[-51.07,-16.79],[-51.28,-17.21],[-50.15,-16.88],[-49.68,-17.06],[-49.54,-16.87],[-49.59,-16.12],[-49.36,-16.33],[-49.08,-16.05],[-49.32,-15.94],[-49.44,-15.54],[-49.81,-15.56],[-49.84,-16.01],[-50.9,-16.1],[-50.83,-16.27],[-50.57,-16.15],[-50.32,-16.24]],[[-49.46,-17.9],[-49.18,-17.7],[-49.27,-17.49],[-49.53,-17.55],[-49.46,-17.9]],[[-50.3,-17.56],[-50.62,-17.45],[-51.17,-17.71],[-50.51,-17.83],[-50.3,-17.56]],[[-55.62,-17.44],[-55.28,-17.53],[-55.21,-17.4],[-55.0,-17.57],[-55.02,-17.29],[-55.62,-17.44]]],[[[-57.81,-16.31],[-57.9,-15.95],[-58.09,-15.88],[-58.21,-15.97],[-58.06,-16.18],[-58.18,-16.3],[-57.91,-16.88],[-58.22,-16.56],[-58.34,-16.81],[-58.47,-16.79],[-58.3,-16.27],[-58.53,-16.14],[-58.94,-16.11],[-59.27,-16.28],[-60.15,-16.24],[-59.82,-16.0],[-59.66,-16.21],[-59.55,-16.03],[-60.05,-15.47],[-59.87,-15.21],[-59.43,-15.25],[-59.42,-15.14],[-59.83,-14.98],[-59.78,-14.83],[-59.52,-14.91],[-59.34,-15.16],[-59.36,-15.46],[-59.16,-15.64],[-58.63,-15.47],[-58.25,-15.71],[-58.05,-15.68],[-58.07,-15.79],[-57.82,-15.55],[-57.76,-16.28],[-57.81,-16.31]]],[[[-43.44,-9.09],[-43.64,-9.11],[-43.69,-9.08],[-43.44,-9.09]]],[[[-55.0,-23.42],[-55.06,-23.55],[-55.29,-23.44],[-55.43,-23.76],[-55.21,-23.6],[-55.1,-23.71],[-55.28,-24.0],[-55.57,-23.85],[-55.79,-23.39],[-55.57,-22.88],[-55.4,-22.77],[-55.3,-22.9],[-55.41,-23.28],[-55.23,-23.04],[-54.86,-23.03],[-54.67,-23.3],[-54.8,-23.41],[-54.59,-23.42],[-54.56,-23.68],[-55.0,-23.42]]],[[[-54.23,-22.92],[-54.41,-22.85],[-54.51,-23.04],[-54.8,-22.57],[-54.32,-22.65],[-54.23,-22.92]]],[[[-55.14,-22.82],[-55.31,-22.82],[-55.38,-22.51],[-54.99,-22.4],[-54.95,-22.56],[-55.14,-22.82]]],[[[-46.03,-22.78],[-45.99,-22.62],[-46.23,-22.61],[-46.26,-22.39],[-45.92,-22.3],[-45.95,-22.56],[-45.75,-22.62],[-46.03,-22.78]]],[[[-44.49,-21.97],[-44.18,-21.66],[-44.41,-21.87],[-44.72,-21.82],[-44.82,-21.53],[-45.01,-21.74],[-45.08,-21.34],[-44.44,-21.18],[-44.34,-20.78],[-44.22,-21.03],[-43.8,-21.17],[-43.77,-21.36],[-44.01,-21.31],[-43.72,-21.4],[-43.9,-21.7],[-43.91,-21.47],[-44.35,-22.02],[-44.12,-21.98],[-44.64,-22.4],[-45.62,-22.67],[-45.16,-22.33],[-45.18,-22.11],[-45.41,-22.03],[-45.36,-21.87],[-44.81,-22.04],[-44.66,-21.91],[-44.49,-21.97]]],[[[-46.23,-22.06],[-46.58,-21.68],[-46.13,-21.94],[-46.1,-21.64],[-45.98,-21.63],[-45.86,-21.94],[-46.23,-22.06]]],[[[-49.84,-20.91],[-49.85,-21.12],[-49.53,-20.95],[-49.37,-21.03],[-49.35,-21.3],[-49.76,-21.61],[-49.82,-21.51],[-50.09,-21.58],[-50.24,-21.37],[-50.06,-20.98],[-49.84,-20.91]]],[[[-50.91,-20.76],[-50.8,-20.54],[-50.43,-20.82],[-50.42,-20.93],[-50.91,-20.76]]],[[[-44.33,-20.37],[-44.02,-20.52],[-44.1,-20.67],[-43.85,-20.87],[-44.41,-20.75],[-44.24,-20.63],[-44.33,-20.37]]],[[[-65.15,-15.86],[-64.96,-15.28],[-64.8,-15.88],[-65.05,-16.39],[-65.15,-15.86]]],[[[-59.94,-14.55],[-59.9,-14.38],[-59.52,-14.58],[-59.5,-14.78],[-59.77,-14.77],[-59.94,-14.55]]],[[[-60.38,-14.04],[-60.67,-14.25],[-60.52,-14.22],[-60.28,-14.92],[-60.83,-14.44],[-60.73,-14.01],[-60.92,-13.72],[-60.67,-13.7],[-60.38,-14.04]]],[[[-64.43,-12.45],[-64.43,-12.64],[-64.66,-12.92],[-64.64,-13.2],[-64.32,-12.5],[-64.18,-12.78],[-64.25,-12.49],[-63.95,-12.7],[-63.93,-12.98],[-63.81,-12.95],[-63.61,-13.28],[-63.36,-13.29],[-63.2,-12.82],[-63.08,-12.91],[-63.02,-13.33],[-62.89,-13.31],[-62.77,-13.87],[-62.46,-14.22],[-62.62,-14.22],[-62.68,-14.61],[-62.78,-14.23],[-63.12,-14.09],[-63.02,-13.88],[-63.31,-13.93],[-63.55,-13.68],[-63.67,-13.74],[-63.65,-13.5],[-63.86,-14.07],[-63.71,-14.39],[-63.85,-14.41],[-63.91,-14.23],[-63.93,-14.43],[-64.13,-14.17],[-63.92,-13.79],[-64.12,-13.69],[-64.52,-14.19],[-64.28,-14.97],[-64.38,-14.82],[-64.54,-14.74],[-64.7,-14.98],[-64.42,-14.83],[-64.07,-15.28],[-63.89,-15.24],[-63.92,-15.39],[-63.59,-15.71],[-64.71,-15.46],[-64.96,-14.83],[-64.99,-13.98],[-65.3,-13.55],[-65.19,-13.07],[-64.99,-12.93],[-64.97,-12.69],[-65.1,-12.64],[-65.42,-13.61],[-65.3,-14.05],[-65.27,-13.81],[-65.08,-14.01],[-65.04,-14.33],[-65.15,-14.12],[-65.18,-14.23],[-65.0,-14.45],[-64.99,-15.16],[-65.18,-15.61],[-65.21,-15.43],[-65.53,-15.85],[-65.96,-15.89],[-65.82,-15.68],[-65.74,-14.67],[-65.56,-14.48],[-65.76,-14.62],[-65.82,-14.76],[-65.9,-14.52],[-66.0,-14.74],[-66.11,-14.79],[-65.95,-14.87],[-66.28,-14.8],[-66.7,-15.0],[-66.28,-14.69],[-66.09,-14.76],[-65.99,-14.38],[-65.49,-14.22],[-65.43,-14.09],[-66.52,-14.55],[-66.9,-15.05],[-66.96,-14.66],[-67.46,-14.37],[-66.92,-13.39],[-66.95,-13.26],[-67.14,-13.5],[-66.78,-11.9],[-66.67,-12.13],[-66.79,-12.08],[-66.81,-12.25],[-66.69,-12.21],[-66.88,-12.61],[-66.78,-12.68],[-66.73,-12.42],[-66.67,-12.53],[-66.89,-13.26],[-66.58,-12.51],[-66.66,-11.61],[-66.48,-11.94],[-66.51,-12.42],[-66.44,-11.99],[-66.35,-12.11],[-66.48,-12.44],[-66.39,-12.56],[-66.18,-12.26],[-66.25,-12.06],[-66.11,-12.06],[-66.15,-12.23],[-65.95,-12.43],[-65.59,-11.99],[-65.49,-12.17],[-65.6,-11.55],[-65.36,-11.92],[-65.38,-11.53],[-65.27,-11.91],[-65.4,-12.04],[-65.2,-12.54],[-65.05,-11.97],[-64.94,-12.29],[-64.43,-12.45]]],[[[-67.81,-13.49],[-67.57,-13.49],[-67.59,-13.64],[-67.83,-13.57],[-68.02,-13.68],[-67.92,-13.72],[-68.22,-13.75],[-68.12,-13.55],[-68.05,-13.65],[-67.81,-13.49]]],[[[-62.14,-13.3],[-62.28,-13.27],[-62.27,-13.4],[-61.98,-13.42],[-61.97,-13.54],[-62.31,-13.56],[-62.44,-13.19],[-62.27,-13.11],[-62.14,-13.3]]],[[[-44.04,-13.36],[-44.14,-12.99],[-43.64,-12.86],[-43.75,-13.34],[-44.04,-13.36]]],[[[-67.7,-12.87],[-67.62,-12.87],[-68.07,-13.31],[-68.03,-13.05],[-67.7,-12.87]]],[[[-67.21,-12.59],[-67.29,-12.72],[-67.09,-12.69],[-67.27,-12.76],[-67.14,-12.8],[-67.3,-13.1],[-67.76,-13.15],[-67.56,-12.91],[-67.33,-12.96],[-67.43,-12.69],[-67.21,-12.59]]],[[[-41.7,-12.13],[-41.83,-12.6],[-41.66,-13.17],[-41.82,-13.38],[-41.97,-12.59],[-41.88,-12.2],[-41.7,-12.13]]],[[[-68.09,-12.51],[-68.08,-12.66],[-68.44,-12.91],[-68.14,-12.87],[-68.01,-12.64],[-67.87,-12.68],[-67.51,-12.39],[-67.54,-12.53],[-67.17,-12.47],[-67.76,-12.7],[-67.54,-12.72],[-67.82,-12.86],[-68.63,-13.0],[-68.09,-12.51]]],[[[-42.38,-11.76],[-42.11,-11.81],[-42.02,-12.14],[-42.25,-12.13],[-42.38,-11.76]]],[[[-66.16,-12.0],[-66.44,-11.49],[-66.38,-11.35],[-66.21,-11.47],[-66.16,-12.0]]],[[[-66.62,-11.12],[-66.2,-10.93],[-66.41,-11.27],[-66.67,-11.25],[-66.62,-11.12]]],[[[-43.77,-10.53],[-43.75,-10.15],[-43.53,-10.09],[-43.52,-10.99],[-43.76,-11.09],[-44.01,-10.88],[-43.77,-10.53]]],[[[-42.52,-10.31],[-42.73,-10.73],[-43.36,-11.09],[-43.22,-11.08],[-43.31,-11.32],[-43.43,-11.08],[-43.43,-9.87],[-43.4,-9.77],[-43.33,-10.02],[-42.98,-9.92],[-42.52,-10.31]]],[[[-48.64,-10.72],[-48.49,-10.8],[-48.9,-10.99],[-48.76,-10.38],[-48.92,-10.33],[-48.93,-10.07],[-48.82,-10.21],[-48.65,-10.13],[-48.64,-10.72]]],[[[-48.97,-9.77],[-49.09,-9.53],[-48.93,-9.37],[-48.98,-8.76],[-48.75,-8.78],[-48.82,-9.41],[-48.57,-9.6],[-48.97,-9.77]]],[[[-49.72,-8.78],[-50.12,-8.74],[-50.06,-8.08],[-49.88,-8.08],[-49.66,-8.55],[-49.72,-8.78]]],[[[-49.92,-7.6],[-49.58,-7.56],[-49.75,-7.89],[-49.99,-7.76],[-49.92,-7.6]]],[[[-51.06,-0.04],[-51.29,-0.08],[-51.54,0.19],[-51.42,0.39],[-51.24,0.32],[-51.37,0.67],[-50.89,1.46],[-50.91,2.56],[-50.72,2.1],[-50.8,1.55],[-50.59,1.26],[-50.7,1.09],[-50.76,1.26],[-51.05,0.8],[-50.76,0.67],[-50.74,0.42],[-51.06,-0.04]]],[[[-55.66,1.05],[-55.59,1.21],[-55.88,0.95],[-56.08,0.99],[-56.17,1.41],[-55.96,2.31],[-55.53,1.96],[-55.14,1.87],[-55.36,1.65],[-55.26,1.25],[-55.03,1.11],[-55.39,0.51],[-55.97,0.54],[-55.77,0.89],[-55.52,1.0],[-55.66,1.05]]],[[[-60.08,5.03],[-60.08,4.74],[-60.01,4.94],[-60.02,4.7],[-59.74,4.62],[-60.11,4.56],[-59.63,4.45],[-59.51,4.65],[-59.71,4.2],[-59.5,3.95],[-59.09,3.95],[-59.39,3.8],[-59.42,3.57],[-59.78,3.35],[-59.68,3.31],[-59.88,3.08],[-59.12,2.97],[-59.28,2.59],[-59.19,2.47],[-59.66,2.0],[-59.73,2.29],[-59.96,2.26],[-60.19,2.63],[-60.38,2.66],[-61.0,2.13],[-61.22,1.53],[-61.4,1.65],[-61.63,2.14],[-61.92,2.01],[-62.05,2.28],[-61.77,2.64],[-61.64,3.29],[-61.5,3.34],[-61.61,3.67],[-62.05,3.87],[-61.35,4.07],[-60.65,4.54],[-61.07,4.54],[-61.23,4.94],[-61.46,4.79],[-61.3,4.69],[-61.78,4.68],[-61.4,4.87],[-61.63,4.77],[-62.02,5.01],[-61.92,5.3],[-61.73,5.1],[-61.54,5.26],[-62.1,5.74],[-61.68,5.98],[-61.18,5.87],[-61.03,5.56],[-61.27,5.48],[-60.2,4.87],[-60.08,5.03]],[[-60.49,2.83],[-60.24,2.73],[-60.1,2.95],[-60.39,2.97],[-60.63,2.76],[-60.49,2.83]]],[[[-62.67,6.42],[-62.89,6.33],[-62.69,6.16],[-62.83,6.23],[-62.85,5.95],[-62.98,6.38],[-62.93,6.46],[-62.87,6.51],[-62.67,6.42]]],[[[-62.13,7.39],[-62.12,7.06],[-62.56,7.39],[-62.9,7.37],[-62.94,7.15],[-63.69,6.52],[-63.81,6.74],[-63.5,7.09],[-63.65,7.27],[-63.43,7.32],[-63.73,7.31],[-63.86,7.53],[-63.95,7.34],[-64.13,7.48],[-64.11,7.69],[-64.42,7.35],[-64.81,7.43],[-64.76,7.53],[-64.93,7.52],[-64.99,7.28],[-65.74,7.49],[-65.64,7.12],[-65.85,7.08],[-65.91,6.88],[-66.18,6.86],[-66.3,7.1],[-66.48,7.09],[-66.62,6.57],[-66.86,6.54],[-67.04,6.1],[-67.21,6.05],[-67.81,4.9],[-68.41,4.88],[-69.07,4.34],[-69.6,4.42],[-70.02,4.31],[-70.29,4.2],[-70.39,3.96],[-70.83,3.93],[-71.13,3.62],[-71.86,3.39],[-71.88,3.2],[-72.11,3.18],[-71.78,2.85],[-72.15,2.9],[-72.78,2.6],[-72.83,2.8],[-73.23,2.91],[-73.25,3.15],[-73.89,3.81],[-73.34,4.08],[-73.08,4.77],[-72.82,4.63],[-72.71,4.95],[-72.47,4.91],[-72.55,5.19],[-72.11,5.28],[-72.07,5.52],[-71.9,5.57],[-71.95,5.77],[-71.66,5.82],[-71.77,5.94],[-71.69,6.16],[-70.74,6.47],[-70.89,7.16],[-70.09,7.46],[-68.41,8.58],[-68.39,8.74],[-68.63,8.89],[-69.74,9.21],[-69.33,9.51],[-69.47,9.68],[-69.34,9.75],[-69.33,9.63],[-69.22,9.91],[-68.58,9.78],[-68.18,9.51],[-67.73,9.49],[-67.06,9.06],[-65.34,8.73],[-64.84,8.89],[-63.87,9.74],[-63.25,9.83],[-63.23,9.96],[-62.91,9.88],[-62.59,9.17],[-62.12,8.82],[-63.0,7.86],[-62.86,7.7],[-62.43,7.95],[-61.96,7.89],[-61.88,7.65],[-62.13,7.39]]],[[[-84.19,13.69],[-84.32,13.94],[-84.05,13.87],[-83.99,14.04],[-83.86,13.65],[-83.67,13.7],[-83.55,13.49],[-83.67,13.37],[-83.53,12.96],[-83.86,13.0],[-83.97,13.22],[-84.25,13.19],[-84.19,13.69]]],[[[-16.36,14.17],[-16.75,14.07],[-17.21,14.67],[-17.53,14.75],[-17.13,14.92],[-16.6,15.67],[-16.43,16.64],[-16.07,17.59],[-15.74,17.94],[-15.48,18.89],[-15.58,19.17],[-14.5,19.18],[-13.69,20.69],[-13.11,21.01],[-13.23,20.36],[-13.0,20.84],[-12.82,20.62],[-13.17,20.3],[-13.04,20.33],[-13.19,20.23],[-13.15,20.08],[-13.01,20.09],[-13.04,20.29],[-12.97,20.4],[-13.0,20.25],[-12.87,20.28],[-13.01,20.05],[-12.84,20.26],[-12.94,19.98],[-12.84,20.03],[-13.01,19.87],[-12.73,20.0],[-12.76,20.22],[-12.65,20.04],[-12.44,20.12],[-12.75,19.83],[-12.57,19.85],[-12.59,19.69],[-12.53,19.84],[-12.37,19.57],[-12.32,19.7],[-12.24,19.56],[-12.13,19.65],[-12.47,19.78],[-11.97,20.04],[-12.13,20.17],[-12.33,20.01],[-12.41,20.15],[-12.19,20.14],[-12.02,20.55],[-12.44,20.45],[-12.09,20.74],[-11.13,20.18],[-9.51,19.79],[-7.36,18.95],[-6.03,18.21],[-4.79,17.88],[-3.3,17.86],[-2.06,18.18],[-0.83,18.91],[0.18,20.14],[0.69,20.46],[1.72,20.56],[3.48,20.53],[4.43,20.29],[7.13,18.76],[8.64,18.44],[8.38,18.3],[8.37,18.09],[8.59,18.01],[8.45,17.81],[8.27,17.97],[8.21,17.87],[8.59,17.28],[8.61,17.46],[8.73,17.32],[8.94,17.4],[9.03,17.65],[9.19,17.5],[9.29,17.74],[9.94,17.17],[10.95,16.77],[13.53,16.64],[15.05,17.39],[17.26,17.84],[18.66,18.34],[19.07,18.09],[19.75,17.04],[21.94,17.42],[21.86,17.23],[22.02,17.02],[22.19,17.08],[22.35,16.81],[22.44,16.92],[22.61,16.81],[22.34,16.4],[22.64,16.42],[22.53,16.28],[22.95,15.89],[23.03,16.01],[23.12,15.93],[23.04,16.35],[23.45,16.28],[23.03,16.44],[23.4,16.71],[23.46,16.95],[23.76,17.05],[23.82,17.51],[25.01,17.51],[25.6,17.93],[30.97,17.99],[31.93,17.78],[32.53,17.92],[33.45,18.62],[32.63,19.51],[32.51,19.99],[32.95,20.44],[33.58,20.51],[34.08,20.03],[34.37,19.22],[34.82,18.66],[35.6,18.64],[36.31,19.11],[37.39,19.02],[37.41,18.87],[37.5,18.73],[37.74,18.71],[38.11,18.26],[38.38,18.2],[38.16,17.79],[37.9,17.89],[37.73,17.67],[38.35,16.23],[38.5,15.2],[38.16,14.96],[38.37,14.94],[38.27,14.75],[38.44,14.42],[39.08,14.64],[39.18,14.59],[39.25,14.41],[39.2,14.5],[39.05,14.52],[39.15,14.47],[39.15,14.34],[39.0,14.48],[39.07,14.39],[38.86,14.38],[38.94,14.29],[38.78,14.28],[38.83,14.2],[38.44,14.15],[38.41,14.28],[38.19,14.28],[38.25,14.4],[38.1,14.32],[38.27,14.15],[38.2,14.12],[38.17,13.95],[38.31,14.08],[38.5,13.84],[38.45,14.02],[38.57,14.02],[38.62,13.73],[38.69,13.99],[38.81,13.8],[38.88,14.1],[38.86,13.83],[39.13,14.1],[39.08,13.85],[39.34,14.07],[39.23,13.81],[39.29,13.79],[39.1,13.69],[39.04,13.77],[39.0,13.81],[38.68,13.7],[39.32,13.47],[39.43,13.65],[39.38,13.42],[39.07,13.44],[39.21,13.23],[39.04,13.19],[39.41,13.2],[39.18,13.03],[39.39,12.95],[39.1,12.9],[39.13,12.85],[39.35,12.81],[39.23,12.78],[39.15,12.83],[39.27,12.72],[39.15,12.76],[39.03,12.97],[39.14,12.69],[39.27,12.68],[39.27,12.4],[39.04,12.86],[39.0,12.75],[38.8,12.97],[38.92,12.61],[38.78,12.79],[38.86,12.55],[38.56,12.75],[38.55,12.61],[38.79,12.51],[38.56,12.57],[38.62,12.4],[38.48,12.44],[38.94,12.26],[38.47,12.25],[38.75,12.13],[38.65,12.04],[38.85,12.08],[38.88,11.9],[38.67,12.02],[38.52,11.83],[38.62,12.02],[38.46,12.13],[38.36,11.93],[38.45,12.2],[38.2,12.23],[38.38,12.39],[38.09,12.33],[38.21,12.61],[38.11,12.66],[37.91,12.35],[37.8,12.43],[37.87,12.66],[38.03,12.65],[37.87,12.71],[38.05,12.79],[37.91,12.9],[38.12,12.82],[38.02,13.01],[38.4,12.83],[38.3,13.03],[38.65,13.18],[38.56,13.42],[38.4,13.39],[38.62,13.52],[38.39,13.45],[38.54,13.63],[38.39,13.57],[38.38,13.68],[38.04,13.26],[37.66,13.25],[37.79,13.1],[37.65,12.9],[37.65,13.0],[37.58,13.1],[37.59,12.82],[37.21,12.66],[37.21,12.48],[37.16,12.74],[36.97,12.58],[37.02,12.29],[36.68,12.0],[36.8,11.87],[36.7,11.79],[36.89,11.89],[36.97,11.74],[36.69,11.6],[36.8,11.44],[36.57,11.22],[36.63,10.88],[36.44,10.7],[36.79,10.68],[37.02,10.37],[37.1,10.62],[37.4,10.67],[37.16,10.29],[37.44,10.13],[37.74,10.25],[37.63,10.09],[37.67,9.97],[37.8,10.05],[37.76,9.91],[37.92,10.15],[38.0,10.04],[38.09,10.22],[38.25,10.14],[38.24,10.36],[38.39,10.18],[38.44,10.52],[38.25,10.52],[38.4,10.56],[38.29,10.66],[38.44,10.6],[38.17,10.8],[38.45,10.66],[38.44,11.06],[38.16,11.12],[38.18,11.01],[38.13,11.12],[38.02,10.99],[38.09,11.14],[37.84,11.21],[37.72,11.06],[37.82,11.24],[37.62,11.44],[37.54,11.34],[37.59,11.44],[37.37,11.49],[37.39,11.55],[37.54,11.61],[37.89,11.23],[38.01,11.42],[38.03,11.21],[38.15,11.18],[38.14,11.36],[38.19,11.16],[38.46,11.1],[38.37,11.38],[38.52,11.21],[38.59,11.34],[38.38,11.58],[38.68,11.42],[38.61,11.74],[39.01,11.54],[38.69,11.6],[38.81,11.38],[38.71,11.4],[38.64,11.28],[38.83,11.25],[38.92,11.11],[38.61,11.25],[38.8,11.15],[38.81,11.07],[38.7,11.18],[38.79,11.06],[38.61,11.18],[38.49,11.08],[38.62,11.1],[38.75,11.01],[38.55,11.01],[38.67,10.86],[38.54,10.76],[38.67,10.75],[38.49,10.6],[38.82,10.7],[38.49,10.55],[38.65,10.52],[38.51,10.39],[38.69,10.42],[38.96,10.7],[39.02,10.69],[38.82,10.4],[39.0,10.51],[39.09,10.41],[39.26,10.59],[38.97,10.17],[39.23,10.27],[39.21,10.17],[39.45,10.39],[39.3,10.18],[38.82,10.04],[38.97,9.95],[39.37,10.18],[39.32,10.0],[39.45,10.15],[39.33,10.0],[39.45,9.99],[39.26,9.87],[39.27,10.09],[38.99,9.87],[39.15,9.83],[38.83,9.87],[38.92,9.7],[38.61,10.05],[38.44,9.95],[38.24,10.06],[38.09,9.93],[38.25,9.85],[38.13,9.68],[38.37,9.76],[38.74,9.44],[38.53,9.42],[38.39,9.59],[38.43,9.45],[38.21,9.67],[38.13,9.34],[38.01,9.76],[37.9,9.64],[37.67,9.76],[37.72,9.52],[37.91,9.55],[37.99,9.36],[37.78,9.45],[37.77,9.3],[37.96,9.24],[37.79,9.26],[37.88,9.13],[37.74,9.26],[37.76,9.03],[37.59,9.03],[37.71,9.16],[37.69,9.23],[37.4,9.27],[37.61,9.4],[37.5,9.53],[37.6,9.85],[37.38,9.55],[37.1,10.18],[36.79,10.0],[36.61,10.15],[36.6,9.98],[36.45,10.24],[36.34,9.89],[36.25,10.07],[36.12,9.98],[36.28,9.66],[36.35,9.81],[36.44,9.67],[36.98,9.89],[36.99,9.65],[36.88,9.61],[37.02,9.4],[36.86,9.37],[36.94,9.26],[36.38,9.12],[36.46,8.71],[36.74,8.67],[36.61,8.98],[36.89,9.02],[37.09,9.19],[37.45,8.88],[37.37,8.9],[37.41,8.84],[37.26,8.76],[37.24,8.69],[37.25,8.65],[37.81,8.5],[37.89,8.37],[37.73,8.24],[37.94,8.27],[37.67,8.16],[37.74,7.92],[37.46,7.23],[37.77,7.19],[37.72,7.0],[37.54,7.05],[37.68,6.66],[37.78,6.81],[37.78,6.78],[37.89,6.74],[38.09,7.4],[38.25,6.76],[38.48,6.78],[38.3,6.58],[38.33,6.3],[38.07,6.2],[38.25,5.72],[38.11,5.48],[38.2,5.58],[38.33,5.44],[38.5,5.74],[38.6,5.62],[38.62,5.64],[38.6,5.68],[38.65,5.65],[38.54,5.83],[38.75,5.62],[38.77,5.52],[38.8,5.62],[38.8,5.57],[38.93,5.61],[38.83,5.66],[39.0,5.65],[39.11,5.38],[39.22,5.77],[39.26,5.68],[39.38,5.96],[38.95,6.0],[38.73,6.49],[39.05,6.04],[39.01,6.17],[39.27,6.01],[39.05,6.24],[39.09,6.49],[39.26,6.06],[39.36,6.29],[39.47,6.11],[39.49,6.46],[39.91,6.52],[40.1,6.89],[40.51,6.66],[40.38,6.88],[40.56,6.91],[40.45,7.06],[40.56,7.19],[40.64,7.02],[40.71,7.06],[40.65,7.11],[40.82,7.27],[40.56,7.41],[40.78,7.44],[40.6,7.53],[39.5,7.33],[39.56,7.55],[39.78,7.54],[39.62,7.74],[39.99,7.49],[40.11,7.5],[39.87,7.71],[40.12,7.53],[40.26,7.56],[40.09,7.6],[40.25,7.69],[40.18,7.83],[39.81,7.92],[40.11,7.94],[39.85,7.98],[40.01,8.0],[39.81,8.12],[40.14,8.09],[40.01,8.31],[40.35,8.68],[40.56,8.85],[40.84,8.93],[40.81,8.73],[40.87,8.89],[41.04,8.84],[40.95,9.03],[41.27,9.26],[41.11,9.08],[41.16,8.86],[41.32,9.13],[41.31,8.86],[41.39,9.26],[41.5,9.02],[41.51,9.31],[41.54,9.1],[41.61,9.3],[41.67,9.16],[41.49,8.86],[41.58,9.0],[41.63,8.87],[41.64,9.09],[41.71,8.93],[41.73,9.2],[41.86,8.9],[41.83,9.17],[41.96,9.2],[41.85,9.31],[42.07,9.29],[42.15,9.09],[42.18,9.42],[42.44,9.29],[42.42,9.52],[42.57,9.5],[42.8,9.17],[42.71,9.5],[43.03,9.57],[42.87,9.7],[43.98,10.67],[44.37,10.4],[44.94,10.41],[45.78,10.86],[46.45,10.68],[47.26,11.11],[47.65,11.07],[46.89,10.83],[46.67,10.53],[45.96,10.62],[45.78,10.79],[45.56,10.42],[45.0,10.27],[45.22,10.08],[45.6,10.13],[46.18,10.52],[46.67,10.35],[46.86,10.46],[47.24,10.14],[47.35,10.19],[47.27,10.39],[47.46,10.33],[48.07,10.74],[48.39,10.65],[49.68,11.06],[49.84,10.84],[49.98,10.96],[49.88,11.01],[50.39,10.92],[50.39,10.76],[50.13,10.32],[50.26,10.13],[49.97,9.53],[49.94,8.98],[49.49,7.69],[49.57,7.47],[49.71,7.49],[49.13,6.54],[48.69,6.25],[48.16,5.11],[47.8,4.92],[47.6,4.5],[46.59,3.55],[46.17,3.5],[45.79,2.65],[45.54,3.27],[45.44,2.57],[45.12,2.28],[44.23,2.01],[43.71,2.12],[43.56,1.81],[43.21,1.79],[43.12,1.49],[42.91,1.43],[42.89,1.09],[42.69,1.11],[42.75,0.85],[42.32,0.28],[41.76,0.39],[42.19,0.28],[41.58,-0.36],[41.56,-0.87],[41.28,-0.96],[41.3,-1.35],[41.1,-1.51],[41.18,-1.31],[40.82,-1.31],[41.08,-1.51],[40.91,-1.58],[40.82,-1.38],[40.84,-1.63],[40.77,-1.45],[40.59,-1.77],[40.13,-1.9],[40.12,-1.89],[40.0,-2.07],[40.16,-2.64],[40.0,-2.74],[39.99,-2.56],[39.97,-2.75],[39.78,-2.8],[39.91,-2.85],[39.84,-2.95],[39.47,-3.06],[39.58,-3.16],[39.65,-3.15],[39.59,-3.26],[39.73,-3.22],[39.51,-3.31],[39.36,-4.15],[39.07,-4.23],[38.87,-4.8],[38.73,-4.75],[38.88,-4.91],[38.83,-5.02],[38.7,-5.13],[38.72,-4.83],[38.58,-5.06],[38.61,-4.88],[38.55,-4.84],[38.56,-4.79],[38.5,-4.78],[38.44,-4.63],[38.35,-4.61],[38.31,-4.43],[38.25,-4.46],[38.38,-5.13],[38.25,-5.0],[38.16,-4.81],[38.13,-5.06],[38.41,-5.26],[38.13,-5.34],[38.53,-5.34],[38.5,-5.55],[38.26,-5.43],[38.08,-5.57],[38.3,-5.5],[38.49,-5.67],[38.33,-5.76],[38.58,-5.9],[38.59,-6.18],[38.22,-6.48],[38.39,-6.54],[38.13,-6.57],[38.29,-6.64],[38.14,-6.73],[38.36,-6.77],[38.12,-6.74],[38.18,-6.94],[38.05,-7.11],[37.97,-6.86],[37.73,-7.4],[38.06,-7.54],[38.18,-7.85],[37.93,-8.3],[37.92,-8.47],[38.14,-8.5],[38.01,-8.75],[38.32,-8.5],[38.2,-8.8],[38.42,-8.61],[38.52,-8.96],[38.71,-8.75],[38.85,-8.94],[39.18,-8.82],[39.07,-8.92],[39.22,-8.9],[39.23,-9.08],[39.09,-9.16],[39.39,-9.2],[39.49,-9.48],[39.4,-9.68],[39.27,-9.58],[39.19,-9.73],[39.28,-9.95],[39.37,-9.77],[39.28,-10.0],[39.41,-10.07],[39.43,-10.13],[39.07,-10.38],[39.21,-10.43],[38.95,-10.71],[38.92,-11.17],[38.48,-11.42],[38.21,-11.33],[38.42,-11.46],[38.9,-11.48],[39.94,-12.49],[39.97,-13.28],[39.28,-13.76],[40.03,-13.85],[40.15,-14.27],[39.93,-15.11],[39.1,-16.28],[38.61,-16.64],[36.77,-17.42],[35.97,-17.92],[35.42,-17.89],[35.54,-17.99],[35.4,-17.96],[34.66,-19.16],[34.48,-19.12],[34.24,-19.71],[34.4,-20.05],[34.37,-20.51],[34.69,-21.01],[34.25,-21.16],[34.29,-21.34],[34.59,-21.33],[34.58,-22.14],[34.25,-22.52],[34.66,-22.58],[34.74,-23.74],[34.5,-23.98],[34.22,-23.84],[34.23,-24.26],[33.43,-24.75],[33.19,-24.37],[33.24,-24.61],[32.34,-25.38],[31.9,-26.11],[31.82,-26.74],[31.87,-27.31],[32.31,-27.73],[32.05,-28.16],[32.21,-28.34],[31.88,-28.74],[31.27,-28.97],[31.4,-28.98],[31.32,-29.21],[30.99,-29.17],[31.14,-29.36],[30.91,-29.6],[30.83,-29.51],[30.86,-29.64],[30.74,-29.59],[30.89,-29.73],[30.68,-29.91],[30.72,-30.06],[30.57,-29.98],[30.51,-30.25],[30.62,-30.28],[30.19,-30.47],[30.23,-30.52],[30.29,-30.52],[30.32,-30.53],[30.31,-30.55],[30.1,-30.53],[30.35,-30.65],[30.14,-30.67],[30.31,-30.68],[29.9,-31.11],[29.95,-31.2],[29.88,-31.17],[29.37,-31.56],[29.42,-31.64],[29.21,-31.63],[29.22,-31.84],[29.19,-31.8],[29.11,-31.84],[29.1,-31.94],[28.96,-31.92],[29.03,-32.03],[28.9,-32.04],[28.79,-32.34],[28.59,-32.31],[28.62,-32.44],[28.31,-32.63],[28.29,-32.6],[28.18,-32.57],[28.36,-32.7],[28.05,-32.83],[27.91,-32.6],[27.95,-32.84],[27.7,-32.68],[27.92,-32.87],[27.61,-32.72],[27.75,-32.91],[27.42,-32.9],[27.38,-32.76],[27.35,-32.87],[27.47,-32.99],[27.23,-32.85],[26.95,-32.98],[26.39,-32.74],[26.26,-32.52],[26.26,-32.68],[25.93,-32.61],[26.1,-32.6],[26.15,-32.34],[26.71,-32.21],[26.54,-32.04],[26.43,-32.17],[26.34,-32.0],[25.93,-32.17],[25.87,-31.92],[25.96,-31.98],[26.0,-31.99],[26.24,-31.74],[26.27,-31.63],[26.13,-31.67],[26.08,-31.62],[26.08,-31.61],[26.02,-31.44],[26.12,-31.63],[26.46,-31.56],[26.42,-31.02],[26.73,-30.89],[26.99,-31.0],[26.87,-31.12],[27.06,-31.11],[27.04,-31.05],[27.13,-30.94],[27.1,-31.15],[27.31,-31.22],[27.18,-30.65],[27.81,-30.65],[27.67,-30.48],[27.86,-30.47],[27.79,-30.32],[28.03,-30.55],[27.88,-30.28],[28.12,-30.33],[27.94,-30.16],[28.18,-30.18],[28.15,-30.05],[28.44,-30.14],[28.85,-30.05],[28.67,-29.92],[28.87,-29.81],[28.77,-29.71],[28.87,-29.64],[28.72,-29.6],[28.81,-29.34],[28.73,-29.54],[28.65,-29.43],[28.62,-29.48],[28.78,-29.83],[28.62,-29.87],[28.67,-29.99],[28.27,-29.98],[28.37,-29.73],[28.25,-29.66],[28.23,-29.8],[28.15,-29.51],[28.2,-29.99],[28.03,-30.06],[28.09,-29.97],[28.06,-29.88],[27.92,-30.04],[27.91,-29.89],[27.68,-30.32],[27.48,-30.18],[27.73,-29.84],[27.64,-29.62],[27.54,-29.67],[27.8,-29.49],[27.71,-29.26],[28.17,-29.16],[28.02,-29.05],[28.26,-29.04],[28.29,-28.82],[28.51,-28.75],[28.43,-28.62],[28.38,-28.62],[28.32,-28.69],[28.36,-28.54],[28.25,-28.62],[28.18,-28.55],[28.62,-28.45],[28.85,-28.66],[28.9,-28.45],[29.21,-28.53],[29.62,-28.24],[29.65,-27.66],[29.84,-27.49],[29.63,-27.5],[29.72,-27.4],[29.55,-27.32],[29.96,-27.38],[29.92,-27.51],[30.35,-27.58],[30.5,-27.78],[30.43,-27.67],[30.91,-27.71],[30.9,-27.45],[31.1,-27.44],[30.92,-27.36],[31.12,-27.23],[31.13,-27.36],[31.15,-27.2],[31.44,-27.31],[31.29,-27.09],[31.39,-26.95],[31.1,-26.94],[31.3,-26.66],[30.89,-26.52],[31.12,-26.57],[31.05,-26.36],[31.26,-26.45],[31.15,-26.22],[31.39,-26.15],[30.54,-25.95],[30.68,-25.83],[31.2,-26.04],[31.29,-25.86],[31.15,-25.87],[31.48,-25.59],[30.88,-25.84],[30.74,-25.74],[30.84,-25.5],[30.71,-25.48],[30.74,-25.61],[30.44,-25.6],[30.7,-25.47],[30.42,-25.45],[30.51,-25.27],[30.6,-25.33],[30.53,-25.24],[30.63,-25.19],[30.66,-25.32],[30.66,-25.34],[30.76,-25.4],[30.98,-25.24],[30.8,-25.09],[30.9,-25.02],[30.94,-24.88],[30.92,-24.54],[30.68,-24.57],[30.59,-24.9],[30.46,-24.57],[30.46,-24.99],[30.19,-24.81],[30.12,-25.18],[30.05,-24.99],[29.8,-25.23],[29.77,-24.81],[29.54,-25.06],[29.75,-25.34],[29.59,-25.39],[29.64,-25.55],[29.39,-25.49],[28.91,-25.83],[28.81,-25.8],[28.99,-25.63],[28.55,-25.62],[28.5,-25.92],[27.99,-25.79],[27.65,-26.04],[27.24,-26.09],[27.14,-26.03],[27.32,-25.93],[26.69,-25.73],[26.44,-25.86],[26.11,-25.79],[25.71,-25.28],[25.58,-25.64],[25.21,-25.76],[25.32,-25.66],[25.09,-25.67],[24.71,-25.37],[24.59,-25.2],[24.84,-24.98],[24.65,-24.99],[24.57,-24.9],[24.86,-24.91],[24.35,-24.79],[25.11,-24.66],[25.19,-24.77],[25.28,-24.48],[25.54,-24.34],[25.52,-24.1],[25.83,-24.1],[25.66,-24.0],[26.01,-23.92],[26.17,-23.66],[26.0,-23.79],[26.1,-23.59],[25.84,-23.59],[25.67,-23.85],[25.78,-23.53],[25.63,-23.41],[25.94,-23.13],[26.15,-23.2],[26.0,-22.93],[26.49,-22.82],[26.36,-22.67],[26.44,-22.78],[26.28,-22.74],[26.33,-22.54],[26.89,-22.11],[26.52,-22.1],[26.31,-21.87],[26.43,-21.78],[26.33,-21.44],[24.52,-21.43],[25.14,-21.03],[26.29,-21.29],[26.42,-21.16],[26.2,-20.78],[26.32,-20.27],[26.11,-20.35],[26.07,-20.22],[25.84,-20.29],[25.69,-20.14],[25.28,-20.54],[24.96,-20.62],[24.5,-19.97],[24.74,-19.68],[24.3,-19.94],[24.24,-19.84],[24.25,-19.34],[24.5,-19.26],[24.73,-19.49],[24.65,-19.1],[24.8,-19.27],[24.99,-19.0],[24.88,-19.25],[24.98,-19.35],[24.83,-19.41],[24.91,-19.6],[25.34,-19.46],[25.57,-19.64],[25.67,-19.45],[25.94,-19.52],[26.37,-19.36],[26.62,-19.52],[25.83,-18.84],[25.27,-18.8],[25.02,-18.93],[24.65,-18.61],[24.54,-18.87],[23.96,-19.24],[24.08,-18.56],[24.02,-18.47],[23.56,-18.58],[24.21,-18.04],[24.41,-18.18],[24.04,-18.46],[24.55,-18.11],[24.74,-17.89],[25.26,-17.82],[25.21,-17.56],[25.38,-17.5],[24.99,-17.5],[25.27,-17.11],[25.13,-17.23],[25.13,-17.16],[24.99,-17.1],[25.12,-17.21],[25.02,-17.31],[24.79,-17.2],[24.99,-17.31],[24.85,-17.53],[24.29,-17.48],[24.47,-17.8],[24.22,-17.79],[24.19,-17.96],[23.86,-18.2],[23.83,-18.29],[23.39,-18.16],[23.37,-17.65],[23.21,-18.03],[23.5,-18.52],[23.09,-18.75],[22.88,-18.71],[23.04,-18.47],[22.51,-18.89],[21.79,-18.22],[22.24,-19.03],[22.07,-19.49],[22.18,-19.95],[22.75,-19.99],[22.98,-20.35],[22.25,-20.79],[22.46,-20.77],[22.22,-20.87],[22.02,-21.25],[21.01,-21.74],[19.41,-21.39],[18.04,-20.3],[17.59,-20.27],[17.19,-20.54],[17.06,-20.43],[17.75,-19.86],[18.06,-19.83],[18.42,-19.68],[18.64,-19.52],[17.8,-19.78],[17.21,-19.83],[17.19,-19.63],[16.84,-19.68],[16.59,-19.97],[15.89,-20.19],[16.01,-20.3],[15.62,-20.98],[16.23,-21.73],[16.08,-21.86],[16.68,-22.11],[16.35,-22.25],[16.0,-22.7],[16.41,-23.2],[16.23,-23.46],[16.0,-23.33],[15.77,-22.67],[16.02,-22.54],[15.97,-22.32],[15.72,-22.32],[15.6,-22.22],[15.66,-21.96],[15.46,-22.08],[15.22,-21.81],[15.26,-21.25],[14.82,-21.09],[15.03,-21.1],[15.04,-20.8],[14.57,-20.91],[14.57,-20.62],[14.8,-20.51],[14.18,-20.07],[14.32,-19.84],[14.08,-19.44],[13.8,-19.52],[13.67,-19.34],[13.37,-19.33],[13.48,-19.03],[13.35,-18.87],[13.11,-18.98],[13.21,-18.84],[12.77,-18.47],[12.43,-17.8],[12.68,-17.87],[12.48,-17.24],[13.22,-16.82],[13.27,-16.21],[12.92,-14.91],[13.07,-14.19],[13.4,-13.84],[13.33,-13.54],[13.51,-13.55],[13.63,-13.23],[13.98,-13.25],[13.91,-12.65],[14.09,-12.15],[13.76,-11.96],[13.87,-11.01],[12.99,-9.07],[13.4,-8.75],[13.4,-8.4],[12.82,-6.97],[12.27,-6.13],[12.77,-6.22],[13.15,-5.82],[12.35,-5.93],[11.8,-4.59],[10.93,-3.65],[11.28,-3.73],[12.4,-4.7],[12.69,-5.69],[13.44,-5.39],[13.58,-5.05],[13.31,-4.73],[12.23,-4.07],[11.49,-3.25],[10.79,-2.9],[10.77,-2.33],[11.59,-2.91],[11.73,-2.84],[10.8,-1.89],[10.7,-1.5],[11.04,-1.62],[12.94,-3.81],[13.48,-4.14],[13.76,-3.98],[13.7,-3.53],[12.39,-1.37],[12.95,-1.07],[14.1,-1.14],[14.21,-1.0],[14.05,-0.61],[14.13,-0.44],[16.12,-2.22],[16.19,-3.06],[16.35,-2.28],[17.42,-2.23],[17.7,-2.44],[17.63,-2.06],[18.08,-2.0],[18.29,-2.36],[18.32,-3.26],[18.49,-3.58],[20.3,-4.38],[21.16,-3.99],[22.7,-4.01],[22.66,-3.69],[23.19,-3.55],[23.41,-3.3],[23.78,-3.79],[24.12,-3.73],[24.39,-3.51],[24.9,-3.48],[25.19,-2.77],[25.92,-2.7],[26.21,-3.41],[26.53,-3.69],[27.22,-3.87],[27.89,-3.47],[28.04,-3.6],[27.92,-3.76],[28.0,-3.95],[28.52,-4.25],[28.88,-4.9],[29.06,-5.34],[28.86,-5.37],[28.97,-5.57],[29.33,-5.65],[29.2,-6.09],[28.8,-6.23],[28.9,-6.93],[28.67,-7.67],[29.16,-8.0],[29.55,-7.85],[29.61,-8.05],[30.04,-8.0],[30.27,-7.77],[30.57,-8.13],[30.57,-8.31],[30.46,-8.38],[30.58,-8.52],[30.52,-8.6],[30.69,-8.49],[31.03,-8.81],[31.19,-8.76],[31.15,-8.43],[30.57,-7.49],[30.56,-6.96],[30.13,-6.49],[29.95,-6.53],[29.72,-6.29],[29.72,-6.05],[29.94,-5.83],[29.75,-5.47],[29.82,-5.14],[29.6,-4.94],[29.66,-4.4],[29.33,-3.76],[29.59,-3.82],[29.61,-4.04],[29.56,-4.12],[29.67,-4.06],[29.65,-4.16],[29.73,-4.25],[29.75,-4.14],[29.8,-4.1],[29.78,-4.06],[29.91,-4.06],[29.88,-3.92],[30.14,-3.7],[29.96,-3.35],[29.85,-3.36],[29.91,-3.39],[29.85,-3.51],[29.92,-3.5],[29.93,-3.57],[29.81,-3.53],[29.82,-3.31],[29.89,-3.25],[29.73,-3.29],[29.91,-3.09],[29.7,-3.14],[29.71,-3.02],[29.86,-3.04],[29.77,-3.02],[29.77,-3.01],[29.79,-3.01],[29.84,-3.01],[29.81,-3.0],[29.84,-2.98],[29.87,-2.99],[29.83,-2.91],[29.94,-2.94],[29.95,-2.86],[30.03,-2.9],[30.11,-2.82],[30.1,-2.9],[29.93,-2.98],[30.08,-2.95],[30.0,-3.19],[30.19,-2.98],[30.1,-2.93],[30.27,-2.84],[30.2,-3.26],[30.41,-2.73],[30.3,-2.86],[30.32,-2.63],[30.0,-2.87],[29.8,-2.77],[29.81,-2.85],[29.73,-2.82],[29.73,-2.87],[29.65,-2.87],[29.67,-2.7],[29.77,-2.65],[29.71,-2.81],[29.79,-2.63],[29.84,-2.61],[29.88,-2.67],[29.76,-2.47],[29.81,-2.12],[29.95,-2.03],[29.9,-1.98],[29.95,-1.92],[29.89,-1.86],[29.89,-2.01],[29.73,-1.98],[29.7,-1.75],[29.79,-1.72],[29.75,-1.76],[29.85,-1.87],[29.88,-1.85],[29.86,-1.81],[29.88,-1.8],[29.88,-1.81],[29.89,-1.85],[30.02,-1.94],[30.12,-1.8],[30.04,-1.7],[30.24,-1.84],[30.21,-1.7],[30.35,-1.84],[30.37,-1.65],[30.23,-1.55],[30.25,-1.67],[30.16,-1.55],[30.18,-1.49],[30.12,-1.44],[30.21,-1.15],[30.14,-1.14],[30.17,-1.12],[30.12,-1.11],[30.05,-0.97],[30.52,-0.81],[30.54,-0.97],[30.75,-0.98],[30.8,-0.79],[30.44,-0.55],[30.51,-0.04],[30.34,-0.0],[30.05,-0.3],[29.91,-0.26],[29.76,-0.59],[29.72,-0.5],[29.54,-1.28],[29.34,-1.29],[29.31,-0.93],[29.1,-1.07],[29.54,0.05],[29.95,0.03],[30.26,0.4],[30.44,0.27],[30.68,0.54],[30.62,0.7],[30.85,0.71],[30.73,0.58],[31.16,0.39],[31.52,0.54],[31.45,0.86],[31.62,0.89],[31.14,1.2],[31.49,1.23],[31.6,1.61],[31.78,1.61],[31.75,1.78],[31.82,1.68],[32.15,2.03],[31.6,1.86],[30.86,1.35],[30.64,0.99],[30.2,0.76],[30.16,1.02],[30.15,0.79],[29.86,0.61],[29.85,1.15],[30.07,1.5],[29.84,1.6],[30.1,1.8],[30.15,2.06],[29.64,2.93],[29.15,2.87],[29.37,3.09],[29.18,3.15],[28.74,2.84],[28.71,3.51],[28.54,3.7],[28.3,3.44],[28.24,3.04],[27.88,2.87],[27.89,3.37],[27.26,3.69],[26.94,3.07],[26.51,3.22],[26.34,3.67],[25.75,3.42],[25.54,3.5],[25.39,4.15],[25.16,4.26],[25.01,4.05],[24.65,3.97],[23.1,4.27],[23.05,4.64],[23.62,4.91],[24.04,5.39],[23.96,5.64],[23.55,5.78],[21.99,5.43],[21.59,4.99],[21.39,4.39],[20.55,4.4],[20.27,4.85],[19.44,5.14],[18.05,3.83],[17.71,4.14],[17.21,3.92],[16.02,4.3],[15.88,4.5],[15.06,4.13],[14.91,4.17],[14.94,4.32],[14.65,4.17],[14.19,4.42],[14.11,4.2],[13.87,4.24],[13.91,4.48],[13.71,4.44],[13.61,4.62],[13.62,5.11],[13.79,5.16],[13.61,5.32],[13.67,5.58],[13.43,5.44],[13.48,5.62],[13.01,5.93],[12.98,5.56],[12.41,5.27],[12.46,5.04],[12.98,5.0],[12.41,4.84],[12.08,4.27],[12.01,4.42],[11.85,4.24],[11.59,4.24],[11.99,5.03],[11.8,5.22],[11.71,4.92],[11.55,5.22],[11.69,5.65],[11.88,5.56],[11.63,6.16],[11.22,6.07],[11.06,5.6],[11.07,4.81],[11.23,4.93],[11.31,4.69],[11.57,4.66],[11.47,4.39],[11.16,4.21],[10.85,4.54],[10.47,5.52],[10.34,5.38],[10.07,5.44],[10.47,5.71],[10.45,6.07],[10.61,5.94],[10.74,6.11],[10.98,6.06],[10.87,6.22],[11.04,6.43],[10.81,6.61],[10.15,6.42],[10.14,6.12],[9.68,6.25],[9.45,6.65],[9.22,6.49],[8.57,6.57],[8.72,6.26],[8.64,6.01],[8.41,6.2],[7.85,5.92],[7.44,6.01],[7.16,6.4],[6.72,6.31],[6.36,6.92],[5.62,7.24],[5.54,7.9],[4.93,8.18],[3.73,7.68],[3.3,7.0],[2.76,7.03],[2.58,6.48],[2.97,6.39],[0.53,6.05],[0.43,5.78],[-1.47,5.05],[-0.55,5.45],[0.12,5.99],[0.09,6.48],[-0.01,6.33],[-2.53,8.02],[-2.93,7.94],[-3.3,7.58],[-3.53,7.89],[-4.03,8.07],[-4.27,7.98],[-4.33,7.75],[-4.23,7.32],[-4.41,7.11],[-4.28,6.88],[-4.72,6.52],[-4.79,6.11],[-5.27,6.98],[-5.55,7.05],[-5.7,6.88],[-6.09,7.06],[-6.28,7.57],[-6.26,7.13],[-6.37,7.12],[-6.52,7.77],[-6.7,7.82],[-6.6,7.95],[-6.89,7.94],[-7.54,7.47],[-7.24,7.75],[-7.36,7.79],[-7.31,7.98],[-7.55,7.64],[-8.85,8.49],[-8.75,8.59],[-8.86,8.65],[-8.88,9.44],[-8.94,8.53],[-9.09,8.76],[-9.09,9.33],[-9.21,9.11],[-9.47,9.29],[-9.45,9.15],[-9.71,9.1],[-9.68,8.92],[-9.33,8.79],[-9.9,8.41],[-10.57,9.3],[-10.98,9.39],[-11.24,9.32],[-11.54,8.67],[-11.77,8.65],[-12.6,9.31],[-13.54,9.73],[-13.55,10.0],[-13.8,9.84],[-14.05,10.15],[-14.14,10.05],[-14.46,10.21],[-14.55,10.45],[-14.22,10.95],[-14.61,10.94],[-14.59,11.17],[-14.75,11.09],[-14.83,11.38],[-15.09,11.13],[-14.98,11.4],[-15.18,11.3],[-15.17,11.52],[-14.93,11.59],[-15.32,11.76],[-14.84,11.99],[-15.69,12.17],[-16.02,12.01],[-16.15,12.14],[-16.02,12.39],[-16.39,12.33],[-16.67,12.56],[-16.4,12.56],[-16.57,12.67],[-16.77,12.57],[-16.83,13.33],[-16.69,13.49],[-16.53,13.24],[-15.59,13.49],[-16.36,13.42],[-16.65,13.71],[-16.36,14.17]],[[39.81,-0.57],[39.34,-0.16],[38.94,-0.01],[38.88,-0.09],[39.07,-0.11],[38.98,-0.32],[39.08,-0.12],[39.39,-0.23],[39.74,-0.64],[40.12,-1.89],[39.81,-0.57]],[[37.32,13.86],[37.25,13.76],[37.17,13.85],[37.21,13.73],[37.34,13.66],[37.2,13.62],[37.46,13.52],[37.29,13.49],[37.14,13.36],[37.47,13.22],[37.56,13.57],[37.32,13.86]],[[36.82,15.04],[37.0,14.27],[37.17,13.85],[36.82,15.04]],[[33.55,8.76],[33.19,9.29],[33.46,9.5],[33.6,9.96],[31.74,9.33],[29.93,9.58],[29.26,9.34],[28.82,9.5],[29.12,9.38],[27.98,9.34],[27.83,9.11],[29.35,8.3],[29.59,7.36],[30.1,6.91],[30.76,6.92],[30.98,6.75],[31.56,5.81],[31.67,4.79],[32.47,5.22],[33.28,6.05],[33.62,7.11],[33.54,7.7],[34.06,7.4],[33.73,7.72],[34.01,7.55],[34.09,7.64],[33.92,7.74],[33.92,7.86],[34.08,7.72],[34.01,7.93],[34.22,7.99],[34.1,8.09],[34.41,8.23],[34.23,8.27],[34.3,8.61],[34.14,8.7],[33.77,8.36],[33.49,8.63],[33.55,8.76]],[[30.31,2.25],[30.3,1.82],[30.47,1.6],[31.05,2.18],[30.87,2.67],[30.94,2.9],[30.77,3.04],[30.79,2.65],[30.31,2.25]],[[12.42,7.04],[12.61,7.36],[12.83,7.34],[12.93,7.9],[12.56,7.75],[12.55,7.43],[12.28,7.45],[12.25,7.65],[12.1,7.34],[11.95,7.42],[12.03,7.66],[11.8,7.48],[11.58,7.53],[11.72,7.2],[11.53,7.05],[11.42,7.16],[11.42,7.0],[11.08,7.27],[11.16,7.5],[10.89,7.25],[10.88,6.88],[11.06,6.43],[11.56,6.49],[11.84,6.63],[11.79,6.94],[12.42,7.04]],[[12.54,8.73],[12.48,8.61],[12.74,8.62],[12.98,8.96],[12.54,8.73]],[[14.19,7.01],[14.33,7.16],[14.47,7.04],[14.48,7.25],[14.68,7.32],[14.59,7.46],[14.17,7.19],[14.19,7.01]],[[10.77,5.63],[11.01,5.86],[10.69,6.02],[10.78,5.84],[10.62,5.66],[10.77,5.63]],[[0.84,7.87],[0.81,8.36],[0.64,8.35],[0.45,6.77],[1.17,7.51],[0.84,7.87]],[[9.23,10.42],[8.93,10.03],[9.11,10.38],[9.03,10.61],[8.37,9.57],[8.63,9.52],[8.82,9.06],[9.59,9.28],[9.53,9.87],[9.67,10.32],[9.23,10.42]],[[11.73,8.78],[11.61,8.72],[11.75,8.41],[11.67,8.13],[11.96,8.02],[11.73,8.78]],[[-11.23,10.62],[-10.83,10.71],[-10.92,11.03],[-11.25,11.05],[-11.72,10.5],[-11.24,10.21],[-11.23,10.62]],[[-12.59,12.1],[-12.51,11.82],[-12.08,11.47],[-12.05,10.46],[-11.93,10.29],[-11.71,10.71],[-11.88,11.09],[-11.9,12.02],[-12.59,12.1]],[[-12.27,10.49],[-12.13,10.78],[-12.35,10.94],[-12.13,11.16],[-12.26,11.58],[-12.48,11.64],[-13.02,11.3],[-12.9,11.22],[-12.97,11.01],[-12.76,11.14],[-12.27,10.49]],[[-5.65,14.9],[-8.17,15.23],[-6.16,14.93],[-5.65,14.9]],[[-4.09,14.12],[-4.01,14.68],[-3.78,15.09],[-3.83,15.27],[-3.47,15.55],[-3.61,15.73],[-3.21,15.64],[-3.02,15.79],[-2.61,15.77],[-2.11,16.22],[-3.05,16.18],[-2.96,16.55],[-1.11,16.95],[-0.43,16.86],[-0.25,16.69],[-0.36,17.11],[-1.29,17.18],[-3.14,16.69],[-4.87,15.79],[-4.93,15.66],[-4.6,15.66],[-4.51,15.51],[-4.68,15.38],[-5.19,14.03],[-4.67,14.01],[-4.55,13.77],[-5.28,13.26],[-4.76,13.24],[-4.09,14.12]],[[8.29,11.54],[8.18,11.34],[8.64,11.11],[8.72,11.36],[8.29,11.54]],[[37.2,18.81],[37.01,18.95],[36.93,18.83],[37.12,18.52],[37.2,18.81]],[[24.58,13.15],[24.45,13.35],[24.22,12.85],[24.51,12.71],[24.58,13.15]],[[22.18,15.66],[22.05,15.57],[22.17,15.47],[21.84,15.35],[21.84,14.87],[22.15,14.84],[22.27,15.03],[22.12,15.09],[22.39,15.09],[22.25,15.34],[22.53,15.49],[22.44,15.59],[22.57,15.59],[22.58,15.82],[22.35,15.59],[22.18,15.66]],[[14.76,12.29],[14.46,12.34],[15.04,12.05],[14.89,12.16],[14.77,12.87],[15.32,13.07],[15.32,13.4],[14.2,13.52],[14.1,13.63],[14.25,14.02],[14.06,14.25],[13.93,14.17],[13.9,14.35],[13.44,14.45],[13.16,14.32],[12.99,14.02],[13.64,13.05],[13.67,12.46],[14.22,12.37],[14.52,12.86],[14.66,12.71],[14.59,12.38],[14.76,12.29]],[[11.31,16.36],[11.22,16.0],[11.33,15.94],[11.46,16.03],[11.47,16.42],[11.31,16.36]],[[1.06,20.15],[1.63,20.17],[1.25,19.9],[1.69,19.87],[1.71,19.74],[1.49,19.71],[1.74,19.45],[1.65,19.16],[1.85,19.42],[1.83,18.97],[1.93,18.89],[2.12,19.1],[2.05,18.94],[2.23,18.76],[2.08,18.68],[2.2,18.58],[2.43,18.79],[2.49,19.44],[2.92,19.87],[2.68,20.29],[1.95,20.53],[1.07,20.29],[1.06,20.15]],[[1.16,19.18],[1.39,19.12],[1.45,19.27],[1.22,19.41],[1.16,19.18]],[[33.09,1.67],[32.98,1.54],[32.81,1.6],[32.7,1.49],[32.56,1.54],[32.59,1.39],[32.88,1.3],[32.94,1.44],[33.26,1.22],[33.33,1.31],[33.33,1.43],[33.28,1.43],[33.26,1.39],[33.17,1.4],[33.27,1.49],[33.26,1.51],[33.21,1.48],[33.21,1.5],[33.15,1.47],[33.09,1.52],[33.48,1.64],[33.44,1.67],[33.59,1.75],[33.41,1.68],[33.38,1.83],[33.27,1.64],[33.09,1.67]],[[34.79,0.85],[34.79,1.21],[34.62,1.44],[34.2,1.12],[34.21,0.97],[34.59,0.76],[34.79,0.85]],[[35.05,1.22],[35.08,1.21],[35.07,1.15],[35.05,1.15],[35.14,1.02],[35.44,0.93],[35.45,0.36],[35.37,0.22],[35.13,0.28],[35.21,0.44],[35.07,0.66],[35.06,0.51],[34.9,0.54],[34.96,0.42],[34.97,0.2],[34.91,0.18],[34.85,0.37],[34.72,0.27],[34.77,0.26],[34.77,0.29],[34.83,0.3],[34.79,0.23],[34.72,0.23],[34.75,0.21],[34.72,0.19],[34.88,0.2],[34.59,-0.02],[34.8,0.04],[34.94,-0.02],[35.27,0.07],[35.37,0.0],[35.24,-0.11],[35.45,-0.21],[35.39,-0.27],[35.33,-0.29],[35.23,-0.28],[35.21,-0.25],[35.06,-0.46],[34.73,-0.57],[34.67,-0.92],[34.48,-0.91],[34.55,-1.11],[34.68,-1.21],[34.62,-1.23],[34.56,-1.16],[34.5,-1.24],[34.43,-1.16],[34.49,-1.33],[34.41,-1.34],[34.38,-1.39],[34.44,-1.36],[34.63,-1.43],[34.6,-1.43],[34.61,-1.5],[34.77,-1.43],[34.99,-1.25],[34.96,-0.96],[34.99,-0.99],[35.02,-0.99],[35.03,-0.94],[35.11,-0.91],[35.16,-0.95],[35.11,-1.05],[35.44,-0.91],[35.5,-0.92],[35.48,-0.96],[35.58,-0.96],[35.81,-1.09],[35.83,-1.08],[35.95,-1.27],[35.98,-1.18],[35.97,-1.15],[36.17,-1.23],[36.15,-1.12],[36.26,-0.98],[36.2,-0.73],[36.3,-0.62],[35.97,-0.39],[36.13,-0.24],[36.6,-0.97],[36.64,-1.43],[36.73,-1.37],[36.77,-1.39],[36.86,-1.26],[36.86,-1.21],[36.98,-1.14],[36.95,-1.08],[36.98,-1.1],[36.97,-1.07],[37.13,-1.01],[37.17,-0.6],[37.72,-0.39],[37.71,-0.13],[37.86,-0.07],[37.74,-0.1],[37.77,0.04],[37.92,0.08],[38.03,0.43],[37.74,0.17],[37.44,0.14],[37.32,0.25],[37.3,0.24],[37.29,0.25],[37.26,0.25],[37.27,0.57],[37.17,0.41],[37.23,0.31],[37.08,0.23],[36.98,-0.1],[37.04,-0.32],[36.98,-0.36],[36.81,-0.01],[36.58,-0.1],[36.61,0.05],[36.46,0.02],[36.54,0.19],[36.27,0.5],[36.25,0.05],[36.24,0.06],[36.22,0.05],[36.22,0.01],[36.19,0.03],[36.1,-0.16],[35.83,-0.24],[35.84,-0.01],[35.73,0.1],[35.79,0.15],[35.78,0.34],[35.6,0.21],[35.52,0.54],[35.61,1.09],[35.59,1.33],[35.47,1.3],[35.39,1.46],[35.34,1.25],[35.07,1.24],[35.05,1.22]],[[37.0,0.7],[36.92,0.67],[36.84,0.52],[37.12,0.48],[37.17,0.41],[37.0,0.7]],[[37.02,-3.22],[36.69,-3.15],[36.61,-3.5],[37.02,-3.22]],[[37.46,-3.34],[37.64,-3.34],[37.54,-2.99],[37.32,-2.88],[37.09,-2.95],[37.12,-3.21],[37.46,-3.34]],[[20.66,-11.22],[20.91,-11.73],[20.67,-11.91],[20.7,-12.34],[21.98,-13.98],[21.97,-14.19],[21.65,-14.28],[21.97,-14.77],[21.48,-15.52],[21.1,-14.93],[21.63,-15.81],[21.58,-15.68],[22.1,-16.06],[22.04,-16.16],[22.27,-16.61],[22.6,-16.65],[22.55,-16.79],[22.89,-17.16],[22.95,-16.97],[22.93,-16.91],[23.08,-16.95],[23.04,-17.01],[23.01,-17.12],[23.08,-17.37],[23.02,-17.12],[23.37,-17.09],[23.4,-16.94],[23.33,-16.69],[23.21,-16.73],[23.27,-16.68],[23.25,-16.65],[23.32,-16.57],[23.32,-16.48],[23.18,-16.39],[22.83,-16.41],[23.29,-16.35],[23.45,-16.12],[23.25,-16.1],[23.32,-16.03],[23.28,-15.77],[23.22,-15.7],[23.41,-15.59],[23.21,-15.69],[23.37,-15.4],[23.23,-15.6],[23.16,-14.99],[23.29,-14.93],[23.31,-15.08],[23.35,-15.05],[23.35,-14.94],[23.43,-15.16],[23.45,-15.16],[23.36,-14.9],[23.39,-14.89],[23.4,-14.95],[23.42,-14.93],[23.4,-14.92],[23.41,-14.88],[23.46,-14.88],[23.46,-14.91],[23.47,-14.92],[23.5,-14.89],[23.55,-15.01],[23.85,-14.95],[23.66,-14.82],[23.5,-14.85],[23.62,-14.81],[23.56,-14.74],[23.35,-14.86],[23.35,-14.83],[23.38,-14.8],[23.57,-14.71],[23.78,-14.89],[23.88,-14.91],[23.7,-14.82],[23.66,-14.68],[23.58,-14.7],[23.7,-14.65],[23.71,-14.65],[23.78,-14.68],[23.84,-14.58],[23.78,-14.31],[23.87,-14.39],[24.07,-14.39],[23.98,-14.41],[23.98,-14.63],[24.04,-14.66],[24.07,-14.56],[24.17,-14.59],[24.21,-14.51],[24.7,-14.66],[24.95,-14.48],[24.67,-14.07],[24.23,-13.95],[23.79,-14.08],[23.64,-14.2],[23.67,-14.27],[23.61,-14.29],[23.61,-14.45],[23.55,-14.15],[23.46,-14.17],[23.28,-14.27],[23.29,-14.2],[23.38,-14.19],[23.43,-14.12],[23.25,-14.17],[23.22,-13.76],[23.17,-13.78],[23.21,-13.96],[23.06,-13.98],[23.22,-14.07],[23.1,-14.29],[23.15,-14.14],[23.0,-13.91],[23.14,-13.91],[23.12,-13.84],[23.04,-13.84],[23.01,-13.68],[23.19,-13.72],[23.07,-13.46],[23.08,-13.28],[22.97,-13.28],[23.24,-13.16],[23.24,-13.0],[23.11,-13.15],[23.17,-13.0],[23.45,-12.76],[23.34,-13.14],[23.63,-12.76],[23.84,-12.67],[23.64,-12.83],[23.57,-13.16],[23.77,-12.96],[23.77,-13.1],[23.37,-13.31],[23.37,-13.49],[23.23,-13.32],[23.22,-13.53],[23.34,-13.49],[23.3,-13.71],[23.36,-13.86],[23.44,-13.75],[23.46,-13.58],[23.52,-13.8],[23.64,-13.7],[23.65,-13.5],[23.79,-13.65],[23.84,-13.45],[23.9,-13.63],[23.85,-13.25],[24.06,-13.49],[24.02,-13.14],[24.22,-13.29],[23.98,-12.88],[24.21,-12.92],[24.07,-12.74],[24.19,-12.84],[24.17,-12.65],[24.26,-12.74],[24.39,-12.7],[24.22,-12.81],[24.35,-13.05],[24.21,-13.11],[24.25,-13.31],[24.41,-13.22],[24.32,-13.11],[24.43,-13.2],[24.69,-13.1],[24.71,-13.14],[24.87,-13.03],[24.7,-13.04],[24.97,-12.96],[24.93,-12.93],[25.01,-12.94],[24.81,-12.64],[24.86,-12.52],[24.73,-12.44],[24.56,-12.59],[24.67,-12.63],[24.64,-12.68],[24.71,-12.88],[24.75,-12.81],[24.75,-12.98],[24.65,-13.06],[24.72,-12.93],[24.61,-12.66],[24.48,-12.56],[24.12,-12.52],[24.31,-12.51],[24.16,-12.34],[24.26,-12.24],[24.07,-12.26],[24.25,-12.17],[23.98,-12.13],[23.99,-12.0],[24.08,-11.96],[24.12,-12.05],[24.19,-11.86],[24.16,-11.75],[23.99,-11.88],[23.92,-11.65],[23.46,-12.01],[23.55,-12.33],[23.24,-12.73],[22.73,-13.0],[23.03,-13.0],[22.84,-13.18],[22.89,-13.11],[22.69,-13.09],[22.81,-13.17],[22.65,-13.21],[22.82,-13.17],[22.87,-13.26],[22.77,-13.2],[22.65,-13.24],[22.38,-13.22],[22.5,-13.19],[22.6,-13.16],[22.65,-13.19],[22.67,-13.13],[22.42,-13.16],[22.7,-13.02],[22.53,-12.51],[22.6,-12.25],[23.14,-11.55],[22.56,-11.58],[22.86,-11.41],[22.9,-11.08],[22.52,-10.9],[22.29,-11.21],[21.38,-10.94],[21.22,-11.19],[20.66,-11.22]],[[23.46,-15.01],[23.48,-14.95],[23.42,-14.93],[23.46,-15.01]],[[23.58,-14.1],[23.57,-14.07],[23.43,-14.12],[23.58,-14.1]],[[24.72,-13.17],[24.81,-13.23],[24.71,-13.14],[24.72,-13.17]],[[14.92,-13.18],[15.0,-13.33],[15.36,-13.32],[15.79,-13.06],[15.65,-12.45],[15.52,-12.47],[15.62,-12.35],[15.49,-12.15],[15.2,-12.2],[15.22,-11.75],[14.99,-11.81],[14.79,-11.58],[14.82,-11.81],[14.6,-11.83],[14.82,-12.09],[14.72,-12.28],[15.05,-12.46],[14.68,-12.42],[14.52,-12.69],[14.7,-12.66],[14.79,-12.81],[15.11,-12.53],[15.05,-12.68],[15.37,-12.93],[15.29,-13.06],[15.15,-12.88],[14.83,-12.92],[14.94,-13.19],[14.85,-13.01],[14.8,-13.28],[14.09,-13.81],[14.26,-14.1],[14.92,-13.18]],[[16.39,-18.41],[15.78,-18.9],[15.57,-18.86],[15.4,-19.15],[15.26,-19.01],[15.21,-19.27],[15.67,-19.05],[16.04,-19.24],[16.16,-19.05],[16.7,-18.96],[16.73,-18.84],[16.89,-18.86],[17.11,-18.74],[17.16,-18.65],[16.82,-18.81],[16.74,-18.44],[16.39,-18.41]],[[23.67,-17.1],[23.98,-17.33],[23.61,-16.72],[23.5,-16.75],[23.67,-17.1]],[[15.3,-10.62],[15.18,-11.07],[15.37,-11.17],[15.58,-10.95],[15.3,-10.62]],[[29.75,-24.1],[29.82,-24.18],[29.93,-24.06],[30.04,-24.15],[29.98,-24.05],[30.06,-23.99],[30.13,-24.18],[30.53,-24.41],[30.09,-24.03],[30.13,-23.89],[30.0,-23.97],[30.15,-23.66],[29.91,-23.79],[29.93,-24.01],[29.75,-24.1]],[[31.8,-2.48],[31.73,-2.5],[31.71,-2.53],[31.75,-2.62],[31.86,-2.61],[31.76,-2.65],[31.79,-2.83],[31.92,-2.71],[31.9,-2.63],[32.03,-2.76],[31.93,-2.6],[32.16,-2.55],[32.07,-2.37],[32.22,-2.24],[32.32,-2.47],[32.55,-2.47],[32.42,-2.6],[32.83,-2.49],[32.87,-2.78],[32.68,-2.76],[32.71,-2.88],[32.8,-2.91],[32.68,-3.15],[32.78,-3.08],[32.9,-2.8],[32.91,-2.84],[33.03,-2.88],[32.87,-2.48],[33.07,-2.38],[33.15,-2.62],[33.08,-2.38],[33.42,-2.56],[33.84,-2.23],[33.76,-2.07],[33.61,-2.19],[33.21,-2.13],[33.22,-2.03],[33.56,-2.01],[33.45,-1.87],[33.29,-1.93],[33.65,-1.78],[33.54,-1.67],[33.72,-1.68],[33.7,-1.47],[33.95,-1.55],[33.8,-1.32],[33.87,-1.32],[33.98,-1.41],[33.99,-1.34],[33.86,-1.25],[34.14,-1.0],[34.06,-0.56],[34.83,-0.32],[34.75,-0.08],[34.35,-0.19],[34.29,-0.4],[34.14,-0.05],[33.96,0.06],[34.04,0.29],[33.88,0.17],[33.64,0.33],[33.49,0.18],[33.47,0.37],[33.31,0.37],[33.37,0.5],[32.98,0.09],[32.88,0.2],[32.66,0.09],[32.66,0.3],[32.58,0.05],[32.02,-0.04],[31.93,-0.2],[32.04,-0.31],[31.7,-0.8],[31.77,-1.05],[31.88,-1.03],[31.6,-2.07],[31.7,-2.0],[31.65,-2.34],[31.75,-2.4],[31.8,-2.48]],[[35.94,-8.52],[35.75,-8.89],[35.95,-9.2],[35.92,-9.01],[36.24,-8.76],[36.33,-8.38],[36.44,-8.45],[36.41,-8.32],[36.94,-8.12],[36.09,-8.25],[35.86,-8.45],[36.16,-7.97],[36.66,-7.83],[36.61,-7.67],[36.0,-7.94],[35.93,-7.76],[35.87,-8.17],[35.09,-8.65],[35.66,-8.67],[35.94,-8.52]],[[34.51,-9.98],[34.04,-9.49],[33.89,-9.75],[34.27,-10.44],[34.33,-11.67],[33.91,-12.26],[34.17,-12.41],[34.39,-13.52],[34.63,-13.71],[34.6,-14.18],[34.77,-14.27],[34.85,-13.99],[34.93,-14.06],[34.92,-14.3],[35.0,-14.17],[35.27,-14.48],[35.19,-14.73],[35.3,-14.83],[35.29,-14.35],[35.07,-13.71],[34.84,-13.67],[34.82,-12.7],[34.68,-12.43],[34.95,-11.78],[34.9,-11.37],[34.6,-11.03],[34.51,-9.98]],[[27.36,-15.36],[26.78,-15.44],[26.11,-15.77],[26.02,-15.53],[25.82,-15.85],[25.66,-15.76],[25.77,-15.9],[26.13,-15.92],[26.16,-16.02],[26.23,-15.84],[26.75,-15.8],[26.76,-15.68],[27.33,-15.95],[27.56,-15.76],[28.17,-15.78],[28.15,-15.77],[28.23,-15.68],[28.01,-15.66],[28.11,-15.56],[27.36,-15.36]],[[28.2,-15.89],[28.29,-15.91],[28.3,-15.83],[28.17,-15.78],[28.2,-15.89]],[[24.36,-15.51],[24.65,-15.52],[24.68,-15.35],[24.57,-15.39],[24.59,-15.25],[24.42,-15.12],[24.52,-15.24],[24.36,-15.51]],[[28.06,-14.54],[28.15,-14.34],[27.83,-14.11],[28.0,-13.97],[27.79,-13.86],[27.65,-14.1],[27.34,-14.09],[27.04,-14.35],[27.8,-14.63],[27.77,-14.86],[28.07,-14.57],[28.06,-14.54]],[[35.04,-9.88],[35.0,-9.72],[35.23,-9.7],[35.11,-9.78],[35.29,-9.86],[35.38,-9.68],[35.33,-9.7],[35.27,-9.6],[35.35,-9.54],[35.17,-9.52],[35.34,-9.21],[35.13,-9.11],[35.11,-8.96],[34.81,-8.96],[34.61,-9.31],[34.27,-8.88],[34.18,-9.13],[33.7,-8.93],[33.61,-9.15],[33.78,-9.24],[33.81,-9.11],[34.22,-9.52],[34.63,-10.03],[34.64,-10.21],[34.7,-9.79],[35.04,-9.88]],[[33.97,-11.44],[33.75,-11.63],[33.73,-12.14],[33.97,-11.44]],[[33.92,-10.83],[34.0,-10.48],[33.79,-10.36],[33.59,-10.66],[33.85,-10.67],[33.92,-10.83]],[[33.51,-9.5],[33.56,-9.49],[33.41,-9.04],[33.6,-8.98],[33.44,-8.86],[33.52,-8.95],[33.28,-8.95],[33.12,-9.18],[33.29,-9.21],[33.44,-9.6],[33.51,-9.5]],[[31.72,-7.58],[31.69,-7.39],[31.39,-7.39],[32.09,-8.15],[32.36,-8.14],[32.59,-8.48],[32.94,-8.43],[31.81,-7.45],[31.72,-7.58]],[[32.35,-10.16],[32.13,-10.07],[32.19,-9.88],[32.48,-9.79],[32.6,-10.12],[32.76,-9.8],[32.7,-9.69],[32.56,-9.88],[32.78,-9.56],[32.56,-9.79],[32.53,-9.34],[32.26,-9.21],[32.26,-9.38],[32.18,-9.15],[32.22,-9.33],[32.09,-9.37],[32.23,-9.45],[31.9,-9.5],[32.12,-9.59],[32.09,-9.7],[32.04,-9.63],[31.88,-9.93],[31.98,-10.13],[31.62,-10.24],[31.62,-10.31],[31.56,-10.24],[31.59,-10.56],[32.05,-10.5],[32.11,-10.28],[32.25,-10.31],[32.12,-10.27],[32.14,-10.16],[32.35,-10.16]],[[32.02,-9.6],[31.93,-9.59],[32.04,-9.63],[32.02,-9.6]],[[31.03,-4.99],[31.2,-5.05],[30.86,-5.31],[30.68,-5.2],[30.83,-5.34],[30.98,-5.37],[31.17,-5.8],[31.55,-5.82],[31.17,-5.72],[30.99,-5.31],[31.27,-5.28],[31.35,-5.52],[31.5,-5.54],[31.24,-5.0],[31.46,-4.99],[31.59,-4.7],[31.83,-4.73],[31.65,-4.62],[31.78,-4.51],[31.7,-4.06],[31.55,-4.41],[31.62,-3.95],[31.43,-3.99],[31.19,-3.44],[31.05,-3.69],[30.66,-3.73],[31.06,-3.98],[31.26,-3.79],[31.33,-4.4],[31.19,-4.43],[31.2,-4.63],[31.3,-4.57],[31.41,-4.76],[31.03,-4.93],[31.14,-4.73],[30.96,-4.6],[30.78,-4.68],[30.83,-4.1],[30.42,-3.83],[30.35,-4.03],[30.49,-4.03],[30.5,-4.21],[30.7,-4.17],[30.66,-4.58],[30.88,-4.79],[30.74,-5.14],[31.03,-4.99]],[[31.5,-8.28],[31.73,-8.46],[31.55,-7.96],[31.44,-7.95],[31.5,-8.28]],[[31.02,-6.88],[31.19,-6.91],[31.04,-7.07],[31.25,-7.11],[31.41,-6.89],[31.37,-6.61],[31.19,-6.64],[31.31,-6.86],[31.16,-6.65],[31.01,-6.86],[30.86,-6.76],[31.0,-7.01],[31.02,-6.88]],[[31.22,-7.77],[31.29,-7.98],[31.3,-7.72],[31.09,-7.36],[31.16,-7.63],[31.06,-7.77],[30.99,-7.63],[30.97,-7.82],[31.12,-7.98],[31.22,-7.77]],[[29.46,-11.45],[29.43,-11.54],[29.5,-11.78],[29.55,-11.78],[29.49,-11.82],[29.6,-11.81],[29.47,-11.93],[29.63,-11.94],[29.46,-12.34],[29.79,-12.4],[29.99,-12.25],[30.02,-12.38],[30.12,-12.4],[30.21,-12.27],[30.11,-12.18],[30.42,-12.23],[30.45,-12.04],[30.59,-12.09],[30.54,-11.93],[30.76,-12.11],[30.72,-11.93],[30.51,-11.82],[30.81,-11.88],[30.65,-11.73],[30.8,-11.7],[30.69,-11.71],[30.65,-11.68],[30.74,-11.7],[30.84,-11.64],[30.73,-11.6],[30.86,-11.49],[30.74,-11.58],[30.74,-11.42],[30.55,-11.45],[30.79,-11.35],[30.82,-11.42],[30.78,-11.19],[30.8,-11.2],[30.86,-11.15],[30.86,-11.05],[30.85,-11.05],[30.74,-11.21],[30.7,-11.29],[30.78,-10.98],[30.6,-11.2],[30.36,-11.13],[30.13,-11.04],[30.2,-10.8],[30.06,-10.77],[29.87,-10.87],[29.8,-10.92],[29.72,-11.05],[29.71,-10.94],[29.51,-11.24],[29.74,-11.51],[29.63,-11.48],[29.65,-11.63],[29.58,-11.51],[29.61,-11.74],[29.46,-11.45]],[[30.82,-3.1],[30.67,-3.17],[30.65,-3.01],[30.64,-3.18],[30.5,-3.15],[30.23,-3.4],[30.36,-3.43],[30.09,-3.44],[30.2,-3.5],[30.11,-3.59],[30.2,-3.62],[30.2,-3.56],[30.38,-3.46],[30.39,-3.39],[30.47,-3.32],[30.41,-3.32],[30.82,-3.1]],[[29.92,-4.42],[30.0,-4.82],[30.13,-4.66],[30.19,-4.26],[29.92,-4.42]],[[28.89,-9.82],[28.74,-9.81],[28.71,-9.5],[28.79,-9.62],[28.91,-9.65],[28.79,-9.61],[28.89,-9.59],[28.86,-9.45],[28.84,-9.45],[28.8,-9.48],[28.79,-9.52],[28.75,-9.52],[28.72,-9.33],[29.15,-8.66],[28.89,-8.48],[28.34,-9.09],[28.4,-9.87],[28.58,-10.04],[28.65,-10.49],[28.89,-9.82]],[[33.79,-19.3],[33.71,-19.01],[33.2,-19.7],[32.82,-19.52],[32.74,-19.03],[32.64,-19.08],[32.51,-19.94],[32.8,-20.24],[32.64,-20.7],[33.44,-20.25],[33.08,-20.44],[33.34,-20.09],[33.09,-20.16],[33.79,-19.3]],[[32.45,-18.73],[32.5,-19.02],[32.75,-18.68],[32.69,-17.8],[32.45,-18.73]],[[36.43,-7.25],[36.47,-6.99],[36.47,-7.28],[36.61,-7.07],[36.56,-7.23],[36.72,-7.28],[36.72,-6.93],[36.53,-6.82],[36.45,-6.96],[36.43,-7.25]],[[36.53,-16.66],[36.85,-16.63],[36.8,-16.31],[36.34,-16.16],[36.23,-16.43],[36.63,-16.45],[36.72,-16.6],[36.53,-16.66]],[[37.7,-7.26],[37.8,-6.84],[37.38,-7.12],[37.7,-7.26]],[[37.22,-6.89],[37.05,-7.01],[37.06,-7.39],[37.14,-7.14],[37.29,-7.26],[37.67,-6.25],[37.31,-6.59],[37.33,-6.84],[37.12,-6.82],[37.22,-6.89]],[[36.74,-6.36],[36.86,-6.66],[37.05,-6.48],[36.92,-6.17],[36.9,-6.34],[36.74,-6.36]],[[37.06,-6.15],[36.92,-6.14],[36.92,-6.17],[37.06,-6.15]],[[35.79,-15.52],[36.03,-15.53],[35.87,-14.63],[35.35,-14.02],[35.87,-14.67],[35.63,-14.97],[35.88,-14.98],[35.59,-15.0],[35.53,-15.06],[35.55,-15.12],[35.49,-15.22],[35.46,-15.17],[35.64,-15.6],[35.54,-15.7],[35.47,-15.5],[35.38,-15.58],[35.47,-15.9],[35.65,-15.63],[35.72,-15.73],[35.79,-15.52]],[[35.73,-15.74],[35.49,-15.9],[35.49,-15.98],[35.79,-16.04],[35.73,-15.74]],[[35.79,-6.75],[35.96,-6.47],[36.24,-6.38],[36.07,-6.37],[36.1,-6.22],[35.79,-6.46],[35.5,-6.37],[35.79,-6.75]],[[36.16,-3.88],[36.11,-4.36],[35.99,-4.13],[35.86,-4.61],[36.18,-4.62],[36.33,-4.91],[36.55,-4.83],[36.39,-4.86],[36.1,-4.45],[36.3,-4.47],[36.13,-4.4],[36.16,-3.88]],[[35.29,-3.33],[34.44,-3.89],[34.2,-3.79],[34.29,-3.94],[33.97,-4.17],[33.94,-5.12],[34.17,-5.12],[34.03,-5.03],[34.28,-4.17],[35.3,-3.67],[35.29,-3.33]],[[37.64,-5.14],[37.36,-4.67],[37.24,-4.76],[37.07,-4.58],[37.36,-5.01],[37.64,-5.14]],[[35.94,-2.03],[36.0,-1.72],[35.69,-1.39],[35.6,-1.51],[35.94,-2.03]],[[34.03,-8.8],[34.15,-8.6],[34.33,-8.69],[34.24,-8.56],[34.37,-8.56],[34.39,-8.44],[34.76,-8.24],[34.79,-8.16],[34.05,-8.29],[34.16,-8.53],[34.03,-8.8]],[[37.21,-15.13],[36.95,-15.15],[36.84,-15.31],[37.06,-15.49],[37.37,-15.45],[37.21,-15.13]],[[33.91,4.07],[33.93,4.07],[34.01,3.99],[33.99,3.95],[34.06,3.92],[34.07,3.86],[34.06,4.27],[33.9,4.24],[33.77,4.49],[33.32,4.52],[33.44,4.3],[33.27,4.32],[33.8,4.04],[33.6,3.83],[33.88,4.1],[33.91,4.07]],[[36.15,4.71],[36.21,5.21],[36.13,5.27],[36.18,5.21],[36.04,5.17],[35.95,4.8],[36.01,5.03],[35.83,3.63],[36.55,2.39],[36.74,2.5],[36.72,2.84],[36.22,3.33],[36.24,4.42],[36.07,4.77],[36.19,5.14],[36.15,4.71]],[[38.51,10.34],[38.63,10.27],[38.45,10.09],[38.72,10.08],[38.83,10.27],[38.51,10.34]],[[37.26,5.47],[37.4,5.63],[37.27,5.85],[37.52,6.01],[37.44,6.15],[37.72,6.27],[37.63,6.57],[37.17,6.13],[37.26,5.47]],[[36.07,7.64],[36.23,7.57],[36.25,7.64],[36.78,7.32],[36.91,7.41],[37.15,7.28],[37.53,7.73],[37.57,8.02],[37.43,8.14],[37.44,7.92],[37.35,7.71],[37.06,7.5],[36.91,7.59],[36.72,7.56],[37.39,7.96],[37.25,8.57],[37.09,8.08],[36.91,7.86],[36.86,7.95],[37.16,8.82],[36.91,8.97],[37.05,8.56],[36.85,8.52],[36.93,8.23],[36.69,7.98],[36.85,7.85],[36.54,7.83],[36.45,8.03],[36.31,7.98],[36.7,8.15],[36.66,8.37],[36.38,8.49],[36.3,8.84],[36.16,8.77],[36.31,8.58],[36.24,8.5],[36.2,8.67],[35.86,8.77],[35.91,9.3],[35.75,9.21],[35.67,9.63],[35.38,9.72],[35.37,9.44],[35.58,9.45],[35.52,9.39],[35.53,9.14],[35.45,9.1],[35.49,9.08],[35.44,9.06],[35.5,8.99],[35.35,8.75],[35.29,8.93],[35.13,8.82],[34.92,8.94],[34.98,8.86],[34.86,8.72],[34.98,8.73],[34.99,8.58],[34.84,8.51],[34.91,8.21],[34.74,8.1],[34.53,8.21],[34.67,7.76],[34.35,7.66],[34.74,7.27],[34.44,7.47],[34.34,7.16],[35.02,6.99],[35.18,6.78],[35.56,6.92],[35.74,6.8],[35.77,6.91],[35.79,6.84],[35.76,6.79],[35.67,6.79],[35.62,6.7],[35.72,6.77],[35.72,6.74],[35.76,6.76],[35.8,6.71],[35.88,6.8],[35.96,6.7],[35.74,7.09],[35.99,7.23],[35.98,7.42],[36.15,7.52],[35.81,7.5],[36.07,7.64]],[[36.29,7.37],[36.28,7.05],[36.44,7.13],[36.27,6.95],[36.84,7.12],[36.98,7.02],[36.88,6.87],[37.1,6.89],[36.98,6.95],[37.0,7.03],[37.22,6.96],[37.09,6.75],[37.23,6.84],[37.35,7.07],[37.01,7.17],[36.69,7.12],[36.75,7.17],[36.7,7.3],[36.59,7.22],[36.52,7.4],[36.29,7.37]],[[36.62,6.31],[36.53,5.99],[36.67,5.68],[36.84,6.33],[37.07,6.52],[36.81,6.33],[36.75,6.42],[36.78,6.29],[36.62,6.31]],[[35.99,7.16],[36.18,7.02],[36.13,6.85],[36.24,6.97],[36.23,7.45],[36.15,7.46],[36.1,7.38],[36.08,7.39],[36.09,7.4],[36.06,7.4],[36.07,7.42],[36.04,7.43],[35.99,7.16]],[[35.55,10.68],[35.69,10.38],[35.65,10.51],[35.79,10.42],[35.81,10.65],[35.59,10.83],[35.55,10.68]],[[34.86,8.98],[35.2,9.0],[35.14,9.07],[34.94,9.1],[34.71,8.9],[34.52,9.02],[34.68,8.83],[34.57,8.65],[34.77,8.49],[34.74,8.63],[34.91,8.63],[34.89,8.71],[34.78,8.7],[34.76,8.77],[34.85,8.73],[34.86,8.98]],[[32.55,4.09],[32.79,3.88],[32.69,3.74],[32.96,3.69],[33.07,4.0],[32.78,4.11],[32.83,4.01],[32.55,4.09]],[[30.39,1.27],[30.53,1.0],[30.95,1.52],[31.38,1.83],[31.47,2.4],[30.39,1.27]],[[49.02,6.54],[46.64,6.59],[46.72,6.54],[49.02,6.54]],[[34.98,2.35],[35.23,1.87],[35.31,2.07],[35.11,2.43],[34.98,2.35]],[[43.8,2.98],[44.26,2.91],[44.37,3.02],[44.21,3.7],[43.7,3.64],[43.58,3.41],[43.8,2.98]],[[43.42,3.14],[43.23,3.1],[43.07,2.8],[43.25,2.77],[43.42,3.14]],[[37.78,5.46],[37.89,5.45],[37.88,6.04],[37.71,5.86],[37.78,5.46]]],[[[37.39,11.56],[37.28,11.79],[36.99,11.9],[37.17,12.32],[37.26,12.19],[37.3,12.37],[37.46,12.35],[37.76,12.02],[37.66,11.88],[37.64,11.82],[37.66,11.8],[37.5,11.88],[37.39,11.55],[37.39,11.56]]],[[[39.3,11.59],[39.4,11.43],[39.35,11.35],[39.27,11.49],[38.96,11.37],[39.1,11.36],[39.14,11.3],[38.81,11.38],[39.3,11.59]]],[[[39.1,5.72],[39.22,5.78],[39.22,5.77],[39.1,5.72]]],[[[25.68,-32.03],[25.82,-31.89],[25.86,-31.9],[25.87,-31.92],[25.68,-32.03]]],[[[26.12,-31.8],[25.99,-31.68],[25.9,-31.8],[25.98,-31.63],[26.08,-31.62],[26.12,-31.8]]],[[[30.21,-2.77],[30.19,-2.86],[30.1,-2.9],[30.21,-2.77]]],[[[29.87,-1.78],[29.88,-1.76],[29.88,-1.77],[29.88,-1.78],[29.89,-1.78],[29.89,-1.79],[29.88,-1.8],[29.87,-1.78]]],[[[22.94,-13.85],[22.9,-13.79],[22.9,-13.74],[22.82,-13.63],[23.04,-13.84],[22.94,-13.85]]],[[[30.7,-11.32],[30.77,-11.18],[30.78,-11.19],[30.7,-11.32]]],[[[30.68,-11.36],[30.63,-11.34],[30.7,-11.32],[30.68,-11.36]]],[[[-83.56,14.87],[-83.39,14.75],[-83.23,14.46],[-83.3,14.42],[-83.27,14.17],[-83.33,14.25],[-83.45,13.91],[-84.25,14.75],[-84.42,14.64],[-84.71,14.8],[-84.12,15.01],[-84.22,15.11],[-84.01,15.5],[-84.23,15.55],[-84.25,15.77],[-83.44,15.27],[-83.78,15.24],[-83.89,15.01],[-83.61,15.1],[-84.06,14.77],[-83.56,14.87]]],[[[-84.32,15.59],[-84.15,15.36],[-84.25,15.18],[-84.59,15.14],[-84.32,15.59]]],[[[-88.45,17.78],[-88.27,17.93],[-88.32,17.66],[-88.38,17.63],[-88.47,17.67],[-88.55,17.89],[-88.63,17.72],[-88.51,17.65],[-88.74,17.51],[-88.61,17.88],[-88.46,17.94],[-88.45,17.78]]],[[[-155.39,19.49],[-155.73,19.17],[-155.72,19.58],[-155.55,19.76],[-155.39,19.49]]],[[[-93.26,29.78],[-94.76,29.52],[-94.74,29.79],[-95.03,29.61],[-94.81,29.36],[-95.21,29.21],[-95.22,29.02],[-95.12,29.07],[-95.38,28.86],[-95.98,28.6],[-96.23,28.58],[-96.17,28.76],[-96.36,28.63],[-96.37,28.63],[-96.49,28.57],[-96.64,28.71],[-96.4,28.44],[-96.67,28.32],[-96.81,28.48],[-96.79,28.23],[-97.26,28.08],[-97.18,27.97],[-97.02,28.1],[-97.19,27.82],[-97.56,27.87],[-97.24,27.69],[-97.41,27.32],[-97.46,27.32],[-97.51,27.27],[-97.42,27.26],[-97.59,26.85],[-97.26,26.0],[-97.15,26.06],[-97.18,25.72],[-97.53,25.02],[-97.43,25.42],[-97.56,25.45],[-97.57,25.28],[-97.73,25.38],[-97.78,24.08],[-98.12,24.02],[-98.21,24.4],[-98.09,24.68],[-98.42,25.31],[-98.21,25.46],[-98.56,26.02],[-98.32,26.65],[-98.88,26.98],[-98.59,27.15],[-98.66,27.31],[-98.27,27.47],[-98.12,27.98],[-97.83,28.12],[-97.89,28.31],[-97.39,28.46],[-97.49,28.6],[-97.11,28.74],[-97.12,29.05],[-96.75,29.08],[-96.58,29.66],[-96.14,29.87],[-95.99,30.13],[-95.43,30.09],[-95.18,29.9],[-94.94,30.17],[-94.72,29.85],[-94.72,30.21],[-94.57,30.0],[-93.82,30.22],[-93.72,30.11],[-93.48,30.29],[-93.27,30.2],[-92.78,30.64],[-92.57,30.59],[-92.28,30.77],[-92.1,30.7],[-91.98,30.18],[-91.64,29.88],[-91.98,29.93],[-92.21,29.75],[-92.13,29.58],[-93.26,29.78]],[[-97.55,27.29],[-97.48,27.35],[-97.47,27.46],[-97.49,27.47],[-97.61,27.28],[-97.77,27.45],[-97.65,27.3],[-97.78,27.28],[-97.51,27.27],[-97.55,27.29]]],[[[22.64,-15.41],[22.52,-15.28],[22.61,-15.51],[22.5,-15.43],[22.41,-15.63],[22.33,-15.5],[22.33,-15.58],[22.4,-15.64],[22.22,-15.56],[22.49,-15.72],[22.09,-15.66],[22.05,-15.54],[22.25,-15.47],[22.18,-15.42],[22.35,-15.38],[22.12,-15.37],[22.32,-15.34],[22.1,-15.33],[22.27,-15.24],[22.22,-15.22],[22.26,-15.15],[22.22,-15.15],[22.23,-15.13],[22.22,-15.1],[22.2,-15.1],[22.17,-15.03],[22.14,-15.01],[22.23,-14.98],[22.26,-15.01],[22.39,-14.97],[22.67,-14.96],[22.88,-15.22],[22.67,-14.98],[22.78,-15.24],[22.65,-15.3],[22.64,-15.41]],[[22.32,-15.04],[22.37,-15.12],[22.32,-15.14],[22.23,-15.01],[22.32,-15.27],[22.4,-15.33],[22.4,-15.37],[22.44,-15.4],[22.37,-15.01],[22.46,-15.03],[22.42,-15.08],[22.47,-15.18],[22.55,-15.22],[22.58,-15.18],[22.51,-15.19],[22.53,-15.11],[22.47,-15.11],[22.47,-15.02],[22.39,-14.97],[22.32,-15.04]]],[[[12.24,-0.4],[11.26,-0.24],[11.16,-0.11],[11.29,0.02],[12.12,0.05],[12.24,-0.4]]],[[[23.58,-19.53],[23.79,-19.57],[23.69,-19.43],[23.3,-19.2],[23.47,-19.29],[23.81,-19.14],[22.78,-18.96],[23.35,-18.61],[23.87,-18.56],[24.01,-18.75],[23.78,-18.79],[23.96,-19.19],[23.87,-19.57],[23.41,-20.09],[23.67,-19.66],[23.58,-19.53]]],[[[22.72,-15.81],[22.88,-15.86],[22.94,-15.78],[22.83,-15.77],[22.89,-15.71],[22.83,-15.61],[22.77,-15.61],[22.84,-15.58],[22.72,-15.58],[22.72,-15.57],[22.83,-15.57],[22.66,-15.47],[22.78,-15.45],[22.79,-15.25],[23.18,-16.17],[23.03,-16.04],[22.8,-16.02],[22.95,-15.95],[22.74,-16.01],[22.82,-15.92],[22.69,-15.96],[22.6,-15.87],[22.72,-15.81]],[[22.7,-15.86],[22.74,-15.93],[22.78,-15.88],[22.84,-15.91],[22.93,-15.91],[22.99,-15.86],[22.87,-15.87],[22.88,-15.86],[22.7,-15.86]]],[[[22.74,-15.59],[22.78,-15.66],[22.76,-15.68],[22.82,-15.68],[22.75,-15.69],[22.71,-15.66],[22.77,-15.66],[22.7,-15.6],[22.72,-15.58],[22.74,-15.59]]],[[[23.35,-14.43],[23.24,-14.66],[23.19,-14.54],[23.24,-14.4],[23.51,-14.36],[23.54,-14.47],[23.38,-14.56],[23.43,-14.59],[23.37,-14.71],[23.3,-14.71],[23.35,-14.43]]],[[[22.99,-13.39],[22.85,-13.33],[22.73,-13.34],[22.75,-13.23],[22.87,-13.26],[23.03,-13.31],[23.11,-13.63],[22.91,-13.68],[22.96,-13.51],[22.83,-13.51],[22.97,-13.45],[22.81,-13.44],[22.99,-13.39]]],[[[29.67,-6.9],[29.46,-7.0],[29.36,-6.85],[29.49,-6.65],[29.67,-6.9]]],[[[43.96,13.56],[44.14,13.6],[44.13,13.39],[44.45,13.31],[44.2,13.31],[44.07,13.11],[43.96,13.56]]],[[[49.46,14.85],[49.11,14.81],[49.37,14.66],[48.26,14.26],[47.97,14.33],[48.09,14.71],[49.03,15.04],[50.0,15.24],[50.63,15.25],[50.68,15.12],[50.51,15.08],[50.34,15.19],[50.41,15.02],[49.66,14.8],[49.54,14.91],[49.47,14.7],[49.46,14.85]]],[[[43.78,15.2],[43.75,15.32],[43.82,15.35],[43.6,15.36],[43.5,15.46],[43.71,15.53],[43.54,15.76],[43.61,15.78],[43.69,15.67],[43.89,16.2],[43.79,15.49],[44.12,15.12],[44.27,14.56],[44.58,14.64],[44.32,14.44],[44.51,13.65],[44.04,13.68],[43.81,13.9],[44.0,13.93],[44.02,14.17],[44.18,14.13],[44.07,14.46],[43.91,14.22],[43.78,14.39],[43.65,14.32],[44.07,14.64],[44.05,14.67],[44.0,14.63],[43.94,14.66],[43.83,14.81],[44.0,14.97],[43.96,15.01],[43.94,15.04],[43.93,15.04],[43.94,14.99],[43.93,14.99],[43.91,15.01],[43.9,14.94],[43.84,14.98],[43.88,14.89],[43.82,14.87],[43.59,15.12],[43.71,15.12],[43.59,15.21],[43.71,15.24],[43.72,15.15],[43.79,15.08],[43.85,15.06],[43.82,15.13],[43.9,15.12],[43.87,15.26],[43.78,15.2]]],[[[55.26,17.23],[54.94,17.04],[54.17,17.11],[53.65,16.76],[52.54,16.51],[53.61,16.83],[54.07,17.25],[54.73,17.15],[55.26,17.45],[55.26,17.23]]],[[[55.55,17.95],[55.37,17.68],[55.21,17.71],[55.35,17.93],[55.71,18.05],[56.39,18.03],[55.55,17.95]]],[[[43.19,18.08],[43.4,17.85],[43.4,17.29],[43.66,16.88],[43.39,16.52],[43.12,17.05],[43.25,17.31],[43.07,17.22],[43.16,17.35],[42.92,17.4],[42.74,17.72],[43.0,17.66],[42.97,17.85],[42.69,17.91],[42.6,17.73],[42.58,17.98],[42.44,17.94],[42.02,18.28],[42.22,18.54],[42.09,18.56],[41.82,19.66],[41.62,19.65],[41.44,19.95],[41.57,19.82],[41.85,19.85],[41.89,19.51],[41.96,19.47],[42.05,19.32],[42.1,19.32],[42.08,19.27],[42.13,19.29],[42.07,19.22],[42.13,19.23],[42.11,19.17],[42.03,19.21],[42.11,19.13],[42.12,19.0],[42.46,18.47],[42.36,18.41],[42.37,18.34],[42.41,18.39],[42.47,18.19],[42.78,17.98],[43.03,18.04],[43.23,17.91],[43.19,18.08]]],[[[41.25,19.83],[41.37,19.98],[41.19,20.01],[41.19,20.27],[41.06,20.34],[41.01,20.45],[41.19,20.3],[41.31,20.07],[41.44,19.95],[41.25,19.83]]],[[[40.97,20.52],[40.84,20.47],[40.75,20.65],[40.57,20.49],[40.55,20.69],[40.71,20.72],[40.55,20.89],[40.41,20.71],[40.3,20.81],[40.41,20.97],[40.05,20.94],[40.23,21.35],[40.14,21.57],[40.38,21.57],[40.23,21.46],[40.27,21.15],[40.75,20.89],[40.76,20.81],[40.77,20.83],[40.8,20.83],[40.83,20.74],[40.9,20.72],[40.9,20.59],[41.01,20.56],[41.01,20.45],[40.97,20.52]]],[[[88.65,26.63],[88.21,26.37],[87.45,26.36],[85.92,26.59],[84.45,27.18],[84.74,27.17],[84.71,27.37],[86.52,26.83],[86.63,26.67],[86.95,26.86],[87.89,26.68],[89.04,26.92],[89.63,26.72],[90.1,26.76],[89.83,26.63],[88.65,26.63]]],[[[83.94,27.51],[83.85,27.61],[84.5,27.72],[85.17,27.35],[84.65,27.53],[83.94,27.51]]],[[[83.86,27.5],[82.97,27.55],[82.76,27.71],[83.7,27.64],[83.86,27.5]]],[[[78.7,29.32],[80.12,29.1],[81.16,28.7],[82.13,28.01],[82.86,27.83],[82.46,27.81],[81.29,28.2],[81.33,28.1],[80.28,28.5],[80.05,28.77],[78.7,29.32]]],[[[123.54,-18.95],[123.23,-18.82],[122.74,-18.9],[121.92,-19.31],[121.97,-19.69],[121.24,-19.7],[121.09,-19.87],[119.39,-20.26],[119.47,-20.07],[119.6,-20.08],[119.74,-20.01],[119.76,-19.96],[120.19,-19.91],[120.3,-19.89],[120.63,-19.77],[121.33,-19.35],[121.62,-18.7],[121.72,-18.71],[121.79,-18.65],[121.82,-18.45],[121.95,-18.44],[122.37,-18.12],[122.36,-17.98],[122.18,-17.97],[122.24,-17.76],[122.17,-17.26],[122.48,-16.98],[122.48,-16.9],[122.51,-16.95],[122.55,-16.96],[122.59,-16.96],[122.58,-16.76],[122.64,-16.8],[122.72,-16.79],[122.78,-16.75],[122.83,-16.79],[122.84,-16.78],[122.81,-16.74],[122.79,-16.73],[122.77,-16.73],[122.78,-16.7],[122.74,-16.68],[122.9,-16.49],[122.93,-16.39],[122.96,-16.4],[123.04,-16.36],[123.02,-16.41],[123.08,-16.44],[122.99,-16.46],[122.98,-16.47],[122.98,-16.48],[123.0,-16.49],[122.98,-16.52],[123.01,-16.53],[122.99,-16.53],[122.98,-16.55],[122.99,-16.56],[122.97,-16.56],[122.96,-16.59],[123.14,-16.69],[123.1,-16.75],[123.11,-16.79],[123.18,-16.86],[123.15,-16.92],[123.26,-17.01],[123.39,-17.32],[123.59,-17.6],[123.7,-17.25],[123.7,-17.24],[123.69,-17.24],[123.67,-17.2],[123.6,-17.13],[123.58,-17.03],[123.65,-17.0],[123.66,-17.04],[123.72,-17.14],[123.73,-17.15],[123.74,-17.14],[123.69,-17.07],[123.7,-17.04],[123.91,-17.23],[123.8,-17.0],[123.89,-17.03],[123.96,-16.85],[123.94,-16.82],[123.8,-16.91],[123.76,-16.88],[123.77,-16.84],[123.71,-16.75],[123.62,-16.68],[123.5,-16.66],[123.56,-16.63],[123.62,-16.56],[123.5,-16.52],[123.47,-16.47],[123.57,-16.52],[123.64,-16.53],[123.66,-16.49],[123.51,-16.42],[123.58,-16.43],[123.5,-16.38],[123.63,-16.43],[123.71,-16.42],[123.7,-16.41],[123.68,-16.42],[123.68,-16.41],[123.69,-16.41],[123.63,-16.36],[123.71,-16.38],[123.7,-16.34],[123.55,-16.28],[123.62,-16.26],[123.56,-16.18],[123.61,-16.22],[123.78,-16.16],[123.73,-16.26],[123.87,-16.44],[123.92,-16.35],[123.88,-16.3],[123.99,-16.38],[123.98,-16.28],[123.91,-16.21],[124.27,-16.47],[124.29,-16.47],[124.32,-16.46],[124.33,-16.46],[124.35,-16.46],[124.38,-16.44],[124.4,-16.46],[124.41,-16.45],[124.4,-16.44],[124.4,-16.42],[124.39,-16.42],[124.34,-16.42],[124.39,-16.34],[124.44,-16.07],[124.52,-16.19],[124.65,-16.1],[124.74,-15.81],[124.68,-15.76],[124.61,-15.81],[124.5,-16.0],[124.51,-15.93],[124.46,-15.81],[124.41,-15.88],[124.4,-15.7],[124.37,-15.67],[124.45,-15.67],[124.45,-15.65],[124.44,-15.64],[124.44,-15.61],[124.43,-15.59],[124.4,-15.62],[124.42,-15.55],[124.63,-15.53],[124.64,-15.46],[124.67,-15.5],[124.68,-15.49],[124.69,-15.47],[124.67,-15.43],[124.69,-15.41],[124.67,-15.4],[124.73,-15.36],[124.66,-15.33],[124.71,-15.32],[124.7,-15.25],[125.02,-15.51],[125.25,-15.58],[125.22,-15.55],[125.19,-15.53],[125.19,-15.52],[125.08,-15.44],[125.07,-15.44],[125.14,-15.34],[125.11,-15.29],[124.88,-15.31],[125.0,-15.24],[125.05,-15.16],[124.97,-15.18],[124.88,-15.26],[124.83,-15.16],[125.03,-15.11],[125.07,-14.98],[125.06,-15.04],[125.16,-15.15],[125.5,-15.16],[125.48,-15.14],[125.36,-15.11],[125.46,-15.0],[125.39,-15.03],[125.36,-14.99],[125.29,-15.0],[125.3,-14.96],[125.27,-14.96],[125.26,-14.98],[125.26,-14.94],[125.21,-14.97],[125.21,-14.96],[125.21,-14.95],[125.22,-14.95],[125.22,-14.94],[125.22,-14.93],[125.29,-14.94],[125.32,-14.88],[125.29,-14.86],[125.27,-14.87],[125.27,-14.85],[125.24,-14.87],[125.24,-14.84],[125.21,-14.87],[125.21,-14.79],[125.19,-14.78],[125.17,-14.79],[125.17,-14.78],[125.15,-14.75],[125.16,-14.73],[125.19,-14.75],[125.18,-14.71],[125.21,-14.72],[125.22,-14.7],[125.21,-14.67],[125.26,-14.69],[125.3,-14.65],[125.36,-14.53],[125.36,-14.55],[125.37,-14.56],[125.36,-14.58],[125.36,-14.59],[125.43,-14.64],[125.59,-14.56],[125.62,-14.39],[125.59,-14.37],[125.6,-14.34],[125.58,-14.32],[125.6,-14.28],[125.57,-14.26],[125.61,-14.26],[125.62,-14.23],[125.67,-14.29],[125.7,-14.3],[125.71,-14.3],[125.72,-14.31],[125.7,-14.33],[125.73,-14.34],[125.67,-14.33],[125.65,-14.39],[125.65,-14.63],[125.8,-14.44],[125.83,-14.59],[125.92,-14.66],[126.05,-14.53],[126.04,-14.51],[126.05,-14.5],[126.05,-14.48],[126.02,-14.41],[125.98,-14.39],[126.09,-14.35],[126.17,-14.15],[126.01,-13.93],[126.16,-13.92],[126.11,-14.03],[126.13,-14.03],[126.19,-13.97],[126.22,-13.97],[126.15,-14.07],[126.21,-14.08],[126.18,-14.13],[126.2,-14.18],[126.24,-14.18],[126.22,-14.23],[126.25,-14.24],[126.36,-14.19],[126.32,-14.14],[126.3,-14.14],[126.35,-14.1],[126.35,-14.08],[126.34,-14.08],[126.34,-14.06],[126.33,-14.05],[126.39,-14.05],[126.57,-13.94],[126.45,-14.1],[126.53,-14.08],[126.5,-14.14],[126.52,-14.16],[126.56,-14.15],[126.57,-14.14],[126.56,-14.22],[126.57,-14.23],[126.59,-14.23],[126.61,-14.25],[126.7,-13.97],[126.73,-14.0],[126.75,-13.97],[126.88,-14.0],[126.92,-13.98],[126.77,-13.78],[126.96,-13.74],[127.01,-13.82],[127.04,-13.83],[127.05,-13.81],[127.04,-13.85],[127.08,-13.84],[127.06,-13.91],[127.14,-13.98],[127.43,-13.94],[127.45,-14.06],[127.95,-14.59],[128.22,-14.72],[128.09,-14.87],[128.02,-15.5],[128.12,-15.42],[128.13,-15.18],[128.26,-15.31],[128.29,-15.46],[128.33,-15.52],[128.35,-15.51],[128.37,-15.49],[128.31,-15.45],[128.3,-15.32],[128.22,-15.21],[128.2,-15.07],[128.29,-14.97],[128.33,-15.04],[128.39,-15.08],[128.36,-14.89],[128.45,-15.0],[128.4,-14.88],[128.47,-14.94],[128.48,-14.91],[128.44,-14.85],[128.38,-14.82],[128.55,-14.77],[128.73,-14.85],[129.04,-14.92],[129.09,-14.91],[129.12,-15.23],[129.29,-15.11],[129.23,-14.95],[129.32,-14.92],[129.29,-14.86],[129.57,-15.2],[129.75,-15.2],[129.64,-14.83],[129.91,-14.85],[129.99,-14.73],[129.77,-14.83],[129.62,-14.69],[129.68,-14.66],[129.76,-14.6],[130.3,-13.8],[129.78,-14.54],[129.36,-14.42],[129.75,-13.97],[129.75,-13.92],[129.74,-13.91],[129.73,-13.89],[129.71,-13.88],[129.81,-13.77],[129.78,-13.72],[129.83,-13.56],[129.83,-13.52],[129.82,-13.5],[129.9,-13.44],[129.91,-13.51],[129.93,-13.53],[129.96,-13.54],[129.99,-13.54],[130.0,-13.53],[130.01,-13.53],[130.26,-13.33],[130.34,-13.47],[130.31,-13.32],[130.12,-13.16],[130.14,-13.0],[130.14,-12.99],[130.13,-12.98],[130.13,-12.96],[130.18,-12.91],[130.21,-12.95],[130.25,-12.95],[130.34,-12.89],[130.44,-12.63],[130.51,-12.72],[130.63,-12.76],[130.72,-12.72],[130.55,-12.64],[130.55,-12.62],[130.59,-12.63],[130.6,-12.62],[130.61,-12.6],[130.58,-12.4],[130.75,-12.43],[130.77,-12.6],[130.96,-12.65],[130.95,-12.62],[130.93,-12.59],[130.88,-12.58],[130.86,-12.51],[130.94,-12.54],[130.97,-12.54],[130.97,-12.53],[130.82,-12.41],[131.04,-12.36],[131.03,-12.15],[131.25,-12.23],[131.3,-12.04],[131.45,-12.28],[132.35,-12.2],[132.39,-12.42],[132.44,-12.15],[132.79,-12.17],[132.62,-12.08],[132.68,-11.88],[132.58,-11.79],[132.72,-11.67],[132.53,-11.47],[132.36,-11.44],[132.24,-11.46],[132.12,-11.54],[131.94,-11.32],[131.76,-11.32],[131.99,-11.13],[132.2,-11.42],[132.14,-11.12],[132.28,-11.27],[132.36,-11.15],[132.37,-11.3],[132.45,-11.22],[132.67,-11.52],[132.9,-11.43],[132.92,-11.33],[133.15,-11.71],[133.53,-11.76],[133.52,-11.88],[133.92,-11.74],[133.84,-11.88],[133.88,-11.91],[133.91,-11.91],[133.92,-11.92],[134.04,-11.86],[134.08,-11.94],[134.13,-11.9],[134.19,-12.03],[134.16,-12.1],[134.18,-12.14],[134.25,-11.98],[134.29,-11.98],[134.35,-12.04],[134.36,-12.05],[134.39,-12.05],[134.42,-12.07],[134.58,-12.06],[134.6,-12.1],[134.75,-11.95],[134.8,-12.05],[134.84,-12.06],[134.84,-12.09],[134.84,-12.11],[134.86,-12.13],[135.24,-12.31],[135.91,-11.95],[135.65,-12.16],[135.71,-12.31],[135.8,-12.2],[135.89,-12.19],[135.91,-12.15],[135.96,-12.15],[136.05,-12.06],[135.93,-12.22],[136.06,-12.25],[136.01,-12.29],[135.97,-12.41],[136.02,-12.49],[136.3,-12.4],[136.38,-12.25],[136.17,-12.16],[136.56,-11.92],[136.56,-11.88],[136.58,-11.92],[136.45,-12.0],[136.65,-12.27],[136.74,-12.27],[136.78,-12.16],[136.87,-12.38],[136.98,-12.35],[136.73,-12.48],[136.62,-12.84],[136.55,-12.74],[136.47,-12.78],[136.55,-12.92],[136.63,-12.95],[136.64,-12.95],[136.65,-12.99],[136.67,-13.0],[136.63,-13.02],[136.62,-12.97],[136.6,-12.97],[136.58,-13.0],[136.56,-12.96],[136.45,-12.98],[136.57,-13.06],[136.47,-13.25],[136.33,-13.32],[136.33,-13.03],[136.18,-13.28],[136.15,-13.12],[136.05,-13.31],[135.91,-13.28],[135.97,-13.4],[135.86,-13.45],[135.83,-13.59],[135.92,-13.68],[135.88,-13.71],[136.08,-13.66],[135.9,-14.19],[135.72,-14.28],[135.54,-14.56],[135.54,-14.65],[135.52,-14.65],[135.5,-14.66],[135.5,-14.68],[135.47,-14.68],[135.41,-14.74],[135.33,-14.71],[135.47,-14.97],[136.24,-15.42],[136.24,-15.45],[136.28,-15.55],[136.29,-15.57],[136.71,-15.93],[136.94,-15.94],[136.95,-15.93],[136.91,-15.9],[136.99,-15.89],[137.0,-15.88],[137.0,-15.87],[137.41,-16.14],[137.73,-16.23],[138.16,-16.68],[138.32,-16.75],[138.37,-16.74],[138.43,-16.78],[138.54,-16.78],[138.63,-16.77],[138.88,-16.88],[139.01,-16.9],[139.24,-17.32],[140.02,-17.72],[140.38,-17.68],[140.6,-17.6],[140.84,-17.48],[141.31,-16.48],[141.66,-15.23],[141.59,-15.2],[141.65,-15.09],[141.52,-14.49],[141.61,-14.18],[141.47,-13.86],[141.55,-13.51],[141.56,-13.5],[141.57,-13.5],[141.59,-13.46],[141.63,-13.37],[141.64,-13.38],[141.66,-13.38],[141.66,-13.4],[141.7,-13.38],[141.7,-13.4],[141.72,-13.42],[141.73,-13.41],[141.73,-13.4],[141.72,-13.38],[141.74,-13.39],[141.74,-13.3],[141.65,-13.34],[141.7,-13.26],[141.6,-12.95],[141.8,-12.68],[141.89,-12.73],[141.89,-12.83],[141.92,-12.86],[141.91,-12.87],[141.91,-12.88],[141.92,-12.89],[141.93,-12.89],[141.95,-12.89],[141.95,-12.86],[141.91,-12.8],[141.91,-12.77],[141.91,-12.76],[141.91,-12.75],[141.91,-12.74],[141.93,-12.75],[141.95,-12.74],[141.96,-12.73],[141.98,-12.73],[141.74,-12.47],[141.66,-12.45],[141.59,-12.56],[141.85,-11.98],[141.95,-12.15],[142.04,-12.04],[141.94,-11.95],[142.11,-11.53],[142.13,-10.95],[142.2,-10.91],[142.21,-10.91],[142.21,-10.92],[142.21,-10.93],[142.21,-10.94],[142.32,-10.9],[142.39,-10.83],[142.44,-10.71],[142.56,-10.73],[142.46,-10.97],[142.55,-10.93],[142.55,-10.89],[142.59,-10.88],[142.61,-10.94],[142.68,-10.95],[142.67,-10.96],[142.65,-11.0],[142.79,-11.07],[142.86,-11.84],[142.97,-11.93],[143.06,-11.93],[143.1,-11.89],[143.17,-11.98],[143.24,-11.97],[143.19,-11.99],[143.08,-12.15],[143.08,-12.34],[143.25,-12.38],[143.27,-12.51],[143.3,-12.55],[143.44,-12.61],[143.36,-12.8],[143.35,-12.9],[143.38,-12.9],[143.39,-12.88],[143.4,-12.89],[143.45,-12.85],[143.54,-12.84],[143.5,-13.13],[143.51,-13.15],[143.52,-13.18],[143.52,-13.26],[143.52,-13.28],[143.53,-13.33],[143.6,-13.42],[143.53,-13.75],[143.77,-14.39],[144.03,-14.48],[144.19,-14.26],[144.34,-14.31],[144.52,-14.17],[144.65,-14.36],[144.62,-14.42],[144.62,-14.44],[144.62,-14.48],[144.68,-14.55],[145.35,-14.95],[145.23,-15.14],[145.36,-15.27],[145.22,-15.45],[145.32,-15.67],[145.21,-15.64],[145.14,-15.89],[145.11,-15.86],[144.9,-16.21],[145.53,-16.8],[145.52,-17.14],[145.32,-17.37],[145.63,-18.67],[146.04,-18.9],[146.4,-19.35],[146.61,-19.16],[146.9,-19.31],[147.01,-19.18],[147.12,-19.42],[147.44,-19.42],[147.4,-19.3],[147.44,-19.34],[147.49,-19.47],[147.57,-19.57],[147.52,-19.67],[147.67,-19.83],[147.82,-19.71],[147.93,-19.91],[148.0,-19.93],[148.08,-19.88],[148.11,-19.94],[148.16,-19.97],[148.19,-19.94],[148.26,-19.98],[148.23,-20.04],[148.33,-20.2],[148.17,-20.48],[148.52,-20.92],[148.39,-21.13],[148.66,-21.56],[148.82,-21.36],[149.01,-21.41],[148.88,-21.5],[148.94,-21.7],[149.04,-21.66],[149.09,-22.0],[149.14,-21.81],[149.28,-22.04],[149.33,-22.66],[149.48,-22.79],[149.33,-22.34],[149.45,-22.09],[149.54,-22.31],[149.63,-22.3],[149.6,-22.36],[149.61,-22.36],[149.62,-22.37],[149.65,-22.37],[149.68,-22.34],[149.7,-22.37],[149.63,-22.54],[149.75,-22.47],[149.81,-22.38],[149.96,-22.54],[149.99,-22.6],[150.0,-22.61],[150.02,-22.64],[150.04,-22.66],[150.01,-22.53],[149.91,-22.35],[150.06,-22.13],[150.06,-22.15],[150.07,-22.16],[150.08,-22.15],[150.1,-22.22],[150.15,-22.26],[150.16,-22.3],[150.19,-22.33],[150.18,-22.36],[150.23,-22.39],[150.3,-22.4],[150.3,-22.42],[150.4,-22.5],[150.42,-22.49],[150.44,-22.52],[150.49,-22.54],[150.49,-22.52],[150.6,-22.6],[150.37,-22.82],[150.7,-22.96],[150.77,-23.32],[150.87,-23.48],[150.85,-23.51],[150.73,-23.48],[150.7,-23.51],[150.86,-23.62],[150.87,-23.58],[150.89,-23.61],[150.93,-23.62],[151.02,-23.57],[151.04,-23.64],[151.15,-23.73],[151.27,-24.08],[151.13,-24.46],[151.0,-24.31],[151.08,-24.15],[150.79,-24.23],[151.41,-24.94],[151.37,-25.33],[151.67,-25.97],[151.56,-26.11],[151.81,-26.5],[151.59,-26.59],[151.54,-26.92],[152.01,-27.18],[151.99,-27.75],[152.33,-27.97],[152.37,-28.32],[152.14,-28.45],[151.74,-28.13],[151.75,-27.99],[151.55,-28.16],[151.45,-28.09],[151.26,-28.09],[151.49,-28.2],[151.23,-28.19],[151.41,-28.3],[151.16,-28.57],[151.07,-28.51],[151.13,-28.81],[150.87,-28.85],[150.91,-29.16],[150.62,-29.45],[150.74,-29.57],[150.61,-29.65],[150.29,-29.47],[150.16,-30.05],[149.96,-30.06],[149.94,-30.28],[150.07,-30.22],[150.03,-30.34],[150.25,-30.47],[150.33,-30.81],[150.38,-30.63],[150.58,-31.42],[150.88,-31.81],[150.68,-31.93],[150.75,-32.18],[150.67,-32.08],[150.29,-32.28],[149.97,-32.22],[149.52,-31.9],[149.27,-32.16],[149.4,-32.26],[149.26,-32.32],[149.11,-32.15],[148.98,-32.36],[148.62,-32.46],[148.27,-32.22],[148.23,-31.93],[148.43,-31.69],[148.67,-31.74],[148.57,-31.41],[148.74,-31.39],[148.89,-30.93],[148.47,-30.45],[149.72,-30.25],[149.44,-29.8],[149.94,-29.42],[149.65,-28.97],[150.25,-28.72],[150.73,-28.81],[150.82,-28.65],[150.48,-28.65],[150.19,-28.3],[149.88,-28.36],[149.94,-28.18],[149.69,-28.29],[148.78,-28.98],[148.63,-29.49],[148.34,-29.68],[148.55,-29.19],[148.93,-28.74],[148.82,-28.37],[148.92,-28.21],[148.78,-28.33],[148.84,-28.11],[148.55,-27.75],[148.68,-27.78],[148.81,-27.3],[148.52,-26.99],[148.38,-27.08],[148.39,-26.95],[148.2,-26.92],[148.27,-26.82],[148.06,-26.89],[147.7,-26.69],[147.62,-26.39],[147.56,-26.7],[147.27,-26.72],[147.21,-26.59],[147.13,-26.73],[146.95,-26.31],[147.1,-26.07],[147.04,-25.64],[146.81,-26.07],[146.38,-26.2],[146.59,-25.83],[146.15,-26.05],[146.04,-25.68],[145.71,-25.64],[145.88,-24.73],[145.62,-25.27],[145.46,-25.13],[145.36,-25.23],[145.53,-25.41],[145.18,-25.59],[144.98,-25.44],[145.02,-25.12],[145.2,-24.99],[144.9,-25.03],[144.68,-24.64],[144.52,-24.91],[144.24,-24.86],[144.18,-25.13],[143.9,-25.21],[143.93,-26.15],[143.69,-25.6],[143.85,-25.5],[143.65,-25.27],[143.53,-25.34],[143.5,-25.17],[143.72,-24.98],[143.55,-24.97],[143.64,-24.66],[143.4,-24.55],[143.31,-24.15],[143.14,-24.1],[143.27,-23.84],[143.11,-23.61],[143.15,-23.07],[143.27,-23.14],[143.22,-22.99],[143.43,-22.97],[143.18,-22.55],[142.98,-22.54],[142.99,-22.66],[142.83,-22.5],[142.57,-22.57],[142.21,-23.23],[142.25,-23.07],[142.04,-23.17],[141.61,-23.0],[141.44,-23.39],[140.69,-23.94],[140.87,-24.14],[140.72,-24.39],[140.88,-24.23],[140.85,-24.41],[140.57,-24.65],[140.37,-24.51],[140.44,-24.68],[140.15,-24.5],[139.97,-24.6],[140.05,-24.43],[139.79,-24.39],[140.01,-24.26],[139.9,-23.5],[140.09,-23.3],[139.77,-23.39],[139.61,-23.06],[139.15,-22.94],[138.76,-23.26],[138.7,-22.8],[138.44,-22.94],[138.49,-22.69],[138.26,-22.51],[137.67,-22.59],[137.51,-22.22],[136.59,-21.54],[136.89,-21.38],[137.11,-20.98],[137.77,-21.12],[137.53,-20.67],[137.13,-20.43],[136.83,-19.89],[136.33,-19.77],[136.03,-19.39],[135.19,-19.31],[135.25,-19.01],[134.65,-19.08],[133.78,-17.98],[133.38,-18.07],[132.82,-18.47],[130.14,-18.15],[129.41,-18.66],[128.67,-18.62],[128.35,-18.77],[128.2,-19.15],[127.67,-19.48],[127.49,-19.29],[126.79,-19.36],[126.27,-19.19],[125.35,-19.35],[124.73,-19.07],[124.75,-18.9],[124.53,-18.74],[124.07,-18.9],[123.75,-18.81],[123.54,-18.95]],[[124.45,-16.41],[124.84,-16.43],[124.9,-16.42],[124.88,-16.41],[124.83,-16.41],[124.81,-16.42],[124.69,-16.34],[124.57,-16.33],[124.42,-16.36],[124.39,-16.34],[124.45,-16.41]],[[124.92,-16.42],[124.95,-16.39],[124.95,-16.38],[124.93,-16.38],[124.9,-16.42],[124.92,-16.42]],[[146.92,-25.42],[146.77,-25.12],[146.54,-25.14],[146.71,-25.21],[146.63,-25.39],[146.78,-25.35],[146.48,-25.86],[146.92,-25.42]]],[[[130.35,-11.34],[130.45,-11.7],[130.61,-11.82],[130.05,-11.82],[130.02,-11.78],[130.07,-11.76],[130.08,-11.67],[130.28,-11.7],[130.15,-11.48],[130.35,-11.34]]],[[[131.26,-11.19],[131.54,-11.45],[130.96,-11.94],[130.69,-11.8],[130.68,-11.76],[130.59,-11.69],[130.49,-11.66],[130.41,-11.31],[130.36,-11.25],[130.81,-11.53],[130.7,-11.38],[131.01,-11.42],[131.15,-11.25],[131.17,-11.31],[131.19,-11.34],[131.21,-11.34],[131.26,-11.19]]],[[[136.95,-14.3],[136.86,-14.28],[136.82,-14.28],[136.81,-14.29],[136.81,-14.27],[136.78,-14.26],[136.76,-14.26],[136.75,-14.26],[136.65,-14.3],[136.44,-14.2],[136.33,-14.25],[136.32,-14.21],[136.41,-14.17],[136.42,-14.14],[136.44,-14.13],[136.44,-14.12],[136.41,-13.83],[136.63,-13.79],[136.58,-13.69],[136.63,-13.72],[136.73,-13.65],[136.68,-13.74],[136.73,-13.84],[136.92,-13.81],[136.78,-13.93],[136.7,-14.17],[136.86,-14.21],[136.9,-14.2],[136.95,-14.3]]],[[[139.16,-16.67],[139.24,-16.5],[139.55,-16.39],[139.71,-16.53],[139.54,-16.49],[139.45,-16.57],[139.47,-16.58],[139.44,-16.63],[139.45,-16.67],[139.42,-16.67],[139.41,-16.65],[139.39,-16.64],[139.38,-16.63],[139.16,-16.67]]],[[[142.57,-9.1],[143.26,-9.02],[142.63,-9.34],[142.19,-9.14],[141.11,-9.24],[140.6,-8.79],[140.46,-8.47],[139.94,-8.15],[140.06,-7.88],[140.46,-8.04],[140.87,-7.95],[141.06,-8.2],[141.4,-7.99],[141.5,-8.2],[141.87,-8.14],[141.83,-8.31],[142.08,-8.51],[142.24,-8.37],[142.61,-8.63],[142.57,-9.1]]],[[[147.39,-30.03],[147.35,-29.67],[147.66,-29.53],[147.85,-29.04],[148.07,-28.98],[147.93,-29.12],[148.0,-29.44],[147.81,-29.44],[147.84,-29.74],[147.39,-30.03]]]]}},{"type":"Feature","properties":{"biome":"Temperate Grasslands, Savannas & Shrublands","style":{"fillColor":"#FEFF73"}},"geometry":{"type":"MultiPolygon","coordinates":[[[[-96.63,29.91],[-96.6,29.71],[-97.31,29.04],[-97.69,28.98],[-96.63,30.2],[-95.81,30.55],[-95.86,30.4],[-95.66,30.34],[-96.2,30.2],[-96.4,29.9],[-96.63,29.91]]],[[[-95.17,33.49],[-95.49,33.47],[-95.6,33.22],[-95.92,33.04],[-96.07,33.16],[-96.23,32.97],[-96.19,32.44],[-96.54,32.45],[-96.19,32.15],[-96.23,31.99],[-96.9,30.85],[-97.54,30.29],[-97.57,29.77],[-97.7,29.8],[-98.35,29.23],[-98.77,29.23],[-98.88,29.49],[-99.86,29.32],[-100.69,29.62],[-100.67,29.83],[-101.01,29.65],[-101.33,30.16],[-101.74,30.28],[-101.65,30.64],[-101.99,31.01],[-101.99,31.25],[-102.31,31.42],[-102.85,31.39],[-103.15,32.19],[-104.04,32.79],[-103.97,33.39],[-104.26,33.82],[-104.63,33.75],[-104.77,33.3],[-104.58,33.02],[-105.06,32.64],[-105.27,32.84],[-105.21,33.68],[-105.51,33.7],[-105.65,33.97],[-106.15,33.71],[-106.37,34.16],[-106.73,34.1],[-106.16,34.85],[-106.28,35.16],[-105.9,35.25],[-105.79,35.54],[-105.49,35.29],[-105.52,35.43],[-105.24,35.53],[-105.11,36.2],[-104.74,36.3],[-105.02,36.48],[-104.43,36.91],[-104.19,36.78],[-103.86,36.92],[-104.52,37.15],[-104.76,37.58],[-105.08,37.53],[-104.87,37.95],[-105.26,38.5],[-104.84,38.46],[-104.82,39.0],[-105.29,40.02],[-105.14,40.49],[-105.16,41.38],[-104.9,41.79],[-105.25,41.81],[-105.21,42.26],[-105.03,42.37],[-105.22,42.61],[-105.47,42.47],[-105.5,42.75],[-106.4,42.77],[-106.91,43.33],[-106.66,43.69],[-106.82,43.85],[-106.91,44.6],[-107.99,45.26],[-108.13,45.18],[-108.03,44.92],[-108.28,45.03],[-108.41,45.36],[-108.86,45.24],[-108.79,45.57],[-109.07,45.08],[-109.92,45.41],[-109.61,45.51],[-109.76,45.55],[-109.74,45.69],[-110.0,45.69],[-110.06,45.55],[-110.56,45.62],[-110.6,45.35],[-110.99,45.15],[-110.57,45.62],[-110.75,45.62],[-110.88,45.71],[-111.35,45.55],[-111.27,45.48],[-111.45,45.46],[-111.58,45.55],[-111.45,44.62],[-112.18,44.59],[-112.19,44.41],[-111.94,44.38],[-112.39,44.29],[-113.02,43.67],[-113.57,43.51],[-113.8,43.57],[-113.76,43.76],[-113.95,43.72],[-113.93,43.88],[-114.43,44.17],[-114.31,44.17],[-114.28,44.76],[-113.94,45.01],[-114.0,45.47],[-113.5,45.01],[-113.58,44.86],[-113.28,44.81],[-113.44,44.96],[-113.17,45.28],[-113.5,45.28],[-113.68,45.61],[-112.91,46.09],[-113.06,46.17],[-112.92,46.19],[-112.87,46.45],[-113.29,46.48],[-113.33,46.69],[-113.67,46.71],[-113.98,46.86],[-113.89,46.56],[-114.13,45.91],[-114.24,46.37],[-114.1,46.82],[-114.59,47.2],[-113.69,46.73],[-113.11,46.71],[-112.6,46.5],[-112.8,46.79],[-113.15,46.77],[-112.93,46.93],[-112.65,46.8],[-112.37,46.56],[-112.52,46.57],[-112.75,46.1],[-112.46,46.02],[-112.43,45.9],[-112.61,45.96],[-112.71,45.76],[-112.57,45.66],[-112.38,45.65],[-112.12,46.13],[-111.99,45.95],[-112.16,46.28],[-112.03,46.32],[-112.0,46.18],[-111.66,46.37],[-111.81,46.53],[-112.0,46.38],[-112.31,46.46],[-112.23,46.67],[-112.54,46.81],[-112.34,47.02],[-112.38,47.24],[-112.72,47.46],[-112.6,47.52],[-112.71,47.6],[-112.64,47.95],[-112.84,48.17],[-112.74,48.23],[-113.11,48.33],[-113.45,49.07],[-113.87,49.24],[-114.19,49.63],[-114.14,49.99],[-113.98,49.74],[-113.85,49.81],[-113.97,50.12],[-114.24,50.1],[-114.54,50.42],[-114.32,50.71],[-114.45,50.75],[-114.35,50.94],[-114.61,51.38],[-114.5,51.69],[-114.14,51.97],[-114.43,52.23],[-114.32,52.33],[-114.1,52.16],[-114.06,52.61],[-113.79,52.58],[-113.95,52.95],[-113.83,53.12],[-114.08,53.42],[-113.89,53.66],[-114.03,53.98],[-113.56,54.13],[-112.95,53.89],[-112.22,54.05],[-111.89,53.76],[-111.64,53.84],[-111.55,53.53],[-111.39,53.62],[-111.02,53.46],[-110.94,53.73],[-110.69,53.69],[-110.92,53.86],[-110.63,53.85],[-110.08,53.59],[-109.63,53.58],[-108.56,52.94],[-108.72,53.11],[-108.54,53.25],[-108.21,53.17],[-108.06,53.28],[-107.78,53.02],[-107.31,53.09],[-107.34,52.9],[-106.7,53.04],[-106.17,52.59],[-105.87,52.78],[-105.37,52.78],[-105.35,52.47],[-104.99,52.45],[-104.93,52.6],[-104.67,52.42],[-104.5,52.55],[-103.95,52.36],[-103.74,52.43],[-103.49,51.93],[-102.86,51.81],[-102.55,51.94],[-101.91,51.52],[-102.21,51.53],[-102.18,51.41],[-101.63,51.36],[-101.45,51.28],[-101.41,50.97],[-101.16,51.01],[-100.97,50.73],[-100.16,50.41],[-99.67,50.35],[-99.64,50.47],[-99.41,50.34],[-99.58,50.76],[-99.87,51.0],[-100.81,51.05],[-101.22,51.27],[-100.63,51.35],[-100.56,51.81],[-100.41,51.55],[-99.31,51.42],[-98.28,50.78],[-97.72,50.81],[-97.41,50.24],[-97.07,50.52],[-96.97,49.96],[-96.82,50.08],[-96.58,49.84],[-96.55,50.0],[-96.3,49.92],[-96.47,49.64],[-96.42,49.06],[-96.66,48.88],[-96.46,48.71],[-96.0,48.89],[-95.6,48.86],[-95.74,48.79],[-95.57,48.47],[-95.83,48.49],[-95.48,48.36],[-95.67,48.19],[-95.47,47.7],[-95.8,47.47],[-95.92,46.87],[-96.29,46.87],[-96.29,46.48],[-95.59,45.38],[-94.9,45.12],[-94.64,45.18],[-94.48,44.94],[-94.11,44.9],[-94.02,44.28],[-93.74,44.1],[-93.21,44.29],[-93.2,44.73],[-92.56,45.11],[-92.25,45.05],[-92.2,44.76],[-92.78,44.75],[-93.01,44.46],[-92.98,44.28],[-92.7,44.11],[-92.57,43.71],[-91.94,43.37],[-91.81,42.83],[-91.02,42.57],[-90.4,42.14],[-90.06,42.11],[-89.92,42.28],[-90.02,42.4],[-89.66,42.61],[-89.54,43.32],[-89.69,43.41],[-89.49,43.65],[-89.09,43.75],[-89.17,43.98],[-88.85,44.28],[-87.94,44.53],[-87.7,44.75],[-87.46,44.56],[-87.91,43.26],[-87.76,42.78],[-87.81,42.23],[-87.5,41.69],[-87.0,41.6],[-87.09,41.28],[-86.94,41.51],[-87.0,41.29],[-86.43,41.73],[-86.28,41.67],[-86.93,40.49],[-87.27,40.36],[-87.36,40.45],[-87.47,40.18],[-87.31,39.72],[-86.88,39.7],[-87.06,39.65],[-86.82,39.02],[-86.96,38.53],[-86.77,37.92],[-86.47,37.47],[-85.78,37.35],[-87.03,36.96],[-88.01,37.24],[-88.05,37.5],[-88.49,37.29],[-88.4,37.16],[-88.45,37.05],[-88.27,37.02],[-88.24,36.5],[-88.01,36.06],[-88.1,35.29],[-87.89,35.1],[-87.69,35.24],[-87.66,35.03],[-88.03,34.76],[-87.71,34.56],[-87.8,34.28],[-87.57,34.26],[-87.83,34.11],[-87.66,33.58],[-87.47,33.22],[-87.17,33.17],[-87.13,32.97],[-86.68,32.97],[-86.26,32.62],[-84.69,32.54],[-83.58,32.86],[-83.16,33.03],[-83.13,33.2],[-83.04,33.09],[-83.11,33.28],[-82.99,33.11],[-82.7,33.34],[-82.6,33.24],[-82.44,33.56],[-82.37,33.42],[-82.01,33.49],[-81.89,33.81],[-80.75,34.22],[-80.87,34.28],[-80.65,34.31],[-80.45,34.75],[-79.94,34.82],[-79.78,35.31],[-78.98,35.35],[-79.23,35.43],[-78.82,35.42],[-78.77,35.52],[-78.94,35.52],[-78.84,35.65],[-78.44,35.55],[-78.12,35.68],[-78.13,35.95],[-77.6,36.69],[-77.53,38.34],[-76.59,39.38],[-74.75,40.19],[-75.43,39.68],[-75.36,39.41],[-75.03,39.3],[-75.07,39.52],[-74.78,39.21],[-74.95,38.95],[-74.9,39.18],[-75.14,39.18],[-75.57,39.56],[-75.4,39.07],[-75.09,38.8],[-75.06,38.61],[-75.05,38.44],[-75.09,38.33],[-75.43,37.99],[-75.7,37.59],[-75.67,37.53],[-75.81,37.51],[-75.9,37.36],[-75.94,37.24],[-75.94,37.14],[-76.02,37.33],[-75.83,37.57],[-75.94,37.56],[-75.62,37.99],[-75.9,37.97],[-75.74,38.09],[-75.95,38.18],[-75.76,38.29],[-75.92,38.26],[-75.82,38.48],[-75.95,38.24],[-75.98,38.37],[-76.03,38.22],[-76.22,38.4],[-76.27,38.37],[-76.33,38.5],[-76.12,38.53],[-76.29,38.63],[-76.02,38.55],[-75.94,38.68],[-76.0,38.76],[-76.03,38.58],[-76.18,38.68],[-76.2,38.67],[-76.29,38.81],[-76.34,38.67],[-76.34,38.77],[-76.25,38.86],[-76.18,38.74],[-76.13,38.78],[-76.06,38.89],[-76.25,38.97],[-76.0,39.15],[-76.23,39.05],[-76.27,39.17],[-76.11,39.37],[-75.88,39.36],[-76.04,39.39],[-75.8,39.62],[-76.0,39.45],[-75.95,39.59],[-76.1,39.55],[-76.23,39.35],[-76.25,39.46],[-76.3,39.3],[-76.31,39.45],[-76.49,39.3],[-76.42,39.2],[-76.53,39.27],[-76.63,39.27],[-76.39,39.01],[-76.62,39.08],[-76.45,38.94],[-76.61,38.98],[-76.59,38.94],[-76.56,38.95],[-76.55,38.92],[-76.53,38.93],[-76.51,38.9],[-76.49,38.9],[-76.57,38.78],[-76.39,38.36],[-76.69,38.54],[-76.7,38.74],[-76.7,38.5],[-76.45,38.29],[-76.4,38.31],[-76.32,38.04],[-76.63,38.28],[-76.82,38.3],[-76.8,38.36],[-76.92,38.39],[-76.85,38.31],[-76.84,38.27],[-77.04,38.34],[-76.98,38.16],[-76.69,38.16],[-76.24,37.89],[-76.28,37.61],[-76.42,37.64],[-76.39,37.67],[-76.36,37.77],[-76.51,37.64],[-76.86,37.93],[-76.44,37.47],[-76.25,37.44],[-76.28,37.31],[-76.44,37.45],[-76.39,37.26],[-76.5,37.25],[-76.81,37.51],[-76.49,37.22],[-76.61,37.21],[-76.66,37.22],[-76.77,37.22],[-76.77,37.21],[-77.01,37.3],[-77.02,37.22],[-76.77,37.17],[-76.96,37.03],[-76.69,37.2],[-76.62,36.98],[-76.49,36.96],[-76.55,36.83],[-75.99,36.92],[-75.54,35.78],[-75.94,36.72],[-75.9,36.49],[-76.05,36.62],[-76.08,36.5],[-75.92,36.43],[-75.79,36.07],[-76.05,36.36],[-75.91,36.16],[-76.22,36.3],[-76.06,36.15],[-76.46,36.2],[-76.3,36.09],[-76.58,36.01],[-76.69,36.06],[-76.67,36.28],[-76.79,36.36],[-76.72,35.94],[-76.06,35.99],[-76.04,35.65],[-75.86,35.98],[-75.73,35.82],[-75.77,35.58],[-75.9,35.64],[-76.15,35.33],[-76.53,35.4],[-76.45,35.55],[-76.63,35.52],[-76.58,35.39],[-77.06,35.54],[-76.47,35.28],[-76.77,35.14],[-76.54,35.15],[-76.8,34.96],[-76.54,34.88],[-76.46,35.08],[-76.44,34.9],[-76.32,34.89],[-76.52,34.72],[-77.15,34.77],[-77.32,34.55],[-77.35,34.73],[-77.44,34.75],[-77.34,34.53],[-77.65,34.35],[-77.51,34.47],[-77.54,34.46],[-77.73,34.31],[-77.83,34.21],[-77.86,34.15],[-77.94,33.93],[-77.93,34.02],[-78.55,33.87],[-79.01,33.57],[-79.17,33.21],[-79.29,33.34],[-79.19,33.17],[-79.56,33.02],[-79.58,32.91],[-79.74,32.87],[-79.76,32.81],[-79.93,32.8],[-79.99,32.61],[-80.86,32.53],[-80.76,32.28],[-80.78,32.26],[-80.8,32.23],[-80.79,32.19],[-80.89,32.13],[-80.91,32.08],[-80.84,32.0],[-81.14,31.86],[-81.18,31.82],[-81.18,31.8],[-81.16,31.78],[-81.18,31.76],[-81.16,31.73],[-81.27,31.79],[-81.13,31.63],[-81.3,31.54],[-81.26,31.53],[-81.33,31.48],[-81.34,31.44],[-81.29,31.37],[-81.33,31.33],[-81.44,31.34],[-81.53,30.83],[-81.31,29.83],[-80.75,28.74],[-80.85,28.8],[-80.82,28.65],[-80.74,28.4],[-80.21,27.22],[-80.19,27.17],[-80.09,27.02],[-80.05,26.86],[-80.31,26.68],[-80.83,27.2],[-81.18,26.85],[-80.98,26.6],[-80.97,26.31],[-81.21,26.42],[-81.17,26.26],[-81.55,26.26],[-81.77,26.52],[-81.8,26.42],[-81.79,26.15],[-81.77,26.14],[-81.8,26.1],[-81.84,26.47],[-81.99,26.5],[-81.93,26.54],[-81.88,26.64],[-81.75,26.73],[-81.86,26.69],[-81.95,26.54],[-82.03,26.55],[-82.06,26.95],[-82.31,26.86],[-82.45,27.06],[-82.44,27.11],[-82.57,27.4],[-82.58,27.42],[-82.69,27.47],[-82.54,27.57],[-82.56,27.64],[-82.45,27.7],[-82.47,27.72],[-82.39,27.77],[-82.44,27.78],[-82.38,27.82],[-82.41,27.95],[-82.47,27.82],[-82.48,27.82],[-82.49,27.82],[-82.5,27.84],[-82.53,27.83],[-82.55,27.97],[-82.7,28.04],[-82.74,27.93],[-82.69,27.93],[-82.62,27.87],[-82.63,27.83],[-82.59,27.82],[-82.61,27.79],[-82.62,27.79],[-82.63,27.78],[-82.64,27.7],[-82.68,27.69],[-82.75,27.84],[-82.85,27.87],[-82.79,27.98],[-82.79,28.2],[-82.67,28.43],[-82.68,28.46],[-82.65,28.55],[-82.66,28.6],[-82.63,28.7],[-82.64,28.89],[-84.0,30.11],[-85.35,29.65],[-85.32,29.84],[-85.69,30.12],[-85.39,30.05],[-85.73,30.18],[-85.61,30.28],[-85.85,30.28],[-85.73,30.12],[-86.51,30.39],[-86.12,30.38],[-86.2,30.5],[-87.18,30.34],[-86.87,30.44],[-87.19,30.58],[-87.27,30.34],[-87.5,30.31],[-87.34,30.43],[-87.44,30.5],[-87.56,30.27],[-88.03,30.22],[-87.75,30.28],[-88.0,30.78],[-88.19,30.32],[-88.19,30.37],[-88.36,30.41],[-88.73,30.34],[-88.85,30.44],[-89.7,30.18],[-90.41,30.42],[-90.95,30.16],[-91.18,30.41],[-91.57,30.94],[-91.36,31.68],[-90.2,33.1],[-90.01,33.76],[-90.03,34.32],[-90.22,34.62],[-90.08,35.3],[-89.43,35.97],[-89.43,36.26],[-89.1,36.6],[-89.11,37.13],[-89.63,37.05],[-89.69,37.15],[-89.49,37.25],[-89.76,37.29],[-89.98,37.8],[-90.38,38.16],[-90.29,38.46],[-90.46,38.63],[-91.02,38.45],[-91.57,38.64],[-92.54,38.4],[-92.8,38.73],[-92.57,38.84],[-92.95,38.87],[-93.02,38.69],[-93.15,38.77],[-93.03,38.68],[-93.29,38.63],[-93.1,38.48],[-93.61,38.3],[-93.7,38.07],[-93.95,38.08],[-93.75,37.98],[-94.05,37.71],[-93.93,37.71],[-94.0,37.43],[-94.57,37.31],[-94.84,36.69],[-95.13,36.57],[-95.3,36.03],[-95.19,35.78],[-95.33,35.65],[-95.14,35.68],[-95.23,35.35],[-95.85,35.32],[-96.66,34.73],[-96.36,34.47],[-96.35,34.25],[-96.55,34.26],[-96.07,34.08],[-96.5,34.02],[-96.7,33.78],[-96.2,33.62],[-95.6,33.76],[-95.63,33.65],[-95.17,33.49]],[[-75.16,38.7],[-75.1,38.62],[-75.29,38.6],[-75.06,38.61],[-75.16,38.7]],[[-75.06,38.51],[-75.19,38.43],[-75.09,38.33],[-75.06,38.51]],[[-77.07,37.33],[-77.23,37.32],[-77.01,37.3],[-77.07,37.33]],[[-77.09,35.17],[-76.97,35.0],[-76.8,34.96],[-77.09,35.17]],[[-77.51,34.45],[-77.48,34.48],[-77.51,34.47],[-77.51,34.45]],[[-80.32,27.24],[-80.32,27.29],[-80.33,27.23],[-80.21,27.2],[-80.21,27.22],[-80.32,27.24]],[[-88.09,37.49],[-88.29,37.7],[-89.4,37.62],[-89.26,37.28],[-88.89,37.37],[-88.79,37.28],[-88.66,37.36],[-88.51,37.3],[-88.09,37.49]],[[-108.99,46.84],[-108.89,46.89],[-108.86,47.02],[-109.31,46.92],[-109.41,47.16],[-109.71,46.83],[-109.53,46.87],[-109.69,46.79],[-109.25,46.65],[-108.86,46.75],[-108.99,46.84]],[[-110.22,46.28],[-110.59,46.46],[-110.5,46.01],[-110.13,45.96],[-110.22,46.28]],[[-103.74,43.26],[-103.47,43.25],[-103.24,44.16],[-103.66,44.62],[-103.99,44.62],[-104.41,44.97],[-104.9,44.78],[-104.9,44.45],[-104.68,44.16],[-104.51,44.17],[-103.74,43.26]],[[-111.02,46.41],[-111.85,46.93],[-111.73,46.55],[-111.53,46.62],[-111.23,46.3],[-111.32,46.16],[-111.01,46.13],[-111.11,46.02],[-110.96,45.71],[-110.7,45.74],[-110.77,45.94],[-110.97,45.99],[-110.89,46.2],[-111.19,46.21],[-111.02,46.41]],[[-111.9,45.26],[-112.05,45.25],[-111.91,45.05],[-111.98,44.81],[-111.6,44.7],[-111.56,44.85],[-111.9,45.26]],[[-111.8,45.42],[-111.99,45.73],[-112.21,45.55],[-111.8,45.42]],[[-112.63,44.45],[-112.2,44.39],[-112.68,44.57],[-112.92,44.92],[-113.03,44.75],[-112.79,44.54],[-112.91,44.78],[-112.63,44.45]],[[-112.65,44.28],[-112.97,44.46],[-113.12,44.93],[-113.27,44.73],[-112.87,44.24],[-112.65,44.28]],[[-113.32,45.78],[-113.38,45.39],[-112.79,45.31],[-112.71,45.89],[-112.91,46.08],[-113.32,45.78]],[[-113.85,44.88],[-113.7,44.96],[-113.85,45.08],[-113.9,44.72],[-112.92,43.89],[-112.93,44.09],[-113.85,44.88]],[[-113.45,43.96],[-114.04,44.5],[-113.81,44.09],[-113.45,43.96]],[[-113.39,43.94],[-113.22,43.75],[-113.3,44.1],[-113.45,43.96],[-113.39,43.94]]],[[[-80.62,28.63],[-80.61,28.51],[-80.72,28.41],[-80.82,28.65],[-80.62,28.63]]],[[[-82.48,27.72],[-82.48,27.74],[-82.47,27.72],[-82.48,27.72]]],[[[-90.84,35.84],[-90.61,36.2],[-90.11,36.52],[-90.04,36.79],[-90.2,36.95],[-89.82,37.08],[-90.05,36.49],[-90.67,35.82],[-90.71,34.88],[-90.82,35.08],[-90.68,35.71],[-90.84,35.84]]],[[[-121.09,38.46],[-120.97,37.95],[-120.69,37.82],[-120.77,37.68],[-120.47,37.67],[-119.98,37.09],[-119.68,36.87],[-119.51,36.92],[-119.43,36.69],[-119.35,36.77],[-119.24,36.51],[-119.01,36.42],[-119.11,36.29],[-118.92,36.06],[-118.91,35.68],[-118.59,35.29],[-118.79,35.16],[-118.72,35.02],[-119.44,35.03],[-119.63,35.23],[-119.39,35.13],[-119.34,35.17],[-119.68,35.35],[-119.71,35.35],[-120.16,35.7],[-119.88,35.76],[-119.95,35.99],[-120.85,36.77],[-121.18,37.45],[-121.57,37.7],[-121.77,37.95],[-121.68,38.0],[-122.13,38.05],[-122.03,38.24],[-121.82,38.07],[-121.69,38.16],[-121.97,38.33],[-122.13,38.7],[-121.87,38.76],[-122.3,39.12],[-122.27,39.64],[-122.45,39.92],[-122.29,40.17],[-122.13,40.21],[-121.76,39.68],[-121.57,39.65],[-121.3,38.78],[-121.12,38.68],[-121.2,38.45],[-121.09,38.46]],[[-119.32,35.27],[-119.51,35.34],[-119.68,35.35],[-119.32,35.27]]],[[[-122.71,44.66],[-122.69,44.31],[-123.02,44.18],[-122.79,44.21],[-122.91,44.1],[-122.71,44.1],[-122.87,44.02],[-122.66,43.9],[-122.98,43.9],[-122.89,43.74],[-123.04,43.77],[-123.13,43.6],[-123.35,43.67],[-123.41,43.86],[-123.28,43.89],[-123.55,44.04],[-123.4,44.19],[-123.41,44.96],[-123.68,45.08],[-123.35,45.22],[-123.3,45.68],[-123.05,45.72],[-122.69,45.49],[-122.88,45.68],[-122.85,46.0],[-122.19,45.61],[-122.33,45.53],[-122.27,45.3],[-122.7,45.01],[-122.72,44.85],[-122.46,44.75],[-122.71,44.66]]],[[[-116.69,46.22],[-116.34,46.33],[-116.39,46.46],[-116.4,46.48],[-115.97,46.0],[-116.25,45.84],[-116.69,46.22]]],[[[-119.2,48.36],[-119.43,48.36],[-119.3,48.13],[-118.84,48.22],[-118.97,47.96],[-117.68,47.87],[-117.37,47.54],[-116.93,47.41],[-117.09,47.27],[-116.94,47.31],[-116.78,47.11],[-117.01,47.13],[-117.01,47.01],[-116.65,46.95],[-117.0,46.87],[-117.0,46.67],[-116.63,46.38],[-117.06,46.07],[-117.55,46.36],[-117.78,46.32],[-118.16,46.08],[-118.12,45.84],[-118.61,45.57],[-118.5,45.41],[-119.79,45.06],[-120.43,44.96],[-120.51,45.09],[-121.06,44.81],[-120.98,44.93],[-121.41,45.15],[-121.15,45.45],[-121.28,45.61],[-120.89,45.89],[-120.41,45.84],[-120.35,46.01],[-120.66,46.05],[-120.98,46.42],[-120.9,46.81],[-120.74,46.79],[-120.67,46.96],[-120.79,47.16],[-120.23,47.12],[-120.51,47.52],[-120.02,47.84],[-120.18,47.95],[-119.97,47.85],[-119.88,47.95],[-120.31,48.53],[-120.22,48.6],[-120.0,48.42],[-120.05,48.19],[-119.8,48.17],[-119.58,48.45],[-119.77,48.55],[-119.55,48.52],[-119.62,48.83],[-119.45,48.83],[-119.71,48.96],[-119.62,49.16],[-119.76,49.37],[-119.34,49.26],[-119.48,49.23],[-119.3,49.0],[-119.41,48.89],[-119.21,48.68],[-119.46,48.6],[-119.25,48.51],[-119.5,48.51],[-119.2,48.36]]],[[[-68.13,-53.32],[-67.53,-53.93],[-68.05,-54.08],[-68.77,-53.95],[-69.35,-53.69],[-69.38,-53.35],[-69.75,-53.37],[-70.14,-53.01],[-70.11,-52.89],[-70.44,-52.78],[-69.92,-52.84],[-69.56,-52.51],[-69.17,-52.69],[-68.78,-52.54],[-68.27,-52.96],[-68.2,-53.13],[-68.35,-53.02],[-68.54,-53.24],[-68.13,-53.32]]],[[[-59.85,-51.96],[-60.3,-52.01],[-60.64,-52.26],[-60.66,-52.13],[-60.79,-52.19],[-61.07,-52.01],[-60.5,-52.02],[-60.39,-51.93],[-60.49,-51.95],[-60.63,-51.93],[-60.18,-51.76],[-60.55,-51.81],[-60.64,-51.67],[-60.01,-51.74],[-60.65,-51.34],[-60.12,-51.51],[-60.03,-51.39],[-59.52,-51.48],[-59.38,-51.34],[-59.19,-51.4],[-59.85,-51.96]]],[[[-58.15,-51.61],[-58.37,-51.49],[-58.32,-51.48],[-58.27,-51.4],[-57.94,-51.37],[-57.74,-51.52],[-58.16,-51.55],[-57.71,-51.69],[-58.28,-51.75],[-58.11,-51.79],[-58.44,-51.92],[-58.94,-51.79],[-58.58,-52.01],[-58.65,-52.14],[-59.25,-51.99],[-59.01,-52.26],[-59.4,-52.12],[-59.31,-52.35],[-59.73,-52.13],[-59.49,-51.84],[-59.07,-51.68],[-58.99,-51.82],[-58.97,-51.68],[-59.17,-51.59],[-58.92,-51.53],[-59.14,-51.45],[-58.86,-51.38],[-58.96,-51.24],[-58.38,-51.34],[-58.34,-51.47],[-58.49,-51.39],[-58.59,-51.45],[-58.15,-51.61]]],[[[-73.27,-47.58],[-73.62,-47.7],[-73.63,-47.44],[-73.38,-47.4],[-73.27,-47.21],[-73.2,-46.41],[-73.49,-46.41],[-73.09,-46.04],[-73.11,-45.8],[-72.97,-45.78],[-72.54,-46.0],[-72.89,-46.14],[-72.56,-46.29],[-72.96,-46.35],[-73.11,-46.59],[-73.11,-47.04],[-72.9,-47.15],[-73.27,-47.58]]],[[[-65.72,-44.81],[-65.52,-44.93],[-65.61,-45.03],[-66.2,-44.99],[-66.59,-45.14],[-66.52,-45.23],[-66.95,-45.27],[-67.62,-46.06],[-67.42,-46.55],[-66.79,-47.01],[-65.75,-47.2],[-65.89,-47.77],[-65.77,-47.92],[-67.56,-49.03],[-67.9,-50.0],[-68.33,-50.12],[-68.6,-49.86],[-68.36,-50.16],[-69.08,-50.56],[-69.22,-50.97],[-68.94,-51.55],[-69.23,-51.69],[-68.97,-51.62],[-68.37,-52.34],[-69.23,-52.2],[-69.67,-52.54],[-70.54,-52.73],[-71.56,-52.17],[-71.68,-51.89],[-72.1,-51.76],[-72.14,-51.56],[-71.25,-51.82],[-71.99,-51.48],[-72.26,-51.2],[-72.91,-49.9],[-72.4,-48.57],[-72.06,-48.52],[-72.2,-47.86],[-71.81,-47.17],[-72.39,-46.9],[-72.36,-46.74],[-71.82,-46.52],[-72.27,-46.27],[-71.46,-45.73],[-71.71,-45.54],[-71.55,-45.37],[-71.67,-45.28],[-71.61,-45.08],[-71.38,-45.04],[-71.4,-44.8],[-71.06,-44.75],[-71.47,-44.58],[-71.22,-44.41],[-71.41,-44.34],[-71.2,-43.9],[-71.31,-43.7],[-71.11,-43.59],[-71.08,-43.32],[-71.45,-42.93],[-71.33,-42.79],[-71.2,-42.9],[-71.12,-42.67],[-71.33,-42.63],[-71.15,-42.38],[-71.45,-42.44],[-71.15,-41.79],[-70.94,-41.7],[-71.25,-41.18],[-71.07,-40.22],[-71.22,-39.79],[-70.57,-39.2],[-70.99,-37.81],[-70.86,-37.79],[-71.01,-37.68],[-70.87,-37.4],[-71.06,-37.36],[-70.84,-37.07],[-71.01,-36.86],[-70.89,-36.64],[-70.55,-36.58],[-70.63,-37.0],[-70.5,-37.25],[-70.44,-36.79],[-69.9,-36.24],[-70.08,-36.03],[-69.66,-36.0],[-69.55,-35.84],[-69.49,-35.45],[-69.86,-35.33],[-69.4,-35.26],[-69.74,-34.9],[-69.34,-35.01],[-69.26,-33.37],[-69.09,-33.38],[-68.61,-31.92],[-68.72,-31.41],[-68.45,-31.38],[-68.07,-31.76],[-67.4,-31.54],[-66.99,-33.24],[-67.07,-33.55],[-66.91,-33.87],[-66.5,-33.42],[-66.35,-33.55],[-66.35,-33.62],[-66.12,-33.53],[-65.77,-32.79],[-65.36,-33.05],[-65.4,-33.29],[-65.23,-33.42],[-65.01,-33.35],[-64.45,-32.28],[-64.33,-32.28],[-64.34,-32.57],[-64.19,-32.53],[-64.33,-31.93],[-64.16,-31.05],[-64.27,-31.09],[-64.38,-30.65],[-64.08,-30.82],[-63.8,-30.29],[-63.54,-30.64],[-62.95,-30.86],[-62.38,-30.8],[-62.26,-30.69],[-62.33,-30.26],[-61.21,-29.38],[-60.75,-29.8],[-60.64,-30.61],[-60.0,-30.18],[-60.28,-31.1],[-60.85,-31.83],[-60.8,-32.58],[-60.51,-33.13],[-59.29,-33.75],[-58.99,-34.14],[-58.5,-34.32],[-58.36,-34.64],[-57.2,-35.3],[-57.12,-35.45],[-57.39,-35.74],[-57.38,-35.97],[-56.94,-36.38],[-56.74,-36.33],[-56.67,-36.9],[-57.43,-37.74],[-57.55,-38.11],[-58.2,-38.44],[-61.14,-39.0],[-61.89,-38.98],[-62.17,-38.81],[-62.4,-38.75],[-62.33,-39.26],[-62.13,-39.29],[-62.01,-39.38],[-62.32,-39.3],[-62.04,-39.44],[-62.11,-39.85],[-62.32,-39.87],[-62.49,-40.31],[-62.17,-40.63],[-62.33,-40.88],[-63.1,-41.16],[-63.8,-41.16],[-64.99,-40.72],[-65.18,-40.98],[-65.0,-41.53],[-65.09,-41.97],[-64.9,-42.18],[-64.47,-42.24],[-64.62,-42.4],[-64.56,-42.49],[-65.04,-42.76],[-64.33,-43.0],[-64.96,-43.24],[-65.35,-43.73],[-65.19,-44.04],[-65.33,-44.46],[-65.72,-44.81]]],[[[-64.08,-42.26],[-64.38,-42.24],[-63.76,-42.07],[-63.64,-42.77],[-64.15,-42.87],[-64.22,-42.62],[-64.57,-42.43],[-64.12,-42.43],[-64.08,-42.26]]],[[[-60.43,-32.43],[-60.61,-31.76],[-60.09,-31.39],[-59.57,-30.54],[-58.74,-29.71],[-58.48,-28.95],[-58.07,-28.66],[-57.55,-28.68],[-57.65,-29.2],[-57.52,-29.49],[-57.72,-29.88],[-57.63,-30.28],[-57.89,-30.52],[-57.8,-30.88],[-58.08,-31.46],[-58.04,-31.79],[-58.68,-31.87],[-58.18,-31.85],[-58.08,-32.98],[-58.22,-33.09],[-58.56,-33.01],[-58.72,-33.53],[-59.39,-33.46],[-60.43,-32.43]]],[[[-7.26,62.18],[-7.26,62.28],[-7.12,62.29],[-6.75,61.95],[-7.26,62.18]]],[[[35.77,31.38],[35.65,30.95],[35.54,30.98],[35.64,31.4],[35.77,31.38]]],[[[35.61,31.44],[35.65,31.88],[35.77,31.86],[35.79,31.53],[35.61,31.44]]],[[[44.79,35.25],[43.95,35.63],[43.45,35.69],[42.31,35.63],[41.21,35.23],[40.97,35.25],[40.94,35.55],[40.56,34.98],[39.39,35.02],[39.62,34.86],[39.2,34.6],[38.4,34.57],[37.87,34.22],[37.92,34.1],[37.62,34.11],[37.05,33.75],[37.04,33.57],[36.76,33.57],[36.81,33.21],[37.15,32.9],[37.23,32.34],[36.7,31.99],[36.76,31.41],[36.63,31.14],[36.35,31.08],[36.11,31.26],[35.68,29.72],[35.54,29.89],[35.08,29.55],[35.45,30.81],[35.64,30.92],[35.4,29.92],[36.0,31.38],[35.84,31.44],[36.13,32.52],[35.83,32.77],[35.88,33.2],[36.24,33.62],[36.35,33.59],[36.21,33.46],[36.62,33.31],[36.41,33.61],[37.07,34.24],[36.99,34.56],[37.29,34.97],[37.38,35.42],[37.85,35.53],[37.91,36.0],[37.77,36.05],[37.83,35.87],[37.66,35.87],[37.57,36.1],[38.24,36.42],[38.4,36.74],[38.55,36.37],[39.96,36.95],[41.07,36.7],[41.94,36.87],[42.45,36.81],[42.64,37.01],[43.18,36.66],[44.01,36.56],[44.25,36.1],[44.91,36.03],[45.1,35.29],[45.77,34.5],[44.79,35.25]],[[40.7,36.34],[40.92,36.49],[40.23,36.57],[40.03,36.37],[40.7,36.34]],[[39.47,35.57],[39.16,35.35],[39.39,35.26],[39.85,35.66],[39.47,35.57]],[[37.02,32.41],[36.7,32.99],[36.57,32.35],[36.72,32.26],[37.02,32.41]]],[[[33.42,37.42],[33.3,37.22],[33.2,37.36],[33.41,37.63],[33.17,37.65],[32.9,37.42],[32.55,37.63],[32.55,37.78],[32.73,37.98],[32.99,37.99],[33.03,37.75],[33.41,37.87],[33.5,37.75],[33.74,37.84],[33.65,37.66],[34.41,37.73],[33.42,37.42]]],[[[44.69,40.44],[45.11,40.62],[45.72,40.29],[45.7,40.17],[45.29,40.19],[44.95,40.43],[44.81,40.37],[44.97,40.13],[45.61,40.0],[45.66,39.9],[45.3,39.7],[45.7,39.6],[46.16,38.91],[46.93,39.16],[46.52,38.8],[45.8,38.61],[46.73,38.46],[47.62,37.97],[46.74,37.74],[48.36,37.61],[48.27,37.01],[48.78,36.69],[48.77,36.56],[47.97,36.84],[47.82,36.83],[47.75,36.53],[47.41,36.8],[47.2,36.59],[46.81,36.75],[46.67,37.08],[46.62,36.06],[46.37,36.47],[45.59,36.54],[45.28,36.93],[44.92,36.92],[44.93,37.39],[44.75,37.54],[44.62,38.14],[44.32,38.34],[44.19,38.02],[44.36,37.55],[44.24,37.52],[42.24,38.14],[41.07,38.15],[41.06,38.42],[41.37,38.64],[41.01,38.74],[41.04,38.98],[40.57,39.33],[40.95,40.41],[41.11,40.29],[41.08,40.07],[41.55,40.35],[41.87,40.27],[42.09,40.43],[41.96,40.26],[42.34,40.43],[42.38,40.27],[42.79,40.14],[43.22,40.23],[43.52,40.58],[43.34,40.68],[43.11,40.44],[42.94,40.5],[43.23,40.95],[42.96,41.22],[43.15,41.31],[43.12,41.51],[42.76,41.62],[43.5,41.54],[44.07,41.73],[44.33,41.66],[44.52,40.96],[44.07,41.3],[44.03,41.04],[44.4,40.85],[44.06,40.72],[44.08,40.49],[44.69,40.44]],[[45.76,37.72],[45.41,37.8],[45.45,38.19],[45.12,38.27],[45.03,38.17],[45.2,38.11],[45.06,37.85],[45.26,37.75],[45.35,37.19],[45.57,37.12],[45.91,37.36],[45.66,37.63],[45.76,37.72]]],[[[33.49,39.2],[33.54,38.88],[34.29,38.28],[33.83,38.08],[33.49,38.23],[33.2,38.07],[33.01,38.17],[33.05,38.36],[32.74,38.2],[32.98,38.72],[32.83,38.99],[33.09,38.96],[33.19,39.06],[33.02,39.16],[33.34,39.23],[33.36,39.42],[33.13,39.35],[33.39,39.58],[33.49,40.16],[33.51,39.94],[33.89,39.96],[33.55,39.78],[33.49,39.55],[33.74,39.21],[34.81,38.74],[33.49,39.2]]],[[[32.44,39.05],[32.02,39.2],[32.1,39.04],[31.86,39.04],[31.89,38.83],[31.34,39.09],[31.02,39.33],[31.04,39.49],[31.54,39.27],[32.02,39.32],[31.7,39.63],[31.22,39.64],[31.13,39.81],[31.86,39.73],[32.5,39.97],[32.51,39.51],[32.34,39.73],[32.09,39.41],[32.44,39.28],[32.34,39.17],[32.44,39.05]]],[[[57.97,52.05],[58.22,53.6],[58.97,54.38],[60.04,54.77],[61.09,55.41],[62.08,55.55],[63.75,55.41],[65.7,56.2],[67.65,56.56],[69.17,56.43],[71.17,55.82],[74.11,56.07],[76.35,56.02],[77.8,55.8],[82.85,55.88],[82.76,55.74],[81.84,55.49],[81.73,55.27],[82.96,55.05],[83.85,54.32],[84.55,54.09],[84.67,53.63],[85.62,53.06],[85.68,52.53],[86.37,52.09],[85.91,51.81],[86.32,51.33],[87.52,51.11],[87.76,50.54],[87.26,50.54],[87.08,50.06],[86.75,50.15],[86.32,50.45],[85.39,51.58],[84.89,51.7],[84.2,51.25],[82.95,51.37],[83.28,51.09],[82.7,50.78],[82.95,50.49],[82.77,50.35],[82.91,50.09],[84.37,49.87],[84.82,49.58],[85.01,49.67],[85.58,49.42],[86.49,49.43],[87.31,49.1],[86.29,49.3],[84.47,49.2],[83.46,48.91],[83.09,48.47],[82.63,48.49],[82.13,48.12],[82.34,47.85],[82.85,47.7],[85.62,47.59],[86.56,47.18],[86.93,46.84],[86.73,46.63],[85.92,46.65],[85.71,46.31],[84.49,46.09],[85.0,45.87],[85.11,45.58],[84.74,45.34],[84.6,45.04],[83.41,44.98],[81.5,45.74],[81.07,45.76],[80.81,45.52],[79.28,45.06],[79.61,44.95],[79.61,44.77],[80.36,44.66],[80.35,44.44],[80.95,44.46],[81.78,44.26],[81.97,44.08],[81.96,43.88],[81.58,43.75],[80.64,43.63],[80.74,43.46],[79.47,43.25],[80.38,43.28],[80.55,43.1],[80.39,43.0],[80.58,42.89],[80.24,42.75],[79.08,42.78],[78.64,43.04],[77.98,43.03],[77.84,43.4],[76.39,43.07],[75.51,43.11],[76.11,42.92],[76.13,42.69],[77.28,42.87],[78.88,42.74],[78.06,42.32],[77.54,42.13],[77.1,42.03],[75.94,42.09],[76.32,41.94],[76.08,41.87],[75.14,42.06],[75.5,41.77],[76.15,41.58],[76.37,41.66],[76.55,41.55],[76.49,41.42],[76.76,41.39],[75.54,41.0],[75.17,41.21],[74.27,40.84],[73.52,41.68],[73.62,41.72],[72.77,41.52],[72.89,41.35],[73.13,41.46],[73.38,41.34],[74.44,40.32],[74.09,40.26],[73.87,40.48],[73.28,40.65],[73.61,40.22],[73.5,39.93],[73.2,40.13],[73.0,39.93],[72.31,40.07],[72.16,40.01],[72.17,39.78],[71.94,39.78],[71.97,39.96],[71.84,39.99],[70.95,39.69],[70.87,39.79],[70.01,39.65],[70.43,39.46],[69.58,39.39],[69.29,39.29],[69.41,39.21],[69.28,39.15],[68.6,39.17],[68.27,39.03],[68.34,39.31],[67.88,39.07],[68.31,38.85],[68.83,39.08],[69.02,38.88],[69.33,39.1],[69.47,38.94],[69.85,39.0],[70.16,39.3],[70.39,39.16],[71.96,39.49],[72.0,39.32],[71.62,39.14],[70.15,38.99],[70.62,38.84],[71.04,39.0],[71.21,38.95],[71.17,38.82],[71.38,38.9],[71.07,38.58],[71.18,38.44],[71.53,38.45],[71.41,38.09],[71.83,38.08],[71.59,37.91],[71.59,37.72],[71.91,37.68],[71.69,37.49],[71.73,37.26],[71.52,37.29],[71.53,36.73],[71.32,37.14],[71.45,37.85],[71.05,37.79],[71.2,38.19],[70.74,38.16],[70.72,38.3],[70.61,38.07],[70.52,38.2],[70.16,37.93],[70.29,37.7],[70.16,37.54],[69.52,37.58],[69.32,37.12],[69.03,37.72],[68.81,37.74],[68.72,37.92],[68.46,37.24],[67.95,37.05],[67.96,38.0],[68.19,38.41],[67.92,38.5],[67.46,38.01],[66.74,38.07],[66.27,37.83],[65.49,37.74],[65.59,38.39],[65.98,38.63],[65.83,39.05],[66.13,39.62],[65.06,40.34],[66.62,41.51],[67.8,41.99],[68.04,41.97],[67.87,41.17],[68.11,41.26],[68.33,42.27],[68.28,42.79],[67.37,43.82],[67.68,44.12],[67.15,44.6],[69.49,43.65],[69.72,43.77],[70.43,43.34],[70.64,43.03],[71.16,42.96],[71.37,42.77],[71.22,42.66],[71.51,42.85],[71.57,43.02],[71.91,43.09],[75.39,42.78],[74.78,43.29],[74.34,43.44],[74.28,43.72],[74.4,43.8],[75.39,43.26],[76.43,43.19],[77.26,43.51],[78.16,43.49],[78.09,43.85],[77.69,43.96],[77.99,44.26],[77.9,44.74],[78.34,44.98],[78.31,45.42],[79.41,45.49],[81.06,46.13],[80.54,46.38],[80.18,46.76],[80.24,46.99],[80.77,47.08],[80.38,47.03],[80.28,47.33],[79.98,47.51],[80.48,47.83],[80.73,48.25],[80.64,48.57],[80.86,48.76],[80.74,48.88],[81.29,49.31],[81.1,49.69],[81.25,49.74],[81.2,50.29],[78.65,50.6],[78.58,50.17],[78.01,49.97],[78.12,49.65],[77.78,49.22],[77.99,49.44],[78.41,49.37],[79.69,48.51],[79.85,48.19],[79.53,48.14],[79.12,48.42],[77.85,48.75],[77.41,48.72],[77.71,48.72],[77.69,48.56],[77.3,48.21],[77.04,48.21],[76.66,48.49],[76.08,48.42],[75.79,47.87],[75.17,48.34],[75.19,48.71],[75.07,48.76],[73.54,48.72],[73.28,48.34],[73.39,47.98],[73.69,47.78],[73.45,47.73],[73.44,47.49],[72.83,47.32],[72.35,47.35],[72.45,47.41],[72.27,47.67],[72.41,47.89],[72.14,48.1],[73.0,48.74],[72.8,48.96],[71.67,49.25],[71.21,49.61],[70.03,50.03],[69.3,49.84],[68.21,49.98],[67.15,49.75],[66.42,50.24],[64.63,50.3],[64.3,50.38],[64.24,50.6],[63.51,50.66],[62.9,50.37],[61.99,50.31],[61.31,49.98],[60.82,50.09],[60.18,49.79],[59.9,49.87],[59.54,49.48],[59.53,49.03],[58.26,47.81],[58.15,47.94],[58.44,48.74],[54.53,49.63],[53.95,49.91],[53.58,50.38],[53.32,50.29],[52.28,50.49],[51.36,50.11],[51.51,49.7],[52.1,49.07],[51.94,48.71],[51.88,49.12],[51.69,49.29],[51.7,49.01],[51.57,48.94],[50.96,49.16],[50.61,48.95],[49.42,49.21],[47.83,49.11],[47.29,49.27],[47.45,48.89],[47.0,48.9],[46.82,48.64],[46.97,48.49],[46.96,48.16],[46.49,48.28],[46.11,47.85],[45.48,47.67],[45.04,47.73],[44.65,47.53],[44.59,46.89],[45.17,45.62],[45.82,45.14],[45.77,44.85],[46.67,44.76],[46.67,44.5],[47.21,44.22],[47.5,43.64],[47.7,43.91],[47.54,43.1],[48.32,42.04],[48.15,41.87],[47.89,41.99],[47.52,42.51],[47.01,42.23],[46.72,42.34],[46.73,42.73],[46.18,42.64],[46.83,42.91],[46.83,43.24],[46.08,43.35],[45.61,43.01],[45.01,43.21],[44.7,43.11],[44.43,43.29],[44.15,43.11],[43.04,43.78],[42.51,43.83],[41.78,44.2],[41.59,44.0],[41.57,44.17],[41.13,44.23],[40.06,44.89],[37.97,44.93],[37.4,45.14],[37.34,44.81],[36.58,45.17],[36.96,45.27],[36.66,45.33],[36.83,45.43],[37.13,45.33],[37.08,45.23],[37.74,45.3],[37.59,45.63],[37.94,46.02],[38.1,46.05],[38.05,45.81],[38.19,46.13],[38.57,46.09],[37.9,46.4],[37.73,46.67],[38.58,46.65],[38.38,46.71],[38.41,46.83],[39.27,47.01],[39.39,47.11],[39.26,47.09],[39.25,47.26],[38.48,47.13],[38.81,47.28],[38.11,47.02],[37.55,47.08],[37.32,46.87],[36.86,46.79],[36.77,46.63],[36.61,46.77],[36.27,46.6],[35.91,46.65],[34.99,46.07],[35.35,46.34],[35.19,46.5],[35.12,46.3],[34.64,46.17],[34.47,45.96],[34.54,46.19],[33.67,46.22],[34.14,45.94],[34.12,46.05],[34.36,46.02],[34.41,45.86],[34.64,45.94],[34.46,45.77],[34.75,45.89],[34.65,45.78],[35.04,45.6],[35.05,45.37],[35.38,45.25],[34.67,46.09],[35.48,45.29],[35.82,45.47],[36.61,45.42],[36.43,45.27],[36.45,45.07],[36.23,45.0],[35.55,45.12],[35.43,45.0],[34.6,45.25],[33.78,45.01],[33.53,44.75],[33.54,45.11],[32.48,45.39],[33.77,45.93],[33.62,45.94],[33.59,46.16],[33.51,46.04],[33.23,46.22],[32.51,46.07],[31.79,46.28],[32.06,46.39],[31.51,46.58],[32.36,46.46],[32.65,46.64],[32.02,46.63],[31.98,47.01],[31.75,47.25],[31.97,46.92],[31.91,46.65],[31.48,46.63],[31.6,46.82],[31.42,46.62],[30.8,46.55],[30.21,45.85],[30.0,45.91],[29.75,45.61],[29.65,45.82],[29.61,45.49],[29.77,45.35],[29.57,44.85],[29.01,44.71],[29.11,45.03],[28.88,44.98],[28.95,44.76],[28.73,44.74],[28.76,44.5],[29.0,44.67],[28.64,44.3],[28.58,43.6],[28.06,43.74],[27.72,44.11],[27.25,44.2],[26.77,44.57],[27.07,44.93],[26.74,45.1],[27.31,45.13],[28.33,45.6],[28.56,46.0],[28.6,46.52],[29.7,46.56],[29.07,47.34],[29.03,47.91],[28.29,48.07],[28.08,48.4],[28.69,48.37],[28.88,48.17],[28.79,48.12],[29.54,47.92],[29.42,47.77],[29.66,47.77],[29.67,47.65],[30.28,47.76],[30.09,47.93],[30.33,48.15],[30.15,48.14],[30.3,48.26],[30.61,48.2],[30.71,48.48],[31.15,48.38],[31.12,48.27],[32.81,48.59],[32.61,48.7],[32.94,48.8],[33.75,48.88],[34.2,48.71],[34.69,49.15],[35.67,49.33],[36.01,49.52],[36.0,49.71],[36.51,49.38],[36.54,49.67],[36.92,49.84],[36.9,50.25],[39.04,50.83],[39.44,50.78],[40.31,51.06],[41.66,50.87],[42.09,51.04],[42.7,51.61],[43.19,51.52],[43.64,51.9],[44.86,52.24],[45.6,52.3],[46.29,52.08],[46.78,52.39],[46.69,52.55],[46.87,52.65],[47.17,52.5],[47.6,52.54],[46.94,52.05],[47.29,51.96],[47.49,52.28],[48.19,52.51],[48.55,52.91],[49.24,53.23],[50.38,53.11],[51.92,53.59],[52.93,53.71],[53.68,53.42],[54.57,53.5],[54.6,53.13],[55.14,52.96],[55.23,53.39],[54.74,53.91],[54.72,54.32],[54.45,54.68],[54.64,54.87],[55.73,54.17],[55.6,53.77],[55.92,53.55],[55.85,52.96],[55.53,52.83],[55.58,52.63],[55.99,52.52],[56.23,52.17],[56.97,51.63],[57.89,51.55],[57.69,51.58],[57.97,52.05]],[[40.25,50.58],[40.39,50.8],[40.28,50.83],[39.94,50.61],[40.25,50.58]],[[37.63,50.2],[38.18,50.14],[38.24,50.27],[37.91,50.38],[37.63,50.2]],[[71.7,42.0],[70.6,41.49],[70.53,41.34],[72.17,41.83],[72.34,42.09],[72.82,42.16],[74.05,41.86],[73.53,42.16],[73.47,42.06],[73.11,42.21],[74.4,42.42],[74.49,42.35],[74.27,42.15],[74.82,42.16],[74.94,42.42],[75.54,42.45],[71.99,42.83],[71.99,42.7],[73.14,42.44],[72.01,42.19],[70.8,42.36],[71.05,42.23],[70.87,42.0],[71.7,42.0]],[[85.85,47.25],[85.27,47.5],[84.75,47.34],[84.91,47.1],[84.64,46.95],[84.7,46.72],[85.0,46.69],[85.8,46.96],[85.85,47.25]],[[78.07,42.61],[78.24,42.77],[76.18,42.44],[76.93,42.16],[77.52,42.15],[77.92,42.37],[77.8,42.42],[78.32,42.59],[78.07,42.61]],[[81.43,47.48],[81.24,47.43],[84.0,46.99],[83.74,47.26],[81.43,47.48]]],[[[171.79,-43.95],[171.55,-44.17],[171.49,-44.08],[171.35,-44.02],[171.52,-44.19],[171.39,-44.27],[171.01,-44.11],[171.05,-44.27],[171.34,-44.29],[171.17,-44.55],[171.19,-44.94],[170.48,-44.74],[171.16,-44.97],[170.62,-45.71],[170.76,-45.77],[170.55,-45.89],[170.78,-45.88],[170.34,-45.97],[169.85,-46.45],[169.2,-46.11],[168.66,-46.16],[168.89,-46.04],[168.23,-45.64],[168.88,-45.34],[169.15,-44.62],[169.62,-44.45],[169.83,-44.57],[169.81,-44.25],[170.02,-44.21],[170.12,-43.9],[170.42,-43.89],[170.62,-43.69],[170.53,-44.05],[170.65,-44.09],[170.89,-43.75],[170.82,-43.53],[171.09,-43.59],[171.11,-43.33],[171.29,-43.64],[171.62,-43.46],[171.67,-43.53],[172.09,-43.77],[172.19,-43.9],[171.87,-44.06],[171.79,-43.95]]],[[[172.73,-43.4],[172.24,-43.45],[171.97,-43.3],[172.25,-43.48],[172.72,-43.42],[172.83,-43.6],[172.68,-43.65],[173.06,-43.65],[173.09,-43.85],[172.95,-43.75],[172.97,-43.91],[172.76,-43.79],[172.41,-43.85],[172.64,-43.78],[172.48,-43.72],[172.26,-43.88],[172.17,-43.78],[171.66,-43.51],[172.71,-42.58],[173.09,-42.54],[173.78,-42.1],[173.29,-42.96],[172.72,-43.28],[172.29,-43.25],[172.73,-43.4]]],[[[148.36,-29.69],[148.63,-29.49],[148.78,-28.98],[149.94,-28.18],[149.88,-28.36],[150.19,-28.3],[150.48,-28.65],[150.82,-28.65],[150.73,-28.81],[150.25,-28.72],[149.65,-28.97],[149.94,-29.42],[149.43,-29.81],[149.72,-30.25],[148.46,-30.46],[148.89,-30.93],[148.74,-31.39],[148.57,-31.41],[148.67,-31.74],[148.43,-31.69],[148.23,-31.93],[148.36,-32.22],[148.25,-32.68],[147.92,-32.59],[147.47,-32.19],[147.62,-32.47],[147.42,-33.13],[147.29,-32.96],[146.8,-33.07],[147.04,-33.19],[147.05,-33.38],[146.6,-33.9],[146.75,-34.28],[146.02,-34.3],[146.42,-34.48],[146.54,-34.74],[146.33,-34.87],[146.4,-35.05],[146.27,-35.24],[146.45,-35.5],[146.12,-35.57],[146.82,-36.09],[147.12,-36.0],[147.11,-36.21],[147.35,-36.17],[147.1,-36.27],[146.99,-36.13],[147.09,-36.59],[146.97,-36.17],[146.59,-36.05],[146.59,-36.17],[146.43,-36.2],[146.46,-36.4],[146.75,-36.53],[146.88,-36.73],[146.51,-36.47],[146.41,-36.82],[146.41,-36.62],[146.24,-36.65],[146.13,-36.09],[145.94,-36.23],[146.14,-36.25],[146.19,-36.48],[146.06,-36.59],[146.2,-36.65],[146.11,-36.75],[145.72,-36.65],[145.62,-36.87],[145.49,-36.75],[145.18,-36.92],[145.25,-37.04],[145.1,-37.03],[145.04,-37.14],[144.9,-37.14],[145.11,-36.92],[144.99,-36.71],[145.22,-36.55],[145.02,-36.49],[144.73,-36.81],[144.78,-36.38],[144.7,-36.74],[144.64,-36.6],[144.6,-36.78],[144.47,-36.64],[144.31,-36.73],[144.53,-36.56],[144.35,-36.47],[144.18,-36.52],[144.16,-36.82],[143.79,-36.9],[143.97,-36.49],[143.78,-36.57],[143.81,-36.35],[143.49,-36.19],[143.45,-36.41],[143.32,-35.94],[143.7,-35.49],[143.35,-35.17],[143.34,-34.86],[143.18,-34.72],[142.88,-34.73],[142.77,-34.59],[142.63,-34.78],[142.36,-34.77],[142.33,-34.4],[142.01,-34.13],[141.29,-34.26],[140.94,-33.97],[140.58,-34.5],[140.31,-34.2],[139.95,-34.2],[139.76,-34.09],[140.65,-34.23],[140.68,-34.02],[140.95,-33.89],[141.06,-34.04],[141.37,-33.9],[141.62,-34.13],[141.77,-34.06],[141.66,-33.88],[141.73,-33.68],[141.8,-33.45],[141.68,-33.28],[141.79,-33.25],[141.64,-33.09],[142.0,-33.16],[142.13,-32.83],[141.89,-32.57],[141.95,-32.46],[142.4,-32.17],[142.94,-32.08],[143.28,-31.66],[143.0,-31.85],[142.9,-31.61],[143.4,-31.12],[142.87,-31.14],[142.7,-30.6],[142.34,-30.57],[142.16,-30.29],[142.71,-30.32],[142.97,-30.61],[142.66,-30.16],[142.72,-29.86],[143.11,-29.81],[143.34,-29.42],[143.28,-29.15],[143.69,-29.15],[143.65,-28.91],[143.8,-28.8],[143.75,-28.6],[143.62,-28.73],[143.49,-28.57],[143.66,-28.51],[143.51,-28.54],[143.55,-28.28],[143.33,-28.58],[143.11,-28.58],[143.3,-28.56],[143.31,-28.28],[143.56,-28.06],[143.84,-28.0],[143.61,-27.96],[143.42,-27.64],[143.49,-27.25],[143.03,-27.06],[143.1,-26.81],[142.77,-26.19],[142.63,-26.08],[142.28,-26.21],[142.4,-25.87],[142.67,-25.99],[142.59,-25.87],[142.88,-25.8],[142.74,-25.62],[143.2,-25.44],[143.3,-25.2],[143.5,-25.17],[143.53,-25.34],[143.65,-25.27],[143.84,-25.48],[143.69,-25.6],[143.96,-26.17],[143.9,-25.21],[144.18,-25.13],[144.24,-24.86],[144.52,-24.91],[144.68,-24.64],[144.9,-25.03],[145.2,-24.99],[145.02,-25.12],[144.98,-25.44],[145.18,-25.59],[145.53,-25.41],[145.36,-25.23],[145.46,-25.13],[145.62,-25.27],[145.88,-24.73],[145.71,-25.64],[146.04,-25.68],[146.15,-26.05],[146.58,-25.85],[146.38,-26.2],[146.81,-26.07],[147.03,-25.65],[147.1,-26.07],[146.95,-26.31],[147.13,-26.73],[147.21,-26.59],[147.27,-26.72],[147.56,-26.7],[147.62,-26.39],[147.76,-26.74],[148.06,-26.89],[148.27,-26.82],[148.2,-26.92],[148.39,-26.95],[148.38,-27.08],[148.52,-26.99],[148.81,-27.33],[148.68,-27.78],[148.55,-27.75],[148.84,-28.11],[148.78,-28.33],[148.92,-28.21],[148.82,-28.37],[148.93,-28.74],[148.55,-29.19],[148.36,-29.69]],[[141.79,-34.08],[141.93,-33.81],[142.51,-33.51],[142.19,-33.13],[142.23,-32.96],[142.07,-33.0],[142.03,-33.36],[141.79,-33.28],[141.91,-33.41],[141.73,-33.68],[141.79,-34.08]],[[147.84,-29.74],[147.73,-29.54],[147.99,-29.46],[147.93,-29.12],[148.06,-28.97],[147.85,-29.04],[147.66,-29.53],[147.41,-29.57],[147.28,-29.84],[147.39,-30.03],[147.84,-29.74]],[[143.81,-31.57],[143.41,-31.67],[143.24,-32.07],[143.39,-32.36],[142.54,-32.44],[142.32,-33.16],[142.64,-33.4],[142.27,-33.8],[142.03,-33.81],[141.93,-34.01],[142.29,-34.16],[142.52,-34.71],[142.84,-34.51],[142.95,-34.65],[143.29,-34.63],[143.23,-34.39],[143.53,-34.04],[143.38,-34.02],[143.48,-33.82],[143.84,-33.64],[144.05,-33.71],[143.96,-33.42],[144.54,-33.32],[144.28,-33.14],[143.89,-33.19],[143.93,-32.98],[144.28,-33.1],[144.8,-32.8],[146.03,-33.37],[146.24,-33.15],[146.1,-32.66],[145.97,-33.03],[145.69,-32.75],[145.41,-33.06],[145.3,-32.84],[145.13,-32.85],[145.17,-32.65],[145.28,-32.81],[145.56,-32.65],[145.41,-32.2],[145.53,-32.07],[145.36,-31.93],[145.06,-32.28],[144.96,-32.14],[144.84,-32.2],[144.8,-32.2],[144.83,-32.02],[144.5,-32.19],[144.37,-32.1],[144.5,-32.02],[144.21,-32.06],[144.22,-31.82],[144.34,-31.8],[144.34,-31.96],[144.58,-31.83],[144.48,-31.74],[144.62,-31.74],[144.61,-31.42],[144.85,-31.46],[145.07,-31.23],[145.13,-30.91],[145.0,-30.8],[144.34,-31.18],[144.12,-31.7],[143.81,-31.57]],[[145.85,-33.36],[145.69,-33.36],[145.4,-33.71],[145.54,-34.05],[145.78,-34.15],[145.85,-33.36]],[[143.41,-36.14],[143.69,-36.17],[143.76,-35.69],[143.41,-36.14]],[[143.61,-34.68],[143.23,-34.72],[143.51,-34.96],[143.76,-35.0],[143.61,-34.68]],[[143.64,-34.44],[143.29,-34.4],[143.37,-34.68],[143.61,-34.61],[143.64,-34.44]]],[[[146.71,-25.22],[146.54,-25.15],[146.77,-25.12],[146.92,-25.42],[146.48,-25.86],[146.78,-25.35],[146.63,-25.39],[146.71,-25.22]]],[[[143.72,-24.96],[143.36,-25.14],[143.24,-25.07],[143.41,-24.92],[143.11,-24.75],[143.27,-24.35],[143.64,-24.66],[143.56,-25.0],[143.72,-24.96]]],[[[57.04,23.84],[57.65,23.57],[58.34,23.5],[58.58,23.62],[58.61,23.53],[58.65,23.52],[58.67,23.5],[58.59,23.52],[58.67,23.45],[58.76,23.5],[58.9,23.29],[58.8,23.27],[58.98,23.18],[59.39,22.67],[59.39,22.46],[59.61,22.54],[59.39,22.03],[59.28,21.96],[59.02,22.33],[58.69,22.47],[58.56,22.33],[57.93,22.54],[57.31,22.44],[56.67,22.81],[56.58,23.23],[56.23,23.49],[56.51,23.35],[56.56,23.45],[56.16,23.73],[55.91,24.32],[56.03,24.53],[55.89,24.85],[56.15,24.81],[55.92,24.97],[56.03,25.86],[56.19,26.24],[56.31,26.2],[56.35,26.36],[56.38,26.39],[56.4,26.37],[56.42,26.39],[56.52,26.32],[56.4,26.29],[56.47,26.13],[56.33,26.15],[56.46,26.08],[56.27,25.7],[56.26,25.62],[56.36,25.59],[56.36,25.45],[56.35,25.25],[56.25,25.11],[56.49,24.52],[57.04,23.84]]],[[[122.09,49.45],[122.23,49.08],[122.09,48.9],[121.26,48.64],[120.94,48.13],[120.58,47.89],[120.08,47.12],[120.13,46.61],[121.26,46.38],[121.87,46.52],[122.62,47.84],[124.13,48.79],[124.55,48.81],[125.37,49.44],[125.58,49.39],[125.61,48.89],[125.91,48.87],[125.89,48.66],[126.74,48.88],[126.93,48.53],[126.57,48.31],[126.87,48.14],[126.72,47.95],[127.19,47.72],[127.2,47.4],[126.43,47.78],[126.35,48.07],[125.77,48.39],[124.92,48.12],[124.99,48.0],[125.58,48.13],[125.7,48.01],[124.72,47.68],[124.5,47.26],[124.61,47.03],[124.85,47.05],[124.98,47.29],[124.86,47.42],[125.72,47.71],[125.13,47.22],[125.37,47.23],[125.75,46.93],[126.47,47.57],[126.24,47.07],[125.72,46.66],[126.05,46.76],[125.73,46.17],[125.28,46.23],[125.26,46.5],[124.34,46.96],[124.17,46.77],[123.85,46.81],[123.71,47.09],[124.08,47.6],[123.71,47.89],[123.17,47.56],[122.84,47.06],[123.12,46.93],[122.83,46.63],[123.28,46.22],[123.38,46.36],[123.72,46.27],[124.02,45.68],[124.49,45.43],[124.58,45.2],[124.0,45.28],[123.67,45.07],[123.75,44.75],[123.92,44.99],[124.26,45.05],[124.53,44.87],[124.23,44.24],[123.87,44.36],[124.14,44.01],[123.99,43.5],[123.53,43.64],[123.7,43.7],[123.59,43.97],[123.8,44.06],[123.34,44.43],[123.11,44.19],[122.92,44.42],[121.86,44.22],[121.24,43.89],[121.35,43.59],[120.77,43.51],[120.72,42.93],[120.19,42.65],[120.14,42.12],[119.31,41.81],[119.33,42.27],[119.68,42.4],[119.83,42.61],[119.74,42.83],[119.57,42.85],[119.25,42.51],[118.11,42.86],[117.81,43.13],[117.51,43.14],[118.15,43.44],[117.24,43.91],[117.1,43.78],[117.1,43.17],[117.27,43.06],[117.33,42.53],[116.92,42.06],[114.54,40.67],[115.07,40.44],[114.99,40.28],[114.2,40.22],[113.96,39.89],[113.12,39.84],[112.19,38.73],[111.42,38.67],[111.68,39.16],[111.46,39.3],[112.13,40.21],[111.37,40.13],[108.8,40.64],[108.91,40.96],[109.36,41.15],[111.57,41.6],[111.88,41.83],[112.75,41.99],[113.21,42.38],[113.15,42.7],[113.43,42.84],[113.29,43.28],[114.02,44.09],[114.08,44.94],[112.8,45.4],[112.77,45.79],[112.23,45.52],[111.93,45.57],[112.19,45.96],[111.24,45.66],[111.39,45.94],[111.02,46.14],[110.98,46.41],[110.06,46.33],[108.06,45.8],[106.1,46.08],[105.84,45.73],[105.28,45.66],[104.95,45.39],[104.64,45.59],[104.26,45.49],[103.35,46.41],[103.91,46.57],[102.95,46.41],[102.93,46.19],[102.06,45.85],[101.56,45.97],[99.66,47.01],[99.05,47.05],[98.02,46.68],[97.08,47.01],[96.75,47.5],[96.4,47.66],[96.3,47.97],[95.92,48.24],[95.6,48.85],[96.02,49.63],[96.1,50.13],[97.12,49.98],[97.42,49.77],[98.01,50.39],[98.33,50.48],[99.88,50.12],[102.34,50.0],[103.25,50.09],[103.7,49.92],[103.75,49.69],[104.42,49.66],[105.12,50.28],[105.52,51.07],[106.58,51.56],[107.76,52.38],[108.89,52.7],[110.64,52.65],[110.83,52.5],[110.07,52.12],[109.11,52.24],[107.46,51.73],[107.39,51.6],[108.19,51.55],[107.29,51.06],[108.25,51.08],[107.28,50.5],[108.04,50.22],[108.12,49.94],[107.89,49.76],[106.53,49.57],[106.3,49.2],[106.82,48.94],[106.86,48.61],[107.12,48.51],[107.1,48.23],[107.37,48.12],[108.12,48.11],[109.07,48.48],[109.27,48.27],[109.51,48.26],[109.91,48.63],[110.06,49.03],[110.55,49.23],[111.12,49.02],[110.96,48.71],[111.49,48.87],[111.96,49.4],[111.95,49.67],[112.57,50.02],[112.84,50.55],[114.34,51.27],[114.33,51.9],[114.46,52.05],[115.45,52.25],[116.42,53.18],[116.62,53.16],[116.77,52.89],[117.35,52.76],[116.07,51.78],[115.95,51.48],[116.3,51.58],[116.99,51.36],[117.22,51.54],[117.82,51.51],[118.27,51.75],[119.32,51.78],[119.66,52.03],[119.92,51.88],[120.01,51.51],[120.37,51.58],[120.48,51.04],[121.3,50.71],[121.3,50.37],[121.56,49.94],[122.22,49.88],[122.09,49.45]],[[98.12,46.99],[99.21,47.31],[100.01,47.2],[100.97,46.5],[101.56,46.39],[101.45,46.22],[101.61,46.09],[102.18,46.46],[101.64,46.69],[101.6,47.12],[100.35,47.43],[100.63,47.66],[100.44,47.93],[100.07,47.76],[99.43,47.77],[99.37,47.87],[99.6,48.04],[98.89,48.18],[99.88,48.27],[100.0,48.46],[99.89,48.54],[97.88,48.52],[97.99,48.37],[97.83,48.2],[97.13,48.49],[97.33,47.88],[97.08,47.5],[97.53,47.4],[98.12,46.99]],[[96.75,48.26],[96.3,48.35],[96.2,48.22],[96.65,48.04],[96.8,48.11],[96.75,48.26]],[[112.1,48.89],[112.39,48.96],[113.09,49.6],[112.39,49.51],[112.1,48.89]]],[[[93.38,49.83],[94.78,49.6],[95.32,49.8],[95.7,49.54],[95.45,49.25],[94.43,49.2],[92.74,49.66],[93.38,49.83]]],[[[95.87,50.92],[96.57,50.32],[96.94,50.36],[97.0,50.58],[97.45,50.62],[97.64,50.45],[97.59,50.3],[96.52,50.24],[95.06,50.98],[93.12,51.35],[90.65,50.91],[92.79,51.46],[93.75,51.47],[95.43,51.15],[97.9,51.56],[98.23,51.39],[96.86,51.2],[97.06,50.91],[96.73,50.75],[96.37,51.06],[95.97,51.05],[96.03,50.93],[95.87,50.92]]],[[[90.18,51.19],[90.39,51.38],[92.78,51.88],[95.1,52.02],[95.59,51.91],[95.84,51.66],[95.67,51.39],[92.49,51.58],[90.28,51.07],[90.18,51.19]]],[[[105.43,53.01],[105.41,52.9],[103.87,52.34],[103.09,52.62],[103.09,52.86],[102.71,52.99],[102.77,53.51],[102.06,53.7],[102.13,53.92],[102.73,53.99],[103.15,54.39],[103.32,54.17],[104.41,53.73],[103.85,53.31],[105.0,53.33],[105.08,53.12],[105.43,53.01]]],[[[102.31,54.28],[102.17,54.1],[101.63,54.1],[101.39,54.34],[101.99,54.53],[102.31,54.28]]],[[[100.63,55.0],[100.82,54.86],[100.43,54.79],[100.67,54.5],[100.24,54.48],[99.12,55.04],[100.63,55.0]]],[[[95.51,56.62],[95.66,56.97],[95.96,56.94],[96.12,56.62],[96.53,56.5],[96.19,56.13],[96.3,55.88],[96.16,55.37],[95.94,55.25],[95.41,55.42],[94.48,55.41],[93.1,55.97],[92.3,55.76],[92.31,55.55],[91.83,55.2],[92.37,54.98],[92.91,54.45],[93.13,53.58],[92.91,53.35],[92.96,53.01],[91.45,53.1],[91.35,52.89],[90.21,52.62],[89.79,52.95],[90.21,53.17],[90.21,53.77],[90.77,54.65],[89.95,54.76],[89.59,54.96],[89.37,55.33],[88.16,55.4],[86.2,56.19],[85.62,56.0],[85.83,55.49],[85.72,55.37],[86.54,54.83],[87.08,53.81],[87.03,53.54],[86.68,53.7],[86.21,54.26],[84.17,55.11],[83.87,55.42],[84.58,56.45],[85.57,56.73],[86.42,56.37],[87.67,56.21],[89.33,56.59],[89.85,56.39],[90.09,55.87],[90.64,55.72],[91.83,55.8],[92.16,56.34],[92.91,56.52],[93.26,56.96],[93.78,56.98],[93.89,56.46],[94.18,56.26],[94.74,56.31],[94.73,56.93],[95.51,56.62]]]]}},{"type":"Feature","properties":{"biome":"Flooded Grasslands & Savannas","style":{"fillColor":"#BEE7FF"}},"geometry":{"type":"MultiPolygon","coordinates":[[[[-81.38,22.34],[-81.24,22.2],[-81.67,22.25],[-81.74,22.41],[-81.51,22.56],[-81.88,22.7],[-82.77,22.72],[-83.22,22.36],[-82.78,22.74],[-82.14,22.74],[-81.33,22.65],[-80.63,22.12],[-81.03,22.16],[-81.21,22.34],[-81.61,22.39],[-81.38,22.34]]],[[[-80.74,25.23],[-81.24,25.84],[-81.78,26.1],[-81.77,26.52],[-81.55,26.26],[-81.17,26.26],[-81.21,26.42],[-80.97,26.31],[-80.98,26.6],[-81.18,26.85],[-80.83,27.2],[-80.26,26.66],[-80.05,26.86],[-80.04,26.58],[-80.12,25.9],[-80.13,25.93],[-80.15,25.93],[-80.34,25.54],[-80.32,25.36],[-80.33,25.35],[-80.74,25.23]]],[[[-58.56,-33.01],[-58.26,-33.02],[-58.43,-33.09],[-58.52,-33.45],[-58.37,-34.11],[-58.55,-34.3],[-60.51,-33.13],[-60.8,-32.58],[-60.71,-32.21],[-60.85,-31.83],[-60.28,-31.1],[-59.81,-29.44],[-58.96,-27.45],[-58.37,-26.73],[-58.17,-26.09],[-57.59,-25.4],[-57.87,-26.01],[-58.15,-26.17],[-58.25,-26.75],[-58.67,-27.16],[-58.44,-27.28],[-58.77,-27.47],[-58.73,-27.97],[-58.97,-28.21],[-59.05,-28.72],[-59.42,-29.41],[-59.57,-30.54],[-60.09,-31.39],[-60.61,-31.76],[-60.65,-32.03],[-59.81,-33.14],[-59.39,-33.46],[-58.72,-33.53],[-58.56,-33.01]]],[[[-56.97,-29.64],[-57.65,-30.18],[-57.52,-28.62],[-56.82,-28.37],[-56.17,-27.33],[-55.66,-27.37],[-55.63,-27.7],[-55.3,-27.91],[-55.77,-28.22],[-55.69,-28.41],[-55.89,-28.37],[-56.97,-29.64]]],[[[-57.75,-18.68],[-57.82,-18.91],[-58.17,-19.0],[-58.07,-18.9],[-58.2,-18.83],[-57.75,-18.68]]],[[[-55.48,-16.15],[-55.49,-16.67],[-56.17,-16.61],[-56.28,-16.72],[-55.52,-16.8],[-54.98,-16.63],[-55.02,-17.12],[-55.74,-17.35],[-56.19,-17.24],[-54.89,-17.96],[-54.87,-18.32],[-55.33,-18.31],[-55.05,-18.49],[-55.27,-18.94],[-55.1,-19.4],[-55.73,-20.25],[-55.9,-20.04],[-55.92,-20.33],[-56.12,-20.06],[-56.27,-20.22],[-56.4,-20.06],[-56.66,-20.14],[-56.94,-19.78],[-57.16,-19.99],[-57.15,-20.28],[-56.95,-20.27],[-56.95,-20.41],[-57.36,-21.13],[-57.71,-21.08],[-57.74,-21.42],[-57.58,-21.46],[-57.73,-21.65],[-58.04,-21.45],[-58.03,-20.38],[-58.15,-20.1],[-58.26,-20.17],[-58.24,-19.82],[-58.55,-19.68],[-58.62,-19.2],[-58.76,-19.22],[-58.81,-18.95],[-58.99,-18.91],[-58.89,-18.83],[-59.1,-18.87],[-58.97,-18.77],[-59.1,-18.62],[-58.35,-19.17],[-57.6,-19.2],[-57.43,-19.41],[-57.41,-19.06],[-57.78,-18.89],[-57.41,-18.45],[-57.39,-17.5],[-57.59,-17.62],[-57.61,-17.37],[-58.91,-17.72],[-58.92,-17.51],[-58.55,-17.03],[-59.45,-17.37],[-59.57,-17.16],[-59.39,-16.97],[-59.61,-16.91],[-59.24,-16.64],[-59.74,-16.8],[-60.15,-16.56],[-60.01,-16.52],[-60.11,-16.43],[-59.32,-16.45],[-59.15,-16.19],[-58.58,-16.13],[-58.3,-16.27],[-58.47,-16.79],[-58.34,-16.81],[-58.22,-16.56],[-57.91,-16.88],[-58.18,-16.3],[-58.06,-16.18],[-58.21,-15.97],[-58.09,-15.88],[-57.95,-15.89],[-57.82,-16.29],[-57.55,-16.08],[-56.66,-16.25],[-55.57,-16.0],[-55.83,-16.31],[-55.48,-16.15]]],[[[-58.03,-17.73],[-58.0,-17.59],[-57.66,-18.01],[-57.76,-18.13],[-58.16,-17.98],[-58.1,-17.85],[-58.28,-17.73],[-58.03,-17.73]]],[[[-55.28,-17.53],[-55.62,-17.44],[-55.12,-17.27],[-55.04,-17.59],[-55.21,-17.4],[-55.28,-17.53]]],[[[-59.99,-16.23],[-60.16,-16.17],[-60.15,-16.24],[-59.83,-16.26],[-59.96,-16.34],[-60.23,-16.3],[-60.56,-16.2],[-60.48,-16.13],[-60.7,-15.84],[-60.83,-15.78],[-60.83,-15.95],[-61.05,-15.7],[-60.78,-15.6],[-60.59,-15.71],[-60.46,-15.54],[-60.69,-15.17],[-60.52,-15.09],[-59.59,-15.9],[-59.61,-16.17],[-59.8,-16.17],[-59.8,-16.02],[-59.99,-16.23]]],[[[-60.77,-15.44],[-60.92,-15.57],[-61.09,-15.01],[-60.76,-15.19],[-60.77,-15.44]]],[[[-79.42,-1.94],[-79.62,-2.14],[-79.48,-2.42],[-79.72,-2.91],[-79.6,-2.33],[-79.86,-2.12],[-79.63,-1.56],[-79.42,-1.94]]],[[[-62.59,9.17],[-62.89,9.87],[-62.19,9.55],[-62.11,9.41],[-62.39,9.35],[-62.0,8.87],[-62.17,8.66],[-62.14,8.88],[-62.59,9.17]]],[[[-61.59,9.56],[-61.45,9.67],[-61.35,9.57],[-61.79,9.12],[-61.59,9.56]]],[[[-4.67,14.01],[-5.19,14.03],[-4.68,15.38],[-4.51,15.51],[-4.6,15.66],[-4.93,15.63],[-4.82,15.82],[-2.68,16.83],[-1.29,17.18],[-0.29,17.05],[-0.25,16.69],[-0.43,16.86],[-1.11,16.95],[-2.96,16.55],[-3.05,16.18],[-2.11,16.22],[-2.61,15.77],[-3.02,15.79],[-3.21,15.64],[-3.61,15.73],[-3.47,15.55],[-3.83,15.27],[-4.26,13.83],[-4.76,13.24],[-5.28,13.26],[-4.55,13.77],[-4.67,14.01]]],[[[-15.92,19.08],[-15.51,19.08],[-15.57,18.85],[-15.9,18.67],[-15.92,18.28],[-16.09,18.66],[-15.92,19.08]]],[[[-77.88,20.73],[-78.09,20.77],[-78.41,21.04],[-78.73,21.65],[-79.28,21.57],[-79.61,21.7],[-79.24,21.59],[-78.62,21.69],[-78.43,21.48],[-78.4,21.06],[-77.88,20.73]]],[[[-78.45,22.24],[-78.25,22.13],[-78.51,22.14],[-78.35,22.04],[-78.5,21.96],[-78.7,22.24],[-78.45,22.24]]],[[[16.7,-18.96],[16.16,-19.05],[16.04,-19.24],[15.67,-19.05],[15.62,-19.18],[15.19,-19.24],[15.26,-19.01],[15.34,-19.18],[15.58,-18.85],[15.78,-18.9],[16.39,-18.41],[16.74,-18.44],[16.82,-18.81],[17.15,-18.69],[16.7,-18.96]]],[[[8.22,11.24],[8.3,11.55],[8.48,11.55],[8.75,11.15],[8.22,11.24]]],[[[14.72,13.42],[14.84,13.54],[15.33,13.39],[15.32,13.07],[14.77,12.87],[14.89,12.16],[15.04,12.05],[14.46,12.34],[14.76,12.29],[14.59,12.38],[14.66,12.71],[14.53,12.85],[14.21,12.36],[13.64,12.5],[13.64,13.05],[12.98,14.1],[13.35,14.43],[13.9,14.35],[13.92,14.17],[14.04,14.26],[14.24,14.07],[14.1,13.63],[14.2,13.52],[14.63,13.55],[14.72,13.42]]],[[[0.77,26.06],[0.55,26.09],[0.82,26.25],[1.1,25.85],[1.0,25.65],[0.77,26.06]]],[[[1.52,26.46],[1.53,25.98],[1.41,26.22],[0.98,26.32],[1.52,26.46]]],[[[19.52,29.3],[19.63,29.17],[19.55,29.12],[19.06,29.23],[19.52,29.3]]],[[[11.54,33.17],[11.75,33.01],[11.6,33.01],[11.66,32.77],[11.4,32.72],[11.33,33.1],[11.54,33.17]]],[[[8.58,33.33],[7.7,33.79],[8.36,34.06],[9.84,33.99],[8.83,33.8],[9.08,33.63],[8.58,33.33]]],[[[5.96,33.85],[5.83,34.16],[6.05,34.66],[6.91,34.41],[7.09,34.17],[7.95,34.22],[8.13,34.04],[5.96,33.85]]],[[[24.57,-20.74],[25.28,-20.54],[25.69,-20.14],[25.84,-20.29],[26.07,-20.22],[26.11,-20.35],[26.32,-20.27],[26.2,-20.78],[26.42,-21.16],[26.29,-21.29],[25.15,-21.03],[24.54,-21.39],[24.33,-20.99],[24.5,-20.41],[23.94,-20.28],[24.18,-20.17],[24.52,-20.35],[24.39,-20.95],[24.58,-20.96],[24.57,-20.74]]],[[[23.39,-20.16],[22.99,-20.35],[23.43,-20.03],[23.94,-20.28],[23.39,-20.16]]],[[[24.37,-17.6],[24.44,-17.56],[24.29,-17.48],[24.85,-17.53],[25.3,-17.13],[24.98,-17.48],[25.05,-17.59],[25.38,-17.5],[25.2,-17.57],[25.3,-17.55],[25.17,-17.71],[25.26,-17.82],[24.77,-17.87],[24.34,-18.2],[24.21,-18.04],[23.56,-18.58],[23.84,-18.54],[24.05,-18.64],[23.35,-18.61],[22.78,-18.95],[23.81,-19.14],[23.47,-19.29],[23.3,-19.2],[23.79,-19.57],[23.58,-19.53],[23.68,-19.75],[23.43,-20.03],[23.48,-19.92],[23.27,-20.0],[23.04,-19.71],[23.24,-20.05],[22.98,-20.35],[22.75,-19.99],[22.18,-19.95],[22.07,-19.49],[22.23,-19.02],[21.79,-18.22],[22.52,-18.89],[23.04,-18.47],[22.89,-18.72],[23.5,-18.52],[23.25,-18.0],[23.37,-17.65],[23.31,-18.03],[23.47,-18.24],[23.56,-18.22],[23.83,-18.29],[23.86,-18.2],[24.19,-17.96],[24.22,-17.79],[24.39,-17.73],[24.37,-17.6]]],[[[23.9,-17.06],[23.98,-17.33],[23.67,-17.1],[23.5,-16.75],[23.9,-17.06]]],[[[28.29,-15.88],[27.56,-15.76],[27.33,-15.95],[26.74,-15.68],[26.75,-15.8],[26.44,-15.74],[26.16,-15.99],[26.03,-15.78],[25.77,-15.9],[26.0,-15.53],[26.03,-15.77],[26.26,-15.76],[26.78,-15.44],[27.37,-15.37],[28.11,-15.56],[28.02,-15.69],[28.29,-15.88]]],[[[28.07,-14.57],[27.78,-14.77],[27.8,-14.63],[27.33,-14.55],[27.05,-14.32],[27.34,-14.09],[27.65,-14.1],[27.81,-13.86],[28.0,-13.97],[27.83,-14.05],[28.06,-14.25],[28.0,-14.37],[28.16,-14.38],[28.01,-14.42],[28.07,-14.57]]],[[[22.53,-12.51],[22.71,-13.0],[22.42,-13.16],[22.68,-13.16],[22.46,-13.17],[22.38,-13.22],[22.65,-13.24],[22.77,-13.2],[22.85,-13.26],[22.82,-13.17],[22.5,-13.19],[22.81,-13.17],[22.77,-13.07],[22.84,-13.18],[22.98,-13.06],[22.86,-13.18],[22.98,-13.15],[22.98,-13.24],[23.07,-13.18],[22.97,-13.28],[22.83,-13.29],[22.75,-13.23],[22.73,-13.34],[22.78,-13.32],[22.85,-13.33],[22.99,-13.39],[22.81,-13.44],[22.97,-13.45],[22.83,-13.51],[22.96,-13.51],[22.93,-13.68],[23.11,-13.63],[22.97,-13.3],[23.08,-13.28],[23.19,-13.7],[23.01,-13.67],[23.04,-13.84],[23.12,-13.84],[23.14,-13.91],[23.0,-13.91],[23.03,-14.04],[23.07,-14.08],[23.09,-14.2],[23.15,-14.14],[23.14,-14.25],[23.09,-14.28],[23.17,-14.26],[23.22,-14.03],[23.13,-14.13],[23.06,-13.93],[23.21,-13.97],[23.21,-13.7],[23.25,-14.17],[23.46,-14.06],[23.58,-14.1],[23.24,-14.26],[23.19,-14.54],[23.24,-14.66],[23.35,-14.43],[23.37,-14.71],[23.61,-14.27],[23.6,-14.45],[23.52,-14.5],[23.57,-14.52],[23.39,-14.7],[23.5,-14.67],[23.53,-14.57],[23.61,-14.51],[23.61,-14.29],[23.74,-14.14],[23.76,-14.29],[23.67,-14.35],[23.79,-14.29],[23.84,-14.58],[23.78,-14.68],[23.71,-14.65],[23.7,-14.65],[23.58,-14.7],[23.66,-14.68],[23.87,-14.9],[23.57,-14.71],[23.36,-14.82],[23.35,-14.86],[23.4,-14.86],[23.46,-14.78],[23.45,-14.87],[23.48,-14.78],[23.56,-14.74],[23.62,-14.81],[23.5,-14.85],[23.66,-14.82],[23.84,-14.91],[23.55,-15.01],[23.48,-14.95],[23.46,-15.01],[23.37,-14.9],[23.37,-14.97],[23.47,-15.13],[23.45,-15.16],[23.55,-15.2],[23.43,-15.16],[23.35,-14.95],[23.35,-15.05],[23.31,-15.08],[23.32,-14.94],[23.16,-14.99],[23.23,-15.6],[23.27,-15.46],[23.37,-15.4],[23.21,-15.68],[23.41,-15.59],[23.22,-15.7],[23.28,-15.77],[23.32,-16.03],[23.25,-16.1],[23.45,-16.12],[23.29,-16.35],[22.83,-16.41],[23.18,-16.39],[23.34,-16.53],[23.21,-16.74],[23.33,-16.69],[23.4,-16.94],[23.37,-17.04],[23.06,-17.06],[23.08,-17.37],[23.01,-17.14],[23.04,-17.01],[23.08,-16.95],[22.93,-16.91],[22.95,-16.97],[22.89,-17.16],[22.55,-16.79],[22.6,-16.65],[22.28,-16.62],[22.04,-16.16],[22.1,-16.06],[21.48,-15.52],[21.97,-14.77],[21.66,-14.23],[21.97,-14.19],[21.99,-14.01],[21.61,-13.67],[21.68,-13.44],[21.38,-13.36],[21.51,-13.27],[20.73,-12.48],[20.67,-11.91],[20.91,-11.73],[20.67,-11.32],[20.75,-11.13],[21.22,-11.19],[21.38,-10.94],[22.29,-11.21],[22.52,-10.9],[22.9,-11.08],[22.86,-11.41],[22.54,-11.57],[23.13,-11.58],[22.53,-12.51]],[[22.82,-13.63],[22.94,-13.85],[23.04,-13.84],[22.82,-13.63]],[[23.41,-14.87],[23.41,-14.92],[23.48,-14.95],[23.41,-14.87]],[[22.69,-16.22],[23.15,-16.26],[23.25,-16.3],[23.03,-16.07],[22.62,-16.09],[22.96,-16.2],[22.92,-16.22],[22.69,-16.22]],[[22.72,-15.58],[22.84,-15.58],[22.77,-15.61],[22.83,-15.61],[22.89,-15.71],[22.83,-15.77],[22.94,-15.78],[22.88,-15.86],[22.72,-15.81],[22.6,-15.87],[22.69,-15.96],[22.82,-15.92],[22.74,-16.01],[22.95,-15.95],[22.8,-16.02],[23.03,-16.04],[23.18,-16.17],[22.78,-15.27],[22.78,-15.45],[22.66,-15.47],[22.83,-15.57],[22.72,-15.57],[22.72,-15.58]],[[22.7,-15.6],[22.77,-15.66],[22.71,-15.66],[22.75,-15.69],[22.82,-15.68],[22.76,-15.68],[22.78,-15.66],[22.74,-15.59],[22.72,-15.58],[22.7,-15.6]],[[22.44,-15.4],[22.4,-15.37],[22.4,-15.33],[22.32,-15.27],[22.23,-15.01],[22.32,-15.14],[22.37,-15.12],[22.32,-15.04],[22.39,-14.97],[22.14,-15.01],[22.17,-15.03],[22.2,-15.1],[22.22,-15.1],[22.23,-15.13],[22.22,-15.15],[22.26,-15.15],[22.22,-15.22],[22.27,-15.24],[22.1,-15.33],[22.32,-15.34],[22.12,-15.37],[22.35,-15.38],[22.18,-15.42],[22.25,-15.47],[22.05,-15.54],[22.09,-15.66],[22.49,-15.72],[22.22,-15.56],[22.4,-15.64],[22.33,-15.58],[22.33,-15.5],[22.41,-15.63],[22.5,-15.43],[22.61,-15.51],[22.52,-15.28],[22.56,-15.3],[22.61,-15.39],[22.64,-15.41],[22.61,-15.31],[22.78,-15.24],[22.67,-14.98],[22.88,-15.22],[22.68,-14.96],[22.39,-14.98],[22.4,-14.99],[22.44,-15.4]]],[[[22.87,-15.87],[22.99,-15.86],[22.93,-15.91],[22.84,-15.91],[22.78,-15.88],[22.74,-15.93],[22.7,-15.86],[22.88,-15.86],[22.87,-15.87]]],[[[22.4,-14.99],[22.58,-15.18],[22.55,-15.22],[22.4,-14.99]]],[[[30.21,-10.82],[30.13,-11.04],[30.57,-11.2],[30.78,-10.98],[30.7,-11.29],[30.74,-11.21],[30.85,-11.05],[30.86,-11.05],[30.86,-11.15],[30.77,-11.18],[30.7,-11.32],[30.78,-11.19],[30.82,-11.42],[30.79,-11.35],[30.55,-11.45],[30.74,-11.42],[30.74,-11.58],[30.86,-11.49],[30.73,-11.6],[30.84,-11.64],[30.74,-11.7],[30.65,-11.68],[30.69,-11.71],[30.8,-11.7],[30.65,-11.73],[30.81,-11.88],[30.51,-11.82],[30.72,-11.93],[30.76,-12.11],[30.54,-11.93],[30.59,-12.09],[30.45,-12.04],[30.42,-12.23],[30.11,-12.18],[30.21,-12.27],[30.12,-12.4],[30.02,-12.38],[29.99,-12.25],[29.79,-12.4],[29.46,-12.34],[29.63,-11.94],[29.47,-11.93],[29.6,-11.81],[29.49,-11.82],[29.43,-11.47],[29.6,-11.74],[29.58,-11.51],[29.65,-11.63],[29.63,-11.48],[29.74,-11.51],[29.51,-11.24],[29.73,-10.93],[29.72,-11.05],[29.84,-10.87],[30.08,-10.77],[30.21,-10.82]],[[30.63,-11.34],[30.68,-11.36],[30.7,-11.32],[30.63,-11.34]]],[[[28.42,-9.96],[28.34,-9.57],[28.6,-9.6],[28.49,-9.76],[28.58,-10.04],[28.42,-9.96]]],[[[31.14,-4.73],[31.03,-4.93],[31.23,-4.77],[31.41,-4.76],[31.3,-4.57],[31.2,-4.63],[31.19,-4.43],[31.33,-4.4],[31.26,-3.79],[31.06,-3.98],[30.66,-3.73],[31.05,-3.69],[31.19,-3.44],[31.43,-3.99],[31.62,-3.95],[31.55,-4.41],[31.7,-4.06],[31.78,-4.51],[31.65,-4.62],[31.83,-4.73],[31.59,-4.7],[31.46,-4.99],[31.24,-5.0],[31.5,-5.54],[31.27,-5.28],[30.99,-5.31],[31.17,-5.72],[31.55,-5.82],[31.17,-5.8],[30.98,-5.37],[30.83,-5.34],[30.68,-5.2],[30.86,-5.31],[31.2,-5.05],[30.74,-5.14],[30.88,-4.79],[30.66,-4.58],[30.7,-4.17],[30.5,-4.21],[30.49,-4.03],[30.35,-4.03],[30.43,-3.83],[30.83,-4.1],[30.78,-4.68],[30.87,-4.72],[30.83,-4.61],[31.14,-4.73]]],[[[26.05,29.12],[25.29,29.22],[26.0,29.32],[26.12,29.26],[26.05,29.12]]],[[[27.4,29.58],[27.87,29.36],[27.52,29.0],[26.65,28.78],[26.63,28.93],[26.84,28.99],[26.37,28.94],[26.33,29.12],[26.59,29.3],[26.49,29.59],[27.16,30.17],[28.41,30.39],[29.13,30.18],[28.29,30.17],[28.31,29.96],[28.03,29.77],[27.95,29.86],[27.89,29.6],[27.4,29.58]]],[[[32.56,-9.79],[32.78,-9.56],[32.54,-9.83],[32.71,-9.69],[32.6,-10.12],[32.48,-9.79],[32.19,-9.88],[32.13,-10.07],[32.35,-10.16],[32.12,-10.27],[32.25,-10.31],[32.1,-10.29],[31.96,-10.56],[31.61,-10.57],[31.56,-10.24],[31.63,-10.42],[31.62,-10.24],[31.98,-10.13],[31.88,-9.93],[32.04,-9.63],[32.09,-9.7],[32.12,-9.59],[31.9,-9.5],[32.23,-9.45],[32.09,-9.37],[32.22,-9.33],[32.26,-9.38],[32.26,-9.21],[32.61,-9.49],[32.56,-9.79]]],[[[31.93,-9.59],[32.02,-9.6],[32.04,-9.63],[31.93,-9.59]]],[[[32.15,-9.25],[32.19,-9.16],[32.17,-9.26],[32.22,-9.33],[32.15,-9.25]]],[[[32.36,-8.14],[32.09,-8.15],[31.39,-7.4],[31.69,-7.39],[31.72,-7.58],[31.81,-7.45],[32.94,-8.43],[32.59,-8.48],[32.36,-8.14]]],[[[31.02,-6.88],[31.0,-7.01],[30.86,-6.76],[31.01,-6.86],[31.16,-6.65],[31.31,-6.86],[31.19,-6.66],[31.37,-6.62],[31.41,-6.89],[31.24,-7.11],[31.05,-7.08],[31.15,-6.96],[31.02,-6.88]]],[[[34.01,7.55],[33.73,7.72],[34.06,7.4],[33.54,7.7],[33.62,7.11],[33.28,6.05],[32.47,5.22],[31.66,4.78],[31.6,5.72],[31.31,6.06],[31.2,6.49],[30.81,6.91],[30.25,6.85],[29.99,6.98],[29.47,7.54],[29.37,8.28],[27.82,9.17],[28.22,9.37],[29.37,9.34],[29.93,9.58],[31.73,9.33],[33.6,9.96],[33.46,9.5],[33.19,9.29],[33.55,8.76],[33.51,8.47],[33.77,8.36],[34.25,8.69],[34.23,8.27],[34.41,8.23],[34.1,8.09],[34.22,7.99],[34.01,7.93],[34.08,7.72],[33.92,7.86],[34.01,7.55]]],[[[32.67,31.05],[32.74,30.9],[32.36,30.55],[31.74,30.46],[31.24,30.12],[31.4,29.52],[30.92,28.21],[31.15,27.43],[32.03,26.39],[32.3,26.19],[32.85,26.16],[32.9,25.78],[32.67,25.43],[32.97,25.12],[33.08,24.55],[32.84,23.54],[32.67,23.65],[32.72,24.75],[32.33,25.36],[32.48,25.88],[32.14,25.91],[31.76,26.19],[30.69,27.65],[30.62,28.43],[31.09,29.5],[31.07,29.94],[30.7,30.68],[30.08,30.82],[30.67,31.42],[31.1,31.49],[31.03,31.6],[31.55,31.44],[31.74,31.47],[31.86,31.53],[31.89,31.53],[31.85,31.5],[31.88,31.42],[31.82,31.44],[31.88,31.35],[31.82,31.35],[31.78,31.27],[32.05,31.21],[32.03,31.08],[32.09,31.05],[32.1,31.2],[32.21,31.1],[32.28,31.12],[32.27,31.26],[32.21,31.28],[32.32,31.27],[32.29,31.23],[32.32,31.1],[32.35,31.23],[32.59,31.05],[32.92,31.14],[32.67,31.05]]],[[[32.2,31.28],[32.01,31.37],[31.94,31.49],[31.91,31.53],[32.2,31.28]]],[[[34.67,-21.31],[34.26,-21.3],[34.26,-21.16],[35.07,-21.01],[34.67,-21.31]]],[[[34.94,-19.69],[34.51,-19.58],[34.71,-19.89],[34.59,-19.95],[34.33,-19.84],[34.27,-19.56],[34.5,-19.1],[34.94,-19.69]]],[[[36.05,-18.77],[35.7,-19.01],[35.4,-17.96],[35.97,-17.92],[36.6,-17.53],[37.12,-17.75],[36.64,-18.18],[36.77,-18.29],[36.39,-18.53],[36.07,-18.35],[36.05,-18.77]]],[[[35.39,-15.85],[35.4,-15.54],[35.52,-15.7],[35.64,-15.6],[35.46,-15.17],[35.59,-15.0],[35.88,-14.98],[35.63,-14.97],[35.87,-14.77],[35.84,-14.61],[35.89,-14.77],[35.96,-15.46],[35.39,-15.85]]],[[[35.95,-9.2],[35.75,-8.89],[35.95,-8.38],[36.08,-8.25],[36.94,-8.17],[36.59,-8.21],[36.44,-8.45],[36.33,-8.38],[36.24,-8.76],[36.08,-8.78],[35.95,-9.2]]],[[[34.79,-8.16],[34.76,-8.24],[34.39,-8.44],[34.37,-8.56],[34.24,-8.56],[34.31,-8.7],[34.15,-8.6],[34.03,-8.8],[34.16,-8.53],[34.06,-8.28],[34.79,-8.16]]],[[[37.12,-6.82],[37.33,-6.84],[37.31,-6.59],[37.69,-6.28],[37.44,-6.6],[37.29,-7.26],[37.14,-7.14],[37.04,-7.4],[37.05,-7.01],[37.21,-6.91],[37.12,-6.82]]],[[[35.79,-6.46],[36.11,-6.39],[35.79,-6.75],[35.51,-6.32],[35.79,-6.46]]],[[[37.18,-4.73],[37.36,-4.67],[37.64,-5.14],[37.2,-4.92],[37.07,-4.58],[37.18,-4.73]]],[[[35.84,-4.59],[35.99,-4.13],[36.01,-4.35],[36.08,-4.1],[36.13,-4.33],[36.16,-3.88],[36.15,-4.36],[36.3,-4.47],[36.1,-4.44],[36.39,-4.86],[36.55,-4.82],[36.45,-4.92],[36.28,-4.88],[36.04,-4.53],[35.84,-4.59]]],[[[34.27,-4.17],[34.09,-5.14],[33.94,-5.12],[33.95,-4.19],[34.29,-3.94],[34.2,-3.79],[34.44,-3.89],[34.5,-3.77],[35.29,-3.33],[35.3,-3.67],[34.27,-4.17]]],[[[70.94,23.71],[70.72,23.74],[70.85,23.88],[70.55,23.92],[70.64,23.74],[70.18,23.37],[69.99,23.57],[69.64,23.45],[69.18,23.57],[69.85,23.56],[69.95,23.77],[69.82,23.94],[69.7,23.79],[69.12,23.7],[68.68,23.79],[68.77,23.87],[68.43,23.73],[68.3,23.57],[68.14,23.88],[67.66,23.8],[67.41,24.04],[67.9,23.96],[68.0,24.01],[68.03,23.9],[68.03,24.01],[67.93,24.15],[68.18,24.06],[68.22,24.21],[68.3,24.05],[68.66,24.17],[68.77,24.35],[68.72,24.19],[68.83,24.31],[69.99,24.17],[70.57,24.42],[70.58,24.24],[70.8,24.22],[71.12,24.4],[71.01,24.63],[71.14,24.71],[71.33,24.67],[71.38,24.34],[71.07,23.65],[71.18,23.76],[71.43,23.64],[71.79,23.12],[70.69,23.11],[70.19,22.59],[70.49,23.07],[70.38,23.06],[70.28,22.94],[70.31,23.21],[70.58,23.18],[71.06,23.45],[70.94,23.71]]],[[[49.03,31.4],[49.55,30.94],[48.53,30.53],[48.48,30.64],[49.03,31.4]]],[[[47.7,30.54],[47.24,30.85],[46.33,30.87],[46.31,31.05],[47.08,31.38],[46.18,31.98],[45.87,32.05],[45.76,31.85],[45.53,32.45],[45.19,32.66],[45.13,33.08],[45.23,33.13],[45.52,32.61],[46.12,32.78],[46.95,32.25],[47.67,32.14],[48.18,31.35],[47.94,31.15],[48.03,30.59],[47.7,30.54]]],[[[120.9,33.01],[120.84,32.71],[119.5,34.64],[120.25,34.31],[120.9,33.01]]],[[[119.45,36.88],[118.79,37.13],[118.44,37.54],[118.74,37.67],[118.1,37.75],[117.78,38.09],[117.49,38.65],[117.61,38.85],[117.55,38.59],[118.04,38.14],[118.84,38.15],[119.09,37.72],[118.97,37.27],[119.77,37.15],[119.81,37.0],[119.45,36.88]]],[[[118.31,39.42],[119.11,39.29],[118.33,39.04],[118.05,39.22],[117.63,39.1],[118.31,39.42]]],[[[131.72,45.27],[130.94,45.09],[130.7,45.31],[131.5,45.55],[131.7,45.81],[132.19,45.84],[133.43,46.35],[134.12,46.34],[134.26,46.07],[133.56,45.45],[133.33,44.93],[132.56,44.17],[131.99,43.32],[131.73,43.26],[131.88,44.67],[131.72,45.27]]],[[[123.64,44.86],[123.67,45.07],[124.0,45.28],[124.32,45.16],[123.92,44.99],[123.82,44.77],[123.64,44.86]]],[[[124.96,45.91],[124.58,45.75],[124.42,45.47],[124.21,45.52],[123.72,46.27],[123.38,46.36],[123.28,46.22],[122.83,46.63],[123.12,46.93],[122.84,47.06],[123.32,47.73],[123.71,47.89],[124.08,47.6],[123.71,47.09],[123.85,46.81],[124.17,46.77],[124.34,46.96],[125.3,46.46],[124.96,45.91]]],[[[131.53,46.22],[131.56,46.42],[130.59,46.7],[130.24,46.68],[130.12,46.48],[129.42,46.46],[129.88,46.73],[130.57,47.57],[130.87,47.55],[131.72,48.23],[134.15,48.58],[135.63,49.08],[135.98,48.93],[135.35,47.55],[135.09,47.37],[134.14,47.42],[133.67,46.74],[133.31,46.49],[131.53,46.22]]],[[[129.35,50.36],[130.14,50.16],[130.28,49.74],[130.73,49.57],[130.89,49.3],[130.64,48.82],[129.45,48.93],[129.0,49.13],[128.72,49.6],[127.95,49.53],[127.38,49.77],[126.9,51.17],[126.98,51.31],[126.82,51.26],[126.92,51.38],[126.66,51.78],[127.16,51.92],[127.24,51.64],[127.64,51.71],[128.08,51.49],[129.07,51.79],[129.18,51.57],[128.72,51.05],[129.31,50.88],[129.35,50.36]]]]}},{"type":"Feature","properties":{"biome":"Montane Grasslands & Shrublands","style":{"fillColor":"#D6C39D"}},"geometry":{"type":"MultiPolygon","coordinates":[[[[-72.66,-14.19],[-72.66,-14.42],[-72.49,-14.44],[-72.56,-14.1],[-72.37,-13.72],[-72.25,-13.81],[-72.25,-14.57],[-72.07,-14.36],[-72.09,-14.67],[-71.77,-14.86],[-72.02,-14.7],[-71.84,-14.62],[-71.82,-14.1],[-71.75,-14.44],[-71.62,-14.26],[-71.7,-14.86],[-71.35,-14.86],[-71.29,-14.96],[-70.94,-15.09],[-71.39,-14.67],[-71.36,-14.47],[-71.85,-13.71],[-73.18,-13.29],[-73.35,-13.08],[-73.14,-12.97],[-73.2,-12.78],[-72.94,-12.86],[-73.0,-12.99],[-72.71,-13.22],[-71.84,-13.46],[-71.32,-14.39],[-71.19,-14.33],[-71.33,-14.13],[-71.15,-14.12],[-71.93,-13.3],[-72.48,-13.06],[-72.46,-12.91],[-72.04,-13.13],[-72.02,-12.81],[-71.37,-13.79],[-71.4,-13.29],[-70.98,-13.58],[-70.6,-13.47],[-70.74,-13.71],[-70.5,-13.79],[-70.56,-13.92],[-70.32,-13.63],[-70.29,-13.96],[-69.96,-13.97],[-70.03,-14.07],[-69.8,-14.07],[-69.61,-14.31],[-69.38,-14.15],[-69.38,-14.44],[-69.09,-14.81],[-68.72,-14.98],[-69.05,-15.41],[-68.99,-15.6],[-68.67,-15.79],[-68.57,-15.43],[-68.37,-15.55],[-68.45,-15.71],[-68.04,-15.87],[-68.12,-16.12],[-67.99,-16.1],[-67.73,-16.58],[-67.55,-16.66],[-68.02,-16.51],[-68.12,-16.71],[-67.74,-17.11],[-67.62,-17.13],[-67.44,-16.66],[-67.42,-16.95],[-67.19,-17.03],[-67.12,-17.26],[-66.58,-17.19],[-66.65,-16.83],[-66.07,-17.03],[-65.09,-17.78],[-65.35,-17.71],[-65.32,-18.12],[-65.58,-17.84],[-66.14,-17.62],[-65.81,-17.7],[-65.67,-17.53],[-65.77,-17.32],[-65.97,-17.45],[-65.95,-17.32],[-66.24,-17.24],[-66.69,-17.45],[-66.43,-17.64],[-66.65,-17.75],[-66.48,-18.17],[-65.91,-18.4],[-66.2,-18.42],[-65.8,-18.52],[-65.53,-18.97],[-65.31,-18.89],[-65.29,-18.58],[-65.22,-18.9],[-64.76,-19.33],[-64.67,-19.52],[-65.19,-18.98],[-65.33,-18.98],[-65.3,-19.14],[-65.61,-19.08],[-65.46,-19.24],[-65.42,-19.83],[-64.94,-19.47],[-64.86,-19.77],[-65.05,-19.81],[-65.12,-20.02],[-64.8,-20.65],[-64.88,-20.88],[-65.07,-20.66],[-64.98,-20.35],[-65.22,-20.33],[-65.43,-20.58],[-65.45,-20.14],[-65.64,-20.44],[-65.75,-20.13],[-65.87,-20.18],[-65.86,-20.49],[-66.05,-20.45],[-65.92,-20.67],[-66.1,-20.82],[-65.89,-20.78],[-65.73,-20.99],[-65.4,-20.76],[-65.47,-21.25],[-65.31,-21.7],[-65.86,-21.22],[-65.73,-21.44],[-65.82,-21.64],[-65.64,-21.51],[-65.45,-21.83],[-65.63,-22.04],[-65.3,-21.87],[-65.08,-22.01],[-65.06,-21.15],[-64.2,-21.54],[-64.24,-22.09],[-64.37,-21.94],[-64.58,-22.22],[-64.95,-22.2],[-64.85,-22.47],[-65.02,-22.87],[-64.83,-23.12],[-64.84,-23.5],[-65.13,-23.5],[-65.38,-23.88],[-65.24,-23.53],[-65.46,-24.0],[-65.43,-24.37],[-65.87,-24.79],[-65.95,-24.71],[-65.63,-25.71],[-65.74,-26.74],[-65.87,-26.85],[-65.79,-26.2],[-65.88,-26.91],[-65.9,-27.16],[-66.51,-27.47],[-66.07,-27.81],[-66.02,-28.44],[-67.05,-29.15],[-67.01,-29.74],[-67.22,-30.23],[-67.72,-30.4],[-67.28,-30.89],[-67.33,-31.51],[-68.07,-31.76],[-68.32,-31.45],[-68.72,-31.41],[-68.61,-31.97],[-69.07,-32.99],[-69.09,-33.38],[-69.26,-33.37],[-69.34,-35.01],[-69.74,-34.9],[-69.42,-35.32],[-69.86,-35.33],[-69.49,-35.45],[-69.55,-35.84],[-69.66,-36.0],[-70.08,-36.03],[-69.9,-36.24],[-70.27,-36.61],[-70.37,-35.51],[-70.58,-35.27],[-70.36,-35.0],[-70.59,-34.66],[-70.31,-34.43],[-70.44,-33.89],[-70.09,-34.23],[-69.96,-34.18],[-70.17,-33.66],[-69.97,-33.42],[-70.47,-33.22],[-70.49,-33.09],[-70.13,-32.95],[-70.35,-32.82],[-70.42,-32.56],[-70.52,-32.63],[-70.62,-32.19],[-70.46,-31.95],[-70.83,-31.38],[-70.42,-31.0],[-70.41,-30.75],[-70.6,-30.57],[-70.57,-30.29],[-70.3,-30.47],[-70.46,-30.04],[-70.11,-30.18],[-70.13,-29.89],[-70.39,-29.62],[-70.53,-29.66],[-70.22,-28.75],[-69.73,-28.15],[-69.72,-27.66],[-69.09,-26.26],[-69.19,-25.5],[-69.43,-25.08],[-69.24,-24.95],[-69.27,-24.67],[-68.75,-23.7],[-68.85,-23.25],[-68.43,-22.29],[-68.88,-22.2],[-68.9,-20.66],[-69.93,-17.41],[-70.23,-17.11],[-70.5,-17.15],[-70.68,-16.89],[-70.71,-16.58],[-70.49,-16.59],[-70.67,-16.44],[-70.59,-15.98],[-71.11,-16.66],[-71.37,-16.38],[-71.22,-16.09],[-71.4,-16.01],[-71.53,-16.16],[-71.64,-15.88],[-72.22,-15.85],[-71.53,-15.62],[-71.34,-15.46],[-71.43,-15.35],[-71.63,-15.5],[-72.16,-15.48],[-72.38,-15.19],[-72.39,-15.58],[-72.72,-15.7],[-72.97,-15.34],[-72.45,-14.89],[-73.17,-15.18],[-73.31,-14.87],[-73.09,-14.68],[-73.59,-14.67],[-73.72,-14.78],[-73.63,-14.96],[-73.82,-14.83],[-73.93,-14.95],[-74.06,-14.76],[-73.94,-14.63],[-74.32,-14.34],[-74.39,-14.73],[-74.52,-14.18],[-74.71,-14.24],[-74.71,-13.91],[-74.97,-13.6],[-74.88,-13.8],[-75.1,-13.86],[-75.12,-13.66],[-75.31,-13.59],[-75.18,-13.45],[-75.31,-13.44],[-75.26,-13.06],[-75.47,-13.23],[-75.4,-12.94],[-75.79,-13.06],[-75.8,-12.12],[-75.92,-12.09],[-76.07,-12.4],[-76.19,-12.1],[-76.39,-12.16],[-76.26,-11.74],[-76.65,-11.62],[-76.54,-11.33],[-76.85,-11.04],[-76.62,-10.93],[-76.77,-10.6],[-77.18,-10.9],[-76.97,-10.65],[-77.1,-10.0],[-77.36,-10.25],[-78.1,-8.87],[-77.93,-8.83],[-77.43,-9.77],[-77.84,-8.73],[-77.74,-8.59],[-78.0,-8.49],[-77.94,-8.29],[-77.77,-8.28],[-78.13,-7.98],[-78.28,-8.08],[-78.26,-8.37],[-78.48,-7.86],[-77.98,-7.85],[-77.89,-7.97],[-77.83,-7.76],[-77.59,-8.4],[-77.7,-8.55],[-77.46,-8.78],[-77.55,-8.97],[-77.41,-9.13],[-77.16,-9.07],[-77.32,-9.22],[-77.28,-9.47],[-76.97,-9.37],[-77.02,-9.85],[-76.82,-9.77],[-76.78,-10.25],[-76.55,-10.09],[-76.52,-9.7],[-76.83,-9.04],[-76.57,-9.32],[-76.38,-9.99],[-76.59,-10.54],[-76.28,-10.36],[-76.12,-10.65],[-76.07,-10.11],[-75.94,-10.01],[-75.74,-10.7],[-76.01,-10.72],[-76.0,-10.89],[-75.7,-11.12],[-75.85,-11.17],[-75.8,-11.39],[-75.57,-11.52],[-75.42,-11.25],[-75.24,-11.71],[-74.96,-11.5],[-75.12,-12.11],[-75.43,-11.72],[-75.66,-11.78],[-76.05,-11.49],[-75.25,-12.4],[-75.37,-12.63],[-75.06,-12.46],[-75.11,-12.81],[-74.82,-12.55],[-74.92,-12.93],[-74.74,-12.99],[-74.68,-12.86],[-74.26,-13.41],[-74.88,-13.37],[-74.94,-13.5],[-74.39,-13.62],[-74.62,-13.82],[-74.03,-13.7],[-74.25,-14.18],[-74.06,-14.35],[-73.82,-14.42],[-74.0,-14.02],[-73.81,-13.93],[-73.49,-14.36],[-73.43,-13.91],[-73.15,-13.6],[-73.36,-14.18],[-73.3,-14.52],[-73.15,-14.41],[-73.21,-14.13],[-72.94,-14.45],[-72.8,-14.31],[-73.1,-14.04],[-72.73,-13.61],[-72.63,-13.75],[-72.87,-14.11],[-72.66,-14.19]],[[-66.2,-25.83],[-66.26,-26.4],[-66.14,-26.6],[-66.08,-25.97],[-66.2,-25.83]],[[-68.84,-16.22],[-68.83,-16.23],[-69.07,-16.26],[-69.0,-16.67],[-69.01,-16.56],[-68.83,-16.55],[-68.95,-16.44],[-68.59,-16.32],[-68.6,-16.2],[-68.84,-16.22]],[[-68.76,-15.95],[-69.27,-15.7],[-69.71,-15.24],[-69.94,-15.4],[-69.75,-15.73],[-69.94,-15.56],[-70.02,-15.84],[-69.79,-15.93],[-69.8,-15.79],[-69.42,-16.05],[-69.69,-16.3],[-69.1,-16.24],[-69.12,-16.06],[-68.84,-16.22],[-68.76,-15.95]]],[[[-77.0,-8.37],[-76.84,-8.24],[-77.0,-8.49],[-76.7,-8.52],[-77.0,-8.6],[-76.94,-8.76],[-76.51,-8.66],[-76.67,-8.93],[-76.79,-8.88],[-76.68,-9.18],[-76.9,-8.9],[-77.05,-8.87],[-77.11,-8.5],[-77.36,-8.3],[-77.22,-8.32],[-77.26,-8.17],[-77.55,-8.07],[-77.41,-7.95],[-78.04,-6.4],[-77.73,-7.0],[-77.54,-7.08],[-77.31,-7.95],[-77.04,-8.04],[-77.22,-8.05],[-77.0,-8.37]]],[[[-78.75,-6.89],[-78.92,-6.99],[-79.09,-6.96],[-78.91,-6.77],[-78.71,-6.81],[-78.65,-6.62],[-78.54,-6.84],[-78.39,-6.71],[-78.08,-7.19],[-78.4,-6.91],[-78.59,-7.07],[-78.52,-7.21],[-78.79,-7.03],[-78.75,-6.89]]],[[[-79.38,-4.71],[-79.31,-4.86],[-79.47,-5.01],[-79.55,-4.81],[-79.31,-4.43],[-79.16,-4.48],[-79.38,-4.68],[-79.28,-4.78],[-79.38,-4.71]]],[[[-78.72,-2.81],[-78.65,-2.91],[-78.56,-2.64],[-78.57,-3.17],[-78.71,-3.19],[-78.72,-2.81]]],[[[-79.55,-3.16],[-79.32,-2.92],[-79.44,-2.74],[-79.31,-2.8],[-78.99,-2.52],[-78.96,-2.73],[-79.24,-2.94],[-79.16,-3.11],[-79.55,-3.16]]],[[[-78.54,-2.31],[-78.32,-2.42],[-78.31,-2.59],[-78.53,-2.35],[-78.57,-2.47],[-78.56,-2.34],[-78.71,-2.36],[-78.76,-2.56],[-78.96,-2.45],[-78.69,-2.29],[-78.81,-2.2],[-78.67,-1.97],[-78.63,-2.2],[-78.54,-2.31]]],[[[-78.48,-1.98],[-78.31,-1.99],[-78.51,-2.17],[-78.61,-1.9],[-78.52,-1.99],[-78.43,-1.85],[-78.56,-1.83],[-78.44,-1.54],[-78.3,-1.64],[-78.48,-1.98]]],[[[-78.52,-1.44],[-78.79,-1.58],[-78.73,-1.94],[-78.89,-2.18],[-78.88,-1.58],[-79.08,-1.4],[-78.87,-1.14],[-79.01,-1.06],[-78.92,-0.7],[-78.9,-0.93],[-78.83,-0.71],[-78.71,-0.83],[-78.63,-1.15],[-78.84,-1.29],[-78.52,-1.44]]],[[[-77.85,-0.16],[-78.12,-0.2],[-77.92,-0.33],[-78.2,-0.38],[-77.96,-0.56],[-78.06,-0.71],[-78.29,-0.69],[-78.11,-0.8],[-78.32,-0.85],[-78.13,-0.95],[-78.39,-0.91],[-78.19,-1.16],[-78.45,-1.29],[-78.44,-0.77],[-78.57,-0.61],[-78.3,-0.48],[-78.23,-0.06],[-78.04,-0.11],[-78.06,0.31],[-77.87,0.21],[-77.85,-0.16]]],[[[-78.09,0.71],[-77.96,0.86],[-77.74,0.73],[-77.92,0.57],[-78.09,0.71]]],[[[-76.16,2.63],[-76.43,2.26],[-76.26,2.86],[-76.16,2.63]]],[[[-75.93,3.33],[-76.05,3.3],[-76.04,3.07],[-75.93,3.06],[-76.06,2.87],[-76.17,3.05],[-76.06,3.42],[-75.93,3.33]]],[[[-76.1,3.44],[-76.04,3.77],[-75.71,4.2],[-75.86,3.85],[-75.76,3.89],[-75.76,3.67],[-75.91,3.73],[-76.1,3.44]]],[[[-74.12,3.94],[-74.01,3.94],[-74.21,3.92],[-74.23,3.54],[-74.34,3.78],[-74.61,3.52],[-74.55,3.78],[-74.27,3.99],[-74.24,4.5],[-74.22,4.35],[-74.04,4.36],[-74.22,4.1],[-73.93,4.15],[-74.12,3.94]]],[[[-75.23,4.77],[-75.4,4.62],[-75.53,4.79],[-75.39,5.15],[-75.23,4.77]]],[[[-72.71,6.36],[-72.78,6.06],[-73.06,5.89],[-73.14,6.03],[-73.03,5.97],[-72.89,6.32],[-72.84,6.17],[-72.71,6.36]]],[[[-73.34,10.99],[-73.54,10.64],[-73.81,10.66],[-73.7,10.69],[-73.95,10.91],[-73.34,10.99]]],[[[26.71,-32.21],[26.16,-32.43],[26.18,-32.3],[26.06,-32.41],[25.99,-32.21],[25.83,-32.22],[25.89,-32.33],[25.79,-32.3],[25.78,-32.51],[25.66,-32.54],[25.74,-32.5],[25.61,-32.45],[25.62,-32.13],[25.47,-32.22],[25.46,-32.05],[25.69,-32.11],[25.81,-31.98],[25.91,-32.17],[25.99,-32.04],[26.71,-32.21]]],[[[25.56,-31.19],[25.68,-31.18],[25.71,-31.21],[25.44,-31.46],[25.47,-31.3],[25.38,-31.43],[25.29,-31.35],[25.49,-31.17],[25.39,-31.13],[25.44,-31.07],[25.36,-31.04],[25.39,-31.01],[25.36,-30.99],[25.35,-30.95],[25.38,-30.9],[25.5,-31.07],[25.87,-30.88],[25.56,-31.19]]],[[[25.72,-31.21],[25.7,-31.25],[25.72,-31.26],[25.8,-31.23],[25.79,-31.34],[25.97,-31.27],[25.92,-31.47],[25.71,-31.37],[25.77,-31.36],[25.69,-31.34],[25.68,-31.27],[25.71,-31.21],[25.72,-31.21]]],[[[30.76,-25.4],[30.68,-25.18],[30.66,-25.32],[30.63,-25.19],[30.6,-25.33],[30.51,-25.27],[30.42,-25.45],[30.7,-25.47],[30.44,-25.6],[30.74,-25.61],[30.71,-25.48],[30.84,-25.5],[30.74,-25.74],[30.88,-25.84],[31.48,-25.59],[31.15,-25.87],[31.29,-25.86],[31.2,-26.04],[30.68,-25.83],[30.54,-25.95],[31.39,-26.15],[31.15,-26.22],[31.26,-26.45],[31.05,-26.36],[31.12,-26.57],[30.89,-26.52],[31.3,-26.65],[31.1,-26.94],[31.36,-26.91],[31.29,-27.09],[31.43,-27.2],[31.44,-27.31],[31.13,-27.2],[31.16,-27.32],[31.11,-27.35],[31.05,-27.24],[30.92,-27.36],[31.1,-27.44],[30.9,-27.45],[30.91,-27.72],[30.43,-27.67],[30.5,-27.78],[30.35,-27.58],[29.92,-27.51],[29.96,-27.38],[29.55,-27.32],[29.72,-27.4],[29.63,-27.5],[29.84,-27.49],[29.65,-27.66],[29.62,-28.24],[29.21,-28.53],[28.9,-28.45],[28.85,-28.66],[28.62,-28.45],[28.18,-28.55],[28.36,-28.54],[28.32,-28.69],[28.38,-28.62],[28.43,-28.62],[28.51,-28.75],[28.29,-28.82],[28.26,-29.04],[28.02,-29.05],[28.17,-29.16],[27.71,-29.26],[27.8,-29.49],[27.54,-29.67],[27.64,-29.62],[27.73,-29.84],[27.48,-30.18],[27.68,-30.32],[27.91,-29.89],[27.92,-30.04],[28.06,-29.88],[28.03,-30.06],[28.2,-29.99],[28.15,-29.51],[28.23,-29.8],[28.25,-29.66],[28.37,-29.73],[28.27,-29.98],[28.67,-29.99],[28.62,-29.87],[28.78,-29.83],[28.62,-29.48],[28.73,-29.54],[28.81,-29.34],[28.72,-29.6],[28.87,-29.81],[28.67,-29.92],[28.85,-30.05],[28.15,-30.05],[28.18,-30.18],[27.94,-30.16],[28.12,-30.33],[27.88,-30.28],[28.03,-30.55],[27.79,-30.32],[27.86,-30.47],[27.67,-30.48],[27.81,-30.65],[27.18,-30.65],[27.31,-31.22],[27.1,-31.15],[27.13,-30.94],[27.04,-31.05],[27.06,-31.11],[26.87,-31.12],[26.99,-31.0],[26.73,-30.89],[26.42,-31.02],[26.48,-31.23],[26.35,-31.33],[26.48,-31.48],[26.34,-31.64],[26.08,-31.6],[26.1,-31.34],[26.36,-31.19],[26.13,-31.08],[26.43,-30.93],[26.32,-30.77],[26.78,-30.72],[26.64,-30.66],[26.73,-30.57],[26.26,-30.69],[26.19,-30.55],[25.9,-30.54],[25.77,-30.68],[25.33,-30.65],[25.32,-30.78],[25.2,-30.61],[24.99,-30.65],[25.15,-30.58],[25.13,-30.42],[24.97,-30.5],[24.84,-30.39],[25.01,-30.59],[24.64,-30.65],[24.66,-30.79],[24.52,-30.69],[24.72,-30.42],[24.4,-30.51],[24.34,-30.72],[24.17,-30.66],[24.16,-30.47],[24.34,-30.52],[24.21,-30.42],[24.25,-30.28],[24.33,-30.43],[24.5,-30.41],[24.47,-30.46],[24.31,-30.43],[24.38,-30.51],[24.5,-30.46],[24.54,-30.37],[24.61,-30.38],[24.59,-30.33],[24.78,-30.42],[24.71,-30.26],[24.87,-30.31],[24.41,-29.95],[24.44,-29.75],[24.7,-29.98],[24.75,-29.75],[24.98,-29.83],[25.13,-29.71],[25.23,-29.77],[25.31,-29.67],[25.09,-29.43],[25.57,-29.51],[25.52,-28.92],[25.31,-28.83],[25.32,-28.5],[25.16,-28.44],[25.33,-28.27],[25.6,-28.29],[25.44,-27.95],[26.24,-27.93],[26.24,-27.57],[25.74,-27.59],[25.95,-27.34],[25.68,-27.21],[25.51,-27.38],[25.38,-27.21],[25.5,-27.14],[25.27,-27.11],[25.11,-26.84],[25.32,-26.77],[25.07,-26.49],[25.32,-26.46],[25.4,-25.94],[25.86,-25.69],[25.67,-25.62],[25.8,-25.54],[25.72,-25.37],[26.11,-25.79],[26.44,-25.86],[26.69,-25.73],[27.32,-25.93],[27.14,-26.03],[27.24,-26.09],[27.65,-26.04],[27.99,-25.79],[28.5,-25.93],[28.55,-25.62],[28.99,-25.63],[28.9,-25.83],[29.39,-25.49],[29.64,-25.55],[29.59,-25.39],[29.75,-25.34],[29.54,-25.06],[29.77,-24.81],[29.8,-25.23],[30.05,-24.99],[30.12,-25.18],[30.19,-24.81],[30.46,-24.99],[30.46,-24.57],[30.59,-24.9],[30.68,-24.57],[30.84,-24.65],[30.88,-24.52],[30.95,-24.79],[30.9,-25.02],[30.8,-25.09],[30.98,-25.18],[30.76,-25.4]]],[[[30.07,-24.13],[29.75,-24.09],[30.14,-23.67],[30.0,-23.86],[30.11,-24.08],[30.0,-23.99],[30.07,-24.13]]],[[[32.73,-20.12],[32.5,-19.91],[32.52,-19.35],[32.71,-19.01],[33.0,-19.74],[32.73,-20.12]]],[[[32.75,-18.68],[32.5,-19.02],[32.45,-18.48],[32.65,-17.78],[32.75,-18.68]]],[[[14.09,-13.75],[14.78,-13.33],[14.85,-13.01],[14.88,-13.27],[14.26,-14.1],[14.09,-13.75]]],[[[15.65,-12.45],[15.79,-13.06],[15.36,-13.32],[14.98,-13.32],[14.83,-12.92],[15.11,-12.86],[15.19,-13.03],[15.37,-12.93],[15.05,-12.68],[15.11,-12.53],[14.79,-12.81],[14.7,-12.66],[14.52,-12.69],[14.68,-12.42],[15.05,-12.46],[14.72,-12.28],[14.82,-12.06],[14.59,-11.82],[14.82,-11.81],[14.79,-11.58],[14.99,-11.81],[15.22,-11.75],[15.23,-12.23],[15.49,-12.15],[15.62,-12.35],[15.52,-12.47],[15.65,-12.45]]],[[[15.22,-10.89],[15.27,-10.62],[15.57,-10.92],[15.37,-11.17],[15.18,-11.07],[15.32,-10.94],[15.22,-10.89]]],[[[33.6,-8.98],[33.41,-9.04],[33.58,-9.47],[33.54,-9.45],[33.44,-9.6],[33.29,-9.21],[33.12,-9.18],[33.57,-8.87],[33.6,-8.98]]],[[[31.76,-8.38],[31.73,-8.46],[31.5,-8.28],[31.44,-7.95],[31.76,-8.38]]],[[[31.16,-7.63],[31.09,-7.36],[31.29,-7.67],[31.28,-7.98],[31.23,-7.77],[31.15,-8.0],[30.99,-7.74],[31.16,-7.63]]],[[[-72.45,6.67],[-72.34,6.76],[-72.24,6.55],[-72.14,6.68],[-72.02,6.53],[-72.38,6.28],[-72.36,6.04],[-72.55,5.97],[-72.47,5.83],[-72.6,5.91],[-72.59,5.72],[-72.66,5.9],[-72.76,5.41],[-72.97,5.61],[-72.4,6.47],[-72.97,7.1],[-72.94,7.45],[-72.76,7.03],[-72.57,7.17],[-72.64,6.88],[-72.51,6.92],[-72.45,6.67]]],[[[-70.8,8.81],[-70.61,8.84],[-70.67,8.74],[-71.15,8.35],[-70.86,8.78],[-71.27,8.62],[-71.29,8.79],[-70.9,8.92],[-70.75,9.16],[-70.79,8.9],[-70.5,9.16],[-70.54,8.97],[-70.37,9.08],[-70.54,8.92],[-70.8,8.81]]],[[[8.93,10.03],[9.23,10.42],[9.67,10.32],[9.57,9.32],[8.82,9.06],[8.63,9.52],[8.37,9.57],[9.03,10.61],[9.11,10.38],[8.93,10.03]]],[[[-6.78,31.57],[-6.6,31.54],[-6.22,31.86],[-5.56,32.09],[-5.66,31.69],[-5.72,31.87],[-5.99,31.52],[-6.84,31.34],[-6.78,31.57]]],[[[-5.45,32.12],[-5.54,32.14],[-5.49,32.29],[-4.67,32.56],[-5.45,32.12]]],[[[34.54,-14.6],[34.47,-14.83],[34.23,-14.43],[34.36,-14.39],[34.54,-14.6]]],[[[33.75,-11.63],[33.98,-11.44],[33.86,-12.04],[33.73,-12.14],[33.75,-11.63]]],[[[34.99,-11.06],[34.94,-11.29],[34.78,-10.98],[34.85,-10.73],[34.99,-11.06]]],[[[33.77,-10.59],[33.68,-10.75],[33.59,-10.66],[33.8,-10.34],[34.0,-10.48],[33.92,-10.83],[33.77,-10.59]]],[[[35.23,-9.7],[35.0,-9.72],[35.04,-9.88],[34.71,-9.79],[34.64,-10.21],[34.63,-10.03],[34.22,-9.52],[33.81,-9.11],[33.78,-9.24],[33.61,-9.13],[33.72,-8.92],[34.19,-9.13],[34.27,-8.88],[34.58,-9.3],[34.82,-8.96],[35.11,-8.96],[35.13,-9.11],[35.28,-9.11],[35.31,-9.46],[35.16,-9.5],[35.36,-9.54],[35.27,-9.58],[35.28,-9.65],[35.33,-9.7],[35.38,-9.68],[35.33,-9.83],[35.11,-9.78],[35.23,-9.7]]],[[[35.5,-15.88],[35.73,-15.75],[35.78,-16.04],[35.52,-16.03],[35.5,-15.88]]],[[[36.62,6.31],[36.72,6.22],[36.75,6.42],[36.81,6.33],[37.01,6.53],[36.8,6.24],[36.84,6.11],[36.68,5.67],[36.53,5.99],[36.62,6.31]]],[[[36.97,7.08],[36.72,7.14],[37.35,7.06],[37.09,6.75],[37.22,6.96],[37.0,7.03],[37.1,6.89],[36.88,6.87],[36.97,7.08]]],[[[36.77,7.32],[36.87,7.51],[36.68,7.57],[36.91,7.59],[36.99,7.49],[37.28,7.65],[37.44,7.92],[37.42,8.13],[37.57,7.83],[37.17,7.3],[36.77,7.32]]],[[[37.12,18.52],[36.93,18.83],[37.01,18.95],[37.2,18.81],[37.12,18.52]]],[[[37.89,6.03],[37.91,5.75],[37.87,5.4],[37.72,5.75],[37.89,6.03]]],[[[37.4,5.63],[37.26,5.47],[37.17,6.13],[37.65,6.57],[37.72,6.27],[37.44,6.15],[37.52,6.01],[37.32,5.77],[37.4,5.63]]],[[[37.26,8.56],[37.39,7.96],[37.1,7.72],[37.1,7.96],[36.96,7.83],[37.26,8.56]]],[[[37.2,13.62],[37.34,13.66],[37.21,13.73],[37.32,13.86],[37.56,13.57],[37.43,13.36],[37.58,13.28],[37.14,13.36],[37.29,13.49],[37.46,13.5],[37.2,13.62]]],[[[38.83,10.27],[38.72,10.08],[38.45,10.09],[38.63,10.27],[38.51,10.34],[38.83,10.27]]],[[[39.18,6.81],[38.86,6.66],[38.17,5.82],[38.07,6.2],[38.33,6.3],[38.3,6.58],[38.4,6.64],[38.48,6.79],[38.25,6.76],[38.09,7.4],[37.9,6.74],[37.84,6.75],[37.78,6.78],[37.78,6.81],[37.68,6.66],[37.54,7.05],[37.72,7.0],[37.77,7.2],[37.46,7.23],[37.74,7.92],[37.67,8.16],[37.94,8.27],[37.73,8.24],[37.89,8.37],[37.81,8.5],[37.25,8.65],[37.24,8.69],[37.26,8.76],[37.41,8.84],[37.37,8.9],[37.45,8.88],[37.19,9.15],[36.76,9.05],[36.87,9.12],[36.69,9.24],[37.02,9.4],[36.88,9.61],[36.94,9.71],[36.99,9.65],[36.98,9.89],[36.66,9.74],[36.71,9.85],[36.65,9.93],[36.71,9.98],[36.59,9.96],[36.57,10.03],[37.1,10.18],[37.41,9.53],[37.6,9.85],[37.5,9.53],[37.61,9.4],[37.4,9.27],[37.69,9.23],[37.59,9.03],[37.76,9.03],[37.74,9.26],[37.79,9.15],[37.88,9.13],[37.79,9.26],[37.96,9.24],[37.77,9.3],[37.78,9.45],[37.99,9.36],[37.91,9.55],[37.72,9.52],[37.67,9.76],[37.9,9.64],[38.01,9.76],[38.13,9.34],[38.21,9.67],[38.43,9.45],[38.39,9.59],[38.53,9.42],[38.74,9.44],[38.37,9.76],[38.13,9.68],[38.25,9.85],[38.09,9.93],[38.61,10.05],[38.6,9.96],[38.92,9.7],[38.83,9.87],[39.15,9.83],[38.99,9.87],[39.27,10.09],[39.26,9.87],[39.44,9.98],[39.33,10.0],[39.45,10.15],[39.32,10.0],[39.37,10.18],[38.97,9.95],[38.82,10.04],[39.3,10.18],[39.45,10.39],[39.21,10.17],[39.23,10.27],[38.97,10.17],[39.26,10.59],[39.09,10.41],[39.0,10.51],[38.82,10.4],[39.02,10.69],[38.69,10.42],[38.51,10.39],[38.65,10.52],[38.49,10.55],[38.82,10.7],[38.49,10.6],[38.67,10.75],[38.54,10.76],[38.67,10.86],[38.55,11.01],[38.75,11.01],[38.49,11.08],[38.61,11.18],[38.7,11.08],[38.79,11.06],[38.7,11.18],[38.81,11.07],[38.8,11.15],[38.61,11.25],[38.92,11.11],[38.64,11.28],[38.71,11.4],[38.81,11.38],[38.69,11.6],[39.01,11.54],[38.61,11.74],[38.68,11.42],[38.38,11.58],[38.59,11.34],[38.52,11.21],[38.37,11.38],[38.51,11.18],[38.46,11.1],[38.19,11.16],[38.14,11.36],[38.15,11.18],[38.03,11.21],[38.01,11.42],[37.89,11.23],[37.54,11.61],[37.39,11.55],[37.37,11.49],[37.59,11.44],[37.54,11.34],[37.62,11.44],[37.82,11.24],[37.72,11.06],[37.84,11.21],[38.09,11.14],[38.02,10.99],[38.24,11.14],[38.44,11.06],[38.48,10.68],[38.17,10.8],[38.44,10.6],[38.29,10.66],[38.4,10.56],[38.25,10.52],[38.44,10.52],[38.39,10.18],[38.24,10.36],[38.25,10.14],[38.09,10.22],[38.0,10.04],[37.92,10.15],[37.76,9.91],[37.8,10.05],[37.67,9.97],[37.63,10.09],[37.74,10.25],[37.44,10.13],[37.16,10.29],[37.4,10.67],[37.1,10.62],[37.02,10.37],[36.79,10.68],[36.44,10.7],[36.63,10.88],[36.57,11.22],[36.8,11.44],[36.69,11.6],[36.97,11.74],[36.89,11.89],[36.69,11.8],[36.8,11.87],[36.68,12.0],[36.74,12.13],[36.93,12.14],[37.08,12.7],[37.21,12.48],[37.21,12.66],[37.59,12.82],[37.58,13.1],[37.65,12.9],[37.77,13.04],[37.59,13.3],[37.76,13.18],[38.04,13.26],[38.38,13.68],[38.39,13.57],[38.54,13.63],[38.39,13.45],[38.62,13.52],[38.4,13.39],[38.56,13.42],[38.65,13.18],[38.42,12.97],[38.3,13.03],[38.4,12.83],[38.02,13.01],[38.12,12.82],[37.91,12.9],[38.05,12.79],[37.87,12.71],[38.03,12.65],[37.78,12.5],[37.91,12.35],[38.11,12.66],[38.21,12.61],[38.09,12.33],[38.38,12.39],[38.2,12.23],[38.45,12.2],[38.36,11.93],[38.46,12.13],[38.62,12.02],[38.52,11.83],[38.76,12.03],[38.83,11.87],[38.87,12.04],[38.65,12.04],[38.75,12.13],[38.58,12.11],[38.47,12.28],[38.58,12.17],[38.94,12.26],[38.55,12.33],[38.48,12.53],[38.79,12.51],[38.5,12.68],[38.86,12.55],[38.73,12.78],[38.92,12.61],[38.94,12.76],[38.73,12.88],[38.85,12.95],[39.0,12.75],[39.04,12.86],[39.25,12.37],[39.2,12.65],[39.3,12.59],[39.11,12.71],[39.03,12.97],[39.21,12.72],[39.16,12.83],[39.21,12.78],[39.35,12.81],[39.3,12.85],[39.13,12.85],[39.11,12.91],[39.21,12.87],[39.3,12.9],[39.2,12.89],[39.13,12.95],[39.39,12.95],[39.18,13.03],[39.41,13.2],[39.04,13.2],[39.21,13.23],[39.07,13.44],[39.38,13.42],[39.43,13.65],[39.32,13.47],[38.68,13.71],[39.0,13.81],[39.05,13.77],[39.03,13.71],[39.1,13.69],[39.29,13.79],[39.23,13.81],[39.34,14.07],[39.08,13.85],[39.13,14.1],[38.86,13.83],[38.88,14.1],[38.81,13.8],[38.69,13.99],[38.63,13.73],[38.57,14.02],[38.45,14.02],[38.5,13.84],[38.31,14.08],[38.17,13.95],[38.27,14.15],[38.1,14.32],[38.18,14.38],[38.44,14.15],[38.83,14.2],[38.78,14.28],[38.94,14.29],[38.86,14.38],[39.07,14.39],[39.0,14.48],[39.15,14.34],[39.05,14.52],[39.25,14.41],[39.08,14.64],[38.44,14.42],[38.27,14.75],[38.37,14.94],[38.16,14.96],[38.5,15.2],[38.35,16.23],[37.73,17.67],[37.97,17.9],[38.26,17.73],[38.33,17.06],[38.56,16.82],[38.58,16.11],[39.26,15.2],[39.44,15.22],[39.71,14.95],[39.75,14.61],[39.61,14.5],[39.78,14.44],[39.59,14.38],[39.88,14.32],[39.68,14.15],[39.9,14.11],[39.78,14.08],[39.84,13.6],[39.72,13.59],[39.85,13.5],[39.66,13.32],[39.77,13.25],[39.62,13.24],[39.78,13.05],[39.57,12.65],[39.62,12.55],[39.47,12.32],[39.66,11.96],[39.52,11.88],[39.55,11.81],[39.7,11.84],[39.62,11.53],[39.74,11.51],[39.58,11.48],[39.59,11.43],[39.63,11.39],[39.62,11.33],[39.7,11.47],[39.91,11.4],[39.81,11.3],[39.96,11.2],[39.79,11.09],[40.0,10.98],[39.82,10.9],[39.73,11.07],[39.67,10.89],[39.93,10.42],[39.76,9.95],[39.89,9.83],[39.82,9.44],[39.6,9.47],[39.7,9.28],[39.44,9.01],[39.34,9.24],[39.24,9.16],[39.44,8.83],[39.23,8.54],[38.89,8.63],[38.83,8.46],[38.76,8.61],[38.69,8.24],[38.57,8.15],[38.68,8.2],[38.66,7.94],[38.24,7.58],[38.28,7.48],[38.28,7.4],[38.38,7.58],[38.32,7.35],[38.48,7.2],[38.3,7.0],[38.57,6.96],[38.53,7.21],[38.87,7.58],[38.73,7.81],[39.1,7.99],[38.98,8.24],[39.39,8.19],[39.64,8.43],[39.96,8.45],[40.49,8.83],[40.44,8.92],[40.93,9.1],[41.07,9.4],[41.2,9.3],[41.27,9.42],[42.42,9.57],[42.5,9.69],[42.65,9.59],[42.81,9.76],[43.03,9.57],[42.71,9.5],[42.8,9.17],[42.57,9.5],[42.42,9.52],[42.44,9.29],[42.18,9.42],[42.15,9.09],[42.07,9.29],[41.85,9.31],[41.96,9.2],[41.83,9.17],[41.86,8.9],[41.73,9.2],[41.71,8.93],[41.64,9.09],[41.63,8.87],[41.58,9.0],[41.49,8.86],[41.67,9.16],[41.61,9.3],[41.54,9.1],[41.51,9.31],[41.52,9.04],[41.39,9.26],[41.31,8.86],[41.32,9.13],[41.16,8.86],[41.09,8.96],[41.27,9.26],[41.09,9.22],[41.07,9.0],[40.96,9.07],[41.04,8.84],[40.87,8.89],[40.81,8.73],[40.82,8.93],[40.5,8.82],[40.01,8.31],[40.14,8.09],[39.81,8.12],[40.01,8.0],[39.85,7.98],[40.11,7.94],[39.81,7.92],[40.18,7.83],[40.25,7.69],[40.09,7.6],[40.25,7.55],[39.99,7.58],[39.87,7.71],[39.9,7.59],[40.11,7.5],[39.99,7.49],[39.62,7.74],[39.78,7.54],[39.56,7.55],[39.5,7.35],[40.41,7.4],[40.59,7.53],[40.77,7.44],[40.56,7.41],[40.81,7.28],[40.65,7.11],[40.56,7.19],[40.45,7.06],[40.56,6.91],[40.38,6.88],[40.52,6.66],[40.23,6.9],[39.98,6.7],[40.01,6.97],[39.84,6.67],[39.65,6.87],[39.45,6.7],[39.18,6.81]],[[39.14,11.3],[38.96,11.37],[39.27,11.49],[39.35,11.35],[39.3,11.59],[38.81,11.38],[39.14,11.3]],[[37.5,11.88],[37.66,11.8],[37.64,11.82],[37.66,11.88],[37.76,12.02],[37.34,12.39],[37.29,12.2],[37.17,12.33],[37.06,12.23],[36.99,11.9],[37.28,11.79],[37.39,11.56],[37.39,11.55],[37.5,11.88]],[[37.05,9.41],[36.99,9.33],[37.14,9.29],[37.16,9.71],[37.03,9.79],[37.04,9.51],[36.97,9.61],[37.05,9.41]],[[37.18,9.78],[37.15,9.85],[37.03,9.85],[37.03,9.79],[37.18,9.78]]],[[[58.11,26.66],[57.89,26.54],[57.73,26.8],[58.3,26.93],[58.9,26.53],[58.11,26.66]]],[[[61.75,26.67],[61.46,26.63],[60.96,26.86],[61.28,26.89],[61.75,26.67]]],[[[60.92,27.65],[61.66,27.13],[61.21,27.14],[60.92,27.65]]],[[[61.42,27.92],[61.53,28.34],[61.67,27.83],[62.07,27.75],[62.33,27.27],[63.68,27.47],[63.78,27.32],[62.7,26.94],[61.73,27.63],[61.68,27.47],[61.15,27.86],[60.68,28.46],[60.51,28.37],[60.34,28.55],[60.18,28.33],[59.97,28.96],[60.29,28.75],[60.38,28.88],[60.22,29.23],[59.86,29.33],[59.75,29.75],[59.97,29.67],[60.02,30.2],[60.12,29.83],[60.4,29.69],[60.45,29.87],[60.71,29.78],[60.78,29.31],[60.97,29.45],[61.42,27.92]]],[[[66.4,29.41],[66.22,28.73],[65.98,28.41],[66.4,29.41]]],[[[54.4,31.4],[54.44,31.02],[55.46,30.48],[55.59,30.36],[55.44,30.21],[55.8,29.97],[57.42,29.48],[57.03,30.14],[56.12,30.54],[55.55,31.06],[54.77,31.36],[54.92,31.56],[55.51,31.29],[56.12,30.72],[57.05,30.18],[57.57,29.71],[56.97,30.58],[56.16,31.07],[56.42,31.25],[56.13,31.53],[55.9,32.04],[55.99,32.14],[56.51,31.6],[56.52,31.42],[56.66,31.53],[56.8,31.34],[56.79,30.9],[57.1,30.98],[57.57,30.51],[58.29,29.07],[57.7,29.4],[57.61,29.3],[58.64,28.28],[57.05,29.14],[56.63,28.96],[56.31,29.25],[56.24,29.57],[54.77,30.33],[54.24,31.03],[54.02,30.79],[54.05,31.16],[53.51,31.66],[53.2,31.65],[53.11,32.2],[52.38,32.72],[52.24,33.27],[51.54,33.71],[50.84,34.42],[51.12,34.63],[51.38,34.53],[51.43,34.06],[52.3,33.58],[52.52,32.9],[52.78,32.98],[53.15,32.85],[53.16,32.73],[52.9,32.7],[53.65,31.7],[54.4,31.4]]],[[[60.28,33.44],[60.34,32.96],[59.94,33.0],[60.26,32.4],[60.45,32.48],[60.48,32.36],[60.32,31.68],[60.06,31.8],[60.09,31.09],[59.91,31.16],[59.82,31.52],[59.42,31.47],[59.47,31.74],[59.68,31.85],[59.3,32.01],[59.44,32.22],[59.11,32.33],[59.35,32.56],[59.16,32.92],[58.94,32.93],[59.2,33.21],[59.17,33.41],[58.24,34.37],[58.43,34.44],[58.88,34.05],[59.48,33.91],[59.18,33.74],[59.49,33.43],[59.7,33.62],[59.94,33.39],[60.28,33.44]]],[[[57.22,33.87],[57.42,33.8],[57.66,32.98],[57.08,33.85],[56.69,33.99],[57.25,34.42],[57.37,34.35],[57.22,33.87]]],[[[67.91,34.71],[68.08,34.89],[67.98,35.02],[68.08,35.24],[68.29,35.39],[68.58,35.29],[69.29,35.57],[69.4,35.44],[68.24,34.97],[68.48,34.93],[68.26,34.65],[69.01,34.98],[68.79,34.46],[68.66,34.58],[68.43,34.47],[68.63,34.29],[68.07,34.38],[67.83,34.25],[67.85,33.99],[68.12,34.16],[68.27,34.02],[67.92,33.79],[67.92,33.6],[68.09,33.72],[68.01,33.39],[67.72,33.24],[67.44,33.5],[67.12,33.46],[67.39,33.27],[67.27,33.11],[67.08,33.18],[66.88,33.04],[67.01,32.91],[66.89,32.8],[66.52,32.65],[66.67,33.14],[66.94,33.39],[66.56,33.43],[66.4,33.11],[66.4,33.28],[66.11,33.11],[66.16,33.41],[67.17,33.58],[66.64,33.64],[67.43,33.84],[66.92,34.0],[68.07,34.55],[67.39,34.44],[66.92,34.16],[66.87,34.32],[66.66,34.35],[66.78,34.02],[66.42,33.79],[66.3,33.88],[66.51,34.21],[66.01,34.19],[66.09,34.0],[65.93,33.64],[65.63,33.37],[65.51,33.55],[65.77,33.98],[65.26,34.24],[65.2,34.05],[65.55,33.98],[65.41,33.75],[65.17,33.79],[65.2,33.6],[64.82,33.49],[64.65,33.26],[64.34,33.39],[64.3,33.14],[63.97,33.13],[63.79,32.84],[63.61,33.1],[64.09,33.54],[64.83,33.87],[63.25,33.4],[64.8,34.02],[62.96,33.49],[63.16,33.7],[62.79,33.66],[64.83,34.22],[64.15,34.23],[64.03,34.36],[66.13,34.5],[65.73,34.54],[66.16,34.7],[65.28,34.78],[65.76,35.0],[65.37,35.05],[65.65,35.22],[65.01,35.25],[65.87,35.36],[66.24,35.59],[66.46,35.56],[66.12,35.2],[66.44,34.89],[66.36,35.14],[66.6,35.39],[66.97,35.53],[67.05,35.31],[67.24,35.7],[67.58,35.55],[67.16,35.34],[67.39,35.3],[67.48,35.11],[67.81,35.1],[67.32,34.92],[67.28,34.76],[67.91,34.71]]],[[[59.68,35.11],[59.3,35.44],[59.25,35.3],[58.19,35.41],[57.6,35.95],[58.05,35.67],[59.17,35.54],[59.29,35.77],[59.54,35.83],[59.69,35.55],[60.06,35.53],[60.5,35.11],[59.95,35.37],[59.68,35.11]]],[[[58.0,37.51],[55.54,38.09],[55.02,38.47],[54.94,39.0],[55.66,39.31],[56.49,39.02],[56.43,38.83],[57.21,38.58],[58.21,37.94],[58.86,37.97],[59.51,37.75],[60.63,37.1],[61.53,36.18],[60.88,35.77],[60.94,35.44],[60.16,35.84],[60.87,35.78],[59.95,36.72],[59.4,36.75],[58.0,37.51]]],[[[54.19,39.92],[54.28,40.08],[55.1,39.71],[54.7,39.52],[54.41,39.59],[54.19,39.92]]],[[[87.86,27.77],[88.07,27.8],[88.03,27.55],[88.35,27.6],[88.39,27.46],[88.03,27.26],[87.86,27.77]]],[[[90.1,27.74],[90.27,27.71],[90.35,28.01],[90.55,27.82],[90.37,27.89],[90.48,27.73],[90.32,27.75],[90.44,27.65],[90.23,27.56],[90.1,27.74]]],[[[93.44,28.82],[93.48,29.07],[93.79,29.03],[93.55,28.72],[93.94,28.51],[93.62,28.57],[93.22,28.36],[93.9,28.25],[93.2,28.2],[93.36,28.04],[93.07,28.07],[92.94,27.94],[93.2,27.81],[92.84,27.87],[92.89,27.71],[92.71,27.62],[92.65,27.79],[92.82,27.98],[92.69,28.12],[92.89,28.22],[92.04,27.92],[91.81,28.22],[91.6,27.69],[91.41,27.93],[91.33,27.74],[91.35,27.96],[91.23,27.78],[91.11,28.1],[90.96,27.99],[91.03,27.83],[90.84,27.94],[91.03,27.65],[90.84,27.8],[90.8,27.66],[90.68,27.89],[90.71,27.72],[90.57,27.76],[90.62,28.04],[90.92,28.01],[90.55,28.13],[90.82,28.29],[90.35,28.37],[90.22,28.24],[90.05,28.45],[89.94,28.32],[90.13,28.24],[89.83,28.26],[89.81,28.1],[90.42,28.13],[90.11,27.86],[90.15,28.04],[90.02,27.95],[89.91,28.1],[89.91,27.76],[89.85,28.0],[89.6,28.09],[89.67,27.89],[89.5,27.9],[89.66,27.72],[89.47,27.7],[89.61,27.65],[89.5,27.58],[89.62,27.44],[89.42,27.62],[89.37,27.49],[89.3,27.68],[89.18,27.28],[89.02,27.36],[89.08,27.5],[88.66,27.39],[88.81,27.79],[88.78,27.61],[88.99,27.88],[88.57,28.1],[88.68,28.15],[88.05,28.06],[87.96,28.0],[87.86,28.1],[87.56,27.88],[87.48,27.46],[87.48,27.86],[87.15,27.65],[86.96,27.61],[86.76,27.63],[86.74,27.83],[86.65,27.65],[86.51,27.61],[86.23,27.93],[86.63,27.7],[86.58,27.96],[86.81,27.96],[86.88,27.64],[86.93,27.8],[87.15,27.69],[87.02,27.77],[87.34,27.9],[87.17,28.24],[86.85,28.14],[86.67,28.31],[86.18,27.99],[86.18,27.82],[86.01,27.83],[86.01,28.1],[85.87,27.99],[85.92,28.16],[85.75,28.27],[85.95,28.31],[85.86,28.49],[85.63,28.5],[85.46,28.75],[85.32,28.54],[85.46,28.58],[85.62,28.35],[85.46,28.24],[85.77,28.19],[85.71,27.9],[85.66,28.06],[85.36,28.03],[85.34,28.12],[85.52,28.35],[85.43,28.45],[85.37,28.32],[85.23,28.53],[85.16,28.45],[85.32,28.36],[85.16,28.07],[85.08,28.28],[84.89,28.1],[84.97,28.48],[84.66,28.67],[84.84,28.49],[84.86,28.31],[84.58,28.26],[84.47,28.5],[84.42,28.6],[84.37,28.55],[84.15,28.61],[84.34,28.51],[84.27,28.36],[84.02,28.52],[83.76,28.46],[83.64,28.67],[83.98,29.11],[83.79,28.91],[83.69,28.9],[83.58,28.5],[83.43,28.68],[82.96,28.52],[82.84,28.64],[83.11,28.63],[82.91,28.79],[82.61,28.72],[82.52,28.84],[82.78,29.0],[82.62,29.0],[82.65,29.2],[82.47,29.14],[82.4,28.89],[82.37,29.09],[82.08,28.9],[82.02,29.01],[81.87,28.97],[81.81,29.06],[81.98,29.02],[81.86,29.13],[81.96,29.18],[82.08,29.01],[82.18,29.24],[82.47,29.17],[82.33,29.26],[82.46,29.34],[82.03,29.27],[82.06,29.4],[82.3,29.36],[82.12,29.43],[82.3,29.57],[82.73,29.55],[82.06,29.63],[82.26,29.86],[82.18,29.85],[81.94,29.8],[81.98,29.99],[81.53,30.1],[81.97,29.72],[81.8,29.69],[81.77,29.86],[81.71,29.86],[81.55,29.51],[81.39,29.55],[81.46,29.78],[81.2,29.86],[81.27,29.67],[81.17,29.75],[80.98,29.58],[80.95,29.93],[80.68,29.87],[80.85,30.12],[80.43,30.06],[79.95,30.21],[80.17,30.24],[80.02,30.36],[80.15,30.57],[79.98,30.66],[79.87,30.34],[79.69,30.39],[79.92,30.24],[79.65,30.13],[79.58,30.49],[78.6,30.72],[78.78,30.94],[79.4,30.62],[79.39,31.05],[79.72,30.61],[79.82,31.05],[79.44,31.1],[79.54,31.19],[79.44,31.22],[79.26,31.18],[79.34,31.06],[79.01,31.07],[79.04,30.93],[78.51,30.97],[78.31,31.26],[78.01,31.33],[78.09,31.52],[78.45,31.59],[78.35,31.73],[78.19,31.57],[77.62,31.64],[77.72,31.76],[77.62,31.84],[77.38,31.7],[77.16,32.19],[76.4,32.6],[76.33,33.09],[76.49,33.18],[76.25,33.24],[76.38,33.29],[76.24,33.29],[76.33,33.43],[76.17,33.53],[76.28,33.6],[76.64,33.41],[76.65,33.05],[77.19,33.1],[76.9,33.32],[76.74,33.26],[76.91,33.36],[76.57,33.49],[76.68,33.6],[76.34,33.65],[76.39,33.84],[76.19,33.9],[76.28,34.01],[75.6,33.99],[76.16,33.92],[75.88,33.62],[75.57,33.96],[75.45,33.99],[75.48,34.16],[75.18,34.21],[75.27,33.99],[75.15,34.24],[75.41,34.29],[75.22,34.4],[74.58,34.58],[74.36,34.8],[73.84,34.61],[73.82,34.74],[73.78,34.46],[73.5,34.55],[73.72,34.74],[73.58,34.78],[73.66,34.9],[73.38,34.66],[73.08,34.75],[73.24,34.86],[72.97,35.0],[73.38,35.28],[73.27,35.4],[73.44,35.51],[74.15,35.23],[74.53,35.55],[73.93,35.58],[73.93,35.78],[73.6,35.59],[73.65,35.82],[73.51,35.61],[73.35,35.78],[73.47,35.81],[72.24,35.73],[73.34,35.78],[73.38,35.62],[73.21,35.46],[72.89,35.53],[72.94,35.71],[72.81,35.48],[72.94,35.45],[72.86,35.35],[73.01,35.43],[73.16,35.26],[72.95,35.11],[72.84,35.22],[72.8,35.02],[72.74,35.13],[72.59,35.04],[72.71,35.16],[72.57,35.19],[72.66,35.67],[72.48,35.17],[72.17,35.01],[72.23,35.25],[72.09,35.21],[72.03,35.47],[71.67,35.19],[71.48,35.44],[71.21,35.49],[71.26,35.58],[71.2,35.54],[71.21,35.25],[70.87,35.01],[70.79,35.14],[70.98,35.35],[70.71,35.27],[70.92,35.65],[70.66,35.53],[70.51,35.22],[70.18,35.35],[70.18,35.56],[70.03,35.46],[70.13,34.96],[69.84,35.12],[69.79,34.87],[69.73,35.16],[69.41,35.23],[69.71,35.28],[69.61,35.4],[69.88,35.65],[69.4,35.44],[69.47,36.13],[70.36,36.85],[70.44,36.26],[70.33,36.07],[70.58,36.1],[70.71,35.89],[70.8,36.73],[71.26,36.21],[71.49,36.51],[71.87,36.58],[71.68,36.36],[71.76,36.2],[71.91,36.17],[72.0,36.29],[71.82,36.37],[72.03,36.34],[71.96,36.53],[72.03,36.46],[72.22,36.49],[72.17,36.57],[72.35,36.54],[72.23,36.61],[72.3,36.74],[72.94,36.79],[72.78,36.99],[72.54,37.0],[71.87,36.69],[71.56,36.76],[71.52,37.29],[71.73,37.26],[71.69,37.49],[71.91,37.68],[71.59,37.72],[71.59,37.91],[71.86,38.05],[71.42,38.08],[71.48,38.49],[72.11,38.76],[72.18,38.54],[71.81,38.48],[72.2,38.52],[72.05,38.42],[72.21,38.31],[72.33,38.38],[72.21,38.42],[72.5,38.38],[72.61,38.55],[72.34,38.73],[72.82,38.75],[72.71,38.9],[72.57,38.83],[72.54,39.02],[72.52,38.83],[72.37,39.0],[72.45,38.79],[72.26,38.85],[72.33,39.07],[72.24,38.98],[72.15,39.01],[72.21,39.16],[72.1,39.02],[71.97,39.13],[71.94,38.96],[71.89,39.11],[71.9,38.97],[71.79,39.11],[71.67,38.97],[71.68,39.08],[71.52,39.03],[72.0,39.32],[71.93,39.51],[70.39,39.16],[70.12,39.29],[69.88,39.01],[69.52,38.94],[69.33,39.1],[69.02,38.88],[68.83,39.08],[68.31,38.85],[67.84,38.99],[68.34,39.31],[68.27,39.03],[68.6,39.17],[69.28,39.15],[69.41,39.21],[69.29,39.29],[69.58,39.39],[70.43,39.46],[70.01,39.65],[70.87,39.79],[70.95,39.69],[71.84,39.99],[71.97,39.96],[71.97,39.77],[72.24,39.8],[72.16,40.01],[72.31,40.07],[73.0,39.93],[73.2,40.13],[73.86,39.5],[73.98,39.46],[73.46,39.93],[73.61,40.22],[73.25,40.64],[73.85,40.49],[74.09,40.26],[74.39,40.27],[74.43,40.4],[73.38,41.34],[73.1,41.46],[72.89,41.35],[72.76,41.46],[72.86,41.56],[73.52,41.69],[74.34,40.83],[74.47,41.02],[75.17,41.21],[75.54,41.0],[76.76,41.39],[76.49,41.42],[76.55,41.55],[76.37,41.66],[76.15,41.58],[75.5,41.77],[75.14,42.06],[76.08,41.87],[76.32,41.94],[75.94,42.09],[77.58,42.04],[79.23,42.84],[80.31,42.67],[80.26,42.82],[80.58,42.89],[80.39,43.0],[80.55,43.1],[80.38,43.28],[79.47,43.25],[80.74,43.46],[80.64,43.63],[81.58,43.75],[81.96,43.88],[81.97,44.08],[81.78,44.26],[80.95,44.46],[80.35,44.44],[80.36,44.66],[79.61,44.77],[79.61,44.95],[79.28,45.06],[79.84,45.15],[81.2,45.77],[82.74,45.29],[82.69,44.97],[82.36,44.9],[82.85,44.73],[82.79,44.51],[83.14,44.27],[83.88,44.28],[84.04,44.15],[85.39,44.3],[87.31,43.87],[87.55,43.55],[88.03,44.31],[89.45,44.24],[91.05,43.66],[91.42,43.41],[91.48,43.17],[88.01,43.4],[87.58,42.69],[86.89,42.76],[84.98,42.3],[83.69,42.38],[79.4,41.59],[77.95,40.66],[76.83,40.67],[75.99,40.05],[74.65,39.91],[74.95,39.51],[75.77,39.05],[75.76,38.85],[76.73,38.32],[76.63,37.95],[76.74,37.87],[76.54,37.98],[77.03,37.55],[78.96,37.11],[80.03,36.5],[80.47,36.52],[81.13,36.25],[82.63,36.25],[83.29,36.65],[83.79,36.72],[83.94,36.94],[85.91,37.5],[87.05,38.23],[87.68,38.11],[87.94,38.49],[88.27,38.44],[88.53,38.77],[88.92,38.8],[89.92,38.67],[90.87,38.76],[88.28,37.75],[88.65,37.74],[89.1,37.23],[90.56,37.04],[90.86,36.87],[91.21,37.05],[91.68,36.88],[92.15,36.46],[93.17,36.26],[93.56,36.33],[93.38,36.16],[93.8,36.05],[93.7,36.19],[93.89,36.24],[94.34,36.13],[94.34,36.51],[95.13,36.11],[95.88,36.27],[96.7,36.86],[97.88,36.71],[99.1,36.96],[99.28,36.86],[96.85,38.33],[96.54,38.19],[95.96,38.31],[95.69,39.06],[94.95,39.38],[96.07,39.91],[96.98,39.57],[97.8,39.59],[98.69,39.4],[101.1,38.31],[102.17,38.13],[102.85,37.47],[103.86,37.31],[103.5,36.77],[103.43,37.01],[103.1,36.91],[103.27,36.6],[104.21,36.13],[104.77,36.51],[104.3,36.99],[104.34,37.15],[105.78,37.55],[106.81,38.99],[106.72,40.1],[108.01,40.63],[110.0,40.49],[111.37,40.13],[112.13,40.21],[111.45,39.28],[111.68,39.16],[111.35,38.67],[111.86,38.73],[111.49,38.37],[111.32,37.58],[111.16,37.55],[110.84,38.0],[111.15,38.35],[111.03,38.65],[110.45,38.27],[110.39,37.83],[110.12,37.74],[110.37,37.04],[109.88,36.64],[109.69,36.6],[109.05,37.2],[108.27,37.12],[107.77,36.69],[107.96,36.43],[108.18,36.5],[107.97,35.99],[107.12,35.53],[106.72,35.49],[106.36,35.14],[106.0,35.48],[105.05,34.91],[104.91,35.19],[104.31,35.21],[104.15,35.13],[104.47,34.91],[104.52,34.58],[103.86,34.4],[102.54,35.09],[102.52,35.45],[102.71,35.47],[102.5,35.49],[102.09,35.32],[102.08,35.32],[101.98,34.75],[102.41,34.95],[102.66,34.89],[103.96,33.79],[104.15,33.69],[104.3,33.79],[104.33,33.39],[104.11,32.77],[103.85,32.61],[103.57,32.94],[103.39,32.22],[103.16,32.27],[103.06,32.14],[103.23,31.53],[102.95,31.37],[102.85,31.18],[103.01,30.88],[102.89,30.62],[102.58,30.49],[102.42,29.99],[102.24,30.51],[102.61,30.87],[102.4,30.86],[102.36,31.03],[102.22,30.95],[102.28,31.25],[102.42,31.48],[102.8,31.51],[102.88,31.68],[102.49,31.7],[102.35,32.13],[101.92,32.47],[101.42,32.45],[101.97,32.0],[101.75,31.84],[100.96,32.35],[101.2,31.98],[101.02,31.63],[101.35,31.73],[101.87,31.42],[101.63,30.72],[101.86,30.47],[102.11,28.77],[101.9,28.85],[101.73,28.69],[101.59,28.81],[101.48,28.54],[101.36,29.15],[101.71,29.28],[101.51,29.44],[101.73,29.87],[101.46,30.22],[101.42,29.83],[101.23,30.35],[101.23,31.02],[100.37,31.67],[101.09,30.72],[101.01,30.37],[100.5,30.49],[100.3,30.66],[100.4,30.85],[100.21,31.4],[99.18,32.19],[98.82,32.29],[99.73,31.56],[100.15,31.02],[100.15,30.41],[100.58,30.2],[100.84,29.84],[100.84,29.37],[100.7,29.66],[100.44,29.83],[100.31,29.76],[100.63,29.51],[101.25,28.03],[100.92,27.85],[100.97,28.43],[100.53,29.12],[100.66,28.48],[100.51,28.55],[100.55,28.24],[100.35,28.28],[100.33,28.01],[100.05,28.48],[100.02,29.32],[99.59,28.62],[99.64,28.89],[99.47,28.82],[99.76,29.35],[99.6,29.69],[99.88,30.21],[99.7,30.41],[99.36,30.15],[99.05,30.9],[99.39,30.94],[99.07,31.14],[99.49,31.32],[99.1,31.4],[99.0,31.62],[98.83,31.55],[98.12,32.5],[97.91,32.41],[97.86,31.99],[98.25,31.59],[98.37,31.02],[98.65,30.64],[98.93,28.86],[98.41,29.9],[97.5,30.64],[96.99,31.69],[97.06,31.99],[96.84,32.52],[96.68,32.47],[96.67,32.23],[96.28,32.47],[96.68,31.91],[96.28,31.56],[98.05,29.86],[98.47,28.69],[97.36,30.07],[96.27,31.09],[95.49,31.1],[95.54,31.42],[94.96,31.73],[94.85,31.61],[95.07,31.21],[94.91,31.3],[94.79,31.15],[94.72,31.45],[94.79,31.34],[94.87,31.48],[94.68,31.52],[94.55,31.86],[93.74,31.92],[93.77,31.66],[93.68,31.83],[93.12,31.66],[93.09,31.51],[93.48,31.49],[93.41,31.38],[93.96,31.5],[94.5,31.42],[94.64,31.06],[95.0,31.11],[94.99,30.78],[95.25,30.71],[95.03,30.88],[95.1,31.13],[95.22,30.92],[95.35,31.1],[95.64,30.74],[95.97,30.81],[97.31,29.74],[97.73,29.25],[97.82,28.64],[98.3,27.59],[98.05,27.95],[98.04,27.77],[97.96,27.93],[97.93,27.76],[97.72,27.89],[97.64,28.13],[97.54,28.01],[97.67,27.77],[97.21,27.77],[96.9,27.46],[97.21,27.86],[97.04,28.37],[97.38,28.39],[97.59,28.66],[97.35,29.41],[97.35,29.11],[97.22,29.38],[97.11,29.33],[97.17,29.1],[97.05,29.19],[97.03,29.46],[97.29,29.46],[97.1,29.54],[97.23,29.7],[96.77,29.45],[96.72,29.97],[96.75,29.59],[96.64,29.83],[96.5,29.78],[96.61,29.58],[96.33,29.85],[96.15,29.75],[96.03,30.13],[95.75,30.13],[95.81,30.3],[95.62,30.52],[95.63,30.15],[95.41,30.25],[95.58,30.38],[95.48,30.57],[95.38,30.4],[95.26,30.55],[95.32,30.36],[95.2,30.38],[95.49,29.96],[94.84,30.35],[94.97,30.49],[94.17,30.51],[94.58,30.71],[94.46,31.02],[94.26,30.86],[93.88,30.88],[93.73,30.94],[93.98,31.14],[94.2,31.06],[94.09,30.94],[94.33,30.98],[94.29,31.36],[93.47,31.16],[93.94,31.16],[93.76,31.06],[93.33,31.06],[94.08,30.62],[94.03,30.51],[93.49,30.68],[93.08,30.67],[93.9,30.48],[93.47,30.43],[93.55,30.37],[94.13,30.43],[94.98,30.1],[94.32,30.19],[94.53,29.65],[94.34,29.89],[93.72,29.89],[94.14,29.96],[94.18,30.11],[93.89,30.22],[93.94,30.07],[93.78,30.16],[93.63,30.04],[93.67,30.18],[93.43,30.18],[93.26,30.43],[93.27,30.09],[93.58,29.98],[93.21,29.99],[93.23,30.25],[92.91,30.48],[93.0,30.08],[92.81,30.28],[92.69,30.15],[92.76,29.95],[92.26,29.95],[92.5,29.61],[92.92,29.94],[93.24,29.82],[92.97,29.74],[93.14,29.66],[93.38,29.63],[93.35,29.79],[93.51,29.83],[93.62,29.65],[93.75,29.73],[93.77,29.53],[93.86,29.67],[93.94,29.51],[94.17,29.67],[94.3,29.51],[94.14,29.27],[94.08,29.45],[93.69,29.38],[93.96,29.29],[93.84,29.17],[93.52,29.39],[93.54,29.24],[93.24,29.03],[93.22,29.24],[92.94,29.14],[93.06,28.81],[93.44,28.82]],[[84.78,28.34],[84.51,28.79],[84.57,28.93],[84.11,28.97],[83.93,28.8],[84.13,28.7],[84.07,28.84],[84.29,28.84],[84.3,28.58],[84.51,28.69],[84.47,28.5],[84.78,28.34]],[[82.8,28.88],[83.13,28.88],[82.92,28.95],[82.94,29.16],[82.87,29.0],[82.78,29.0],[82.8,28.88]],[[82.25,30.03],[82.47,29.96],[82.13,30.43],[81.75,30.4],[81.88,30.24],[82.08,30.29],[82.01,29.95],[82.14,30.06],[82.18,29.85],[82.25,30.03]],[[84.9,30.33],[84.99,30.46],[84.91,30.38],[84.53,30.65],[84.62,29.97],[84.81,29.92],[85.01,29.74],[84.99,29.85],[85.16,29.84],[85.07,30.1],[85.31,29.99],[85.39,29.67],[85.72,29.63],[85.5,30.15],[84.9,30.33]],[[75.53,36.68],[75.39,36.54],[75.98,36.44],[75.57,36.75],[75.71,36.74],[75.77,36.72],[75.8,36.76],[76.09,36.63],[75.85,36.84],[75.82,36.8],[75.67,37.02],[75.48,36.79],[75.4,36.89],[75.4,36.75],[75.02,36.83],[75.53,36.68]],[[80.86,34.52],[80.58,34.54],[80.52,34.43],[80.59,34.28],[80.75,34.41],[80.86,34.08],[81.48,34.64],[80.98,34.36],[80.86,34.52]],[[80.26,34.51],[80.19,34.41],[79.78,34.41],[79.8,34.03],[79.62,34.04],[79.49,33.91],[79.99,33.79],[79.98,33.96],[80.16,33.92],[79.91,34.04],[80.19,34.17],[79.92,34.18],[80.33,34.31],[80.38,34.54],[80.01,34.46],[80.26,34.51]],[[80.33,32.68],[80.56,32.8],[80.51,32.89],[80.38,32.77],[80.26,33.03],[80.09,32.89],[79.88,33.15],[80.07,32.83],[80.33,32.68]],[[82.01,30.8],[82.43,30.64],[82.44,30.88],[82.31,30.81],[82.13,31.01],[81.86,30.94],[82.01,30.8]],[[83.51,29.02],[83.75,28.94],[83.85,29.48],[83.71,29.36],[83.65,29.61],[83.68,29.29],[83.24,29.74],[83.23,29.74],[83.56,29.37],[83.42,29.37],[83.51,29.02]],[[75.2,34.45],[75.33,34.55],[74.61,34.74],[74.6,34.6],[75.2,34.45]],[[78.19,35.25],[78.27,35.14],[78.16,35.11],[78.68,35.03],[78.79,35.25],[78.19,35.25]],[[78.88,34.25],[78.76,34.13],[78.32,34.27],[78.31,34.05],[78.48,34.16],[78.77,33.96],[78.89,34.12],[79.24,34.09],[78.55,34.45],[78.69,34.47],[78.64,34.54],[78.58,34.6],[78.19,34.72],[78.23,34.6],[78.44,34.42],[78.32,34.3],[78.88,34.25]],[[78.86,34.4],[78.75,34.55],[79.04,34.48],[78.97,34.37],[79.76,34.47],[78.75,34.71],[78.64,34.54],[78.86,34.4]],[[77.74,31.93],[77.86,32.02],[77.95,32.27],[77.75,32.26],[77.88,32.41],[77.65,32.38],[77.66,32.17],[77.32,32.23],[77.74,31.93]],[[79.73,33.2],[79.63,33.33],[79.11,33.27],[79.66,32.97],[79.73,33.2]],[[78.98,33.48],[78.91,33.37],[79.11,33.27],[78.98,33.48]],[[78.2,33.49],[78.44,33.49],[78.46,33.36],[78.56,33.6],[78.42,33.56],[78.51,33.64],[78.22,33.73],[78.16,33.92],[78.03,33.86],[78.16,33.72],[78.07,33.69],[78.33,33.59],[78.2,33.49]],[[77.96,34.02],[78.07,34.06],[77.88,34.13],[78.07,34.2],[77.88,34.29],[77.78,34.12],[78.03,33.86],[77.96,34.02]],[[74.52,36.23],[74.39,36.07],[75.27,35.86],[75.16,36.02],[75.53,36.02],[75.89,35.73],[75.77,35.88],[76.02,35.89],[76.06,35.69],[76.32,35.71],[76.11,35.48],[76.44,35.61],[76.48,35.31],[76.62,35.32],[76.59,35.53],[76.65,35.34],[76.82,35.33],[76.71,35.19],[76.85,35.28],[77.02,35.15],[76.97,35.01],[76.8,35.1],[76.85,34.95],[77.19,34.97],[77.41,34.8],[77.13,35.21],[77.27,35.27],[77.61,34.97],[77.82,34.48],[77.98,34.51],[77.89,34.4],[78.22,34.18],[78.14,34.67],[77.92,34.7],[78.13,34.76],[78.08,34.86],[77.6,35.03],[77.75,35.08],[77.57,35.44],[77.78,35.51],[76.93,35.69],[76.62,36.0],[76.36,35.92],[76.02,36.36],[75.85,36.32],[75.96,36.21],[75.15,36.45],[75.1,36.33],[75.02,36.47],[74.89,36.27],[75.12,36.16],[74.52,36.23]],[[74.27,36.54],[73.91,36.42],[74.02,36.28],[74.36,36.54],[74.48,36.32],[74.88,36.41],[74.39,36.79],[74.33,36.65],[74.36,36.81],[74.26,36.7],[74.0,36.87],[74.09,36.65],[74.15,36.72],[74.33,36.56],[74.13,36.64],[74.27,36.54]],[[80.68,35.1],[80.86,35.2],[80.9,35.05],[81.3,35.29],[81.33,35.1],[81.46,35.12],[81.65,35.39],[81.64,35.21],[81.97,35.19],[82.48,35.71],[82.3,35.72],[81.82,35.3],[81.76,35.58],[81.55,35.56],[81.53,35.41],[81.05,35.6],[80.74,35.54],[80.93,35.65],[80.66,35.75],[80.4,35.58],[80.59,35.83],[80.45,35.89],[80.19,35.73],[80.38,35.55],[80.18,35.69],[80.13,35.54],[80.68,35.1]],[[79.94,35.42],[79.95,35.54],[80.05,35.39],[80.15,35.43],[80.07,35.73],[79.77,35.68],[79.96,35.93],[79.7,35.73],[79.76,35.86],[79.47,35.95],[79.69,36.16],[78.84,36.27],[79.43,36.1],[79.13,36.09],[79.42,35.98],[79.94,35.42]],[[77.36,36.54],[77.25,36.67],[77.27,36.56],[77.36,36.54]],[[77.88,36.45],[77.77,36.49],[77.98,36.53],[77.88,36.61],[77.47,36.54],[78.11,36.78],[77.56,36.79],[77.63,36.67],[77.36,36.54],[77.88,36.45]],[[72.98,39.22],[72.6,39.22],[72.74,39.09],[72.45,39.19],[72.65,39.03],[73.05,38.93],[72.84,39.08],[73.29,39.36],[73.01,39.42],[73.09,39.5],[72.49,39.42],[72.31,39.3],[72.98,39.22]],[[72.2,38.07],[72.27,37.98],[72.37,37.94],[72.19,37.9],[72.16,37.91],[72.02,37.95],[72.03,37.77],[72.6,37.81],[72.47,37.9],[72.58,38.01],[72.55,38.1],[72.31,38.16],[72.27,38.15],[72.51,37.98],[72.2,38.07]],[[90.02,43.48],[90.43,43.5],[89.84,43.7],[89.59,43.62],[90.02,43.48]],[[88.43,44.08],[89.31,43.79],[88.91,44.15],[88.34,44.23],[88.04,43.8],[88.43,44.08]],[[87.33,43.45],[87.09,43.66],[86.76,43.68],[87.04,43.42],[87.33,43.45]],[[84.91,43.88],[85.73,44.06],[85.4,44.03],[85.12,44.1],[84.91,43.88]],[[84.64,43.36],[84.58,43.67],[84.35,43.6],[84.32,43.28],[84.64,43.36]],[[82.26,42.95],[83.08,43.08],[83.63,43.35],[82.26,42.95]],[[80.88,42.43],[81.1,42.63],[80.82,42.67],[80.58,42.59],[80.88,42.43]],[[100.94,34.59],[100.12,35.13],[100.11,34.85],[101.04,34.4],[100.94,34.59]],[[103.65,33.67],[103.53,33.62],[103.54,33.11],[103.8,33.22],[103.86,33.45],[103.65,33.67]],[[91.01,30.57],[90.14,30.24],[89.95,29.85],[90.45,30.12],[90.27,30.26],[90.56,30.26],[91.01,30.57]],[[86.14,29.58],[86.04,29.72],[86.25,29.86],[86.34,30.44],[86.1,30.13],[86.16,29.92],[85.84,29.87],[85.94,30.12],[85.71,30.06],[85.87,29.59],[86.14,29.58]],[[83.89,30.21],[84.1,30.25],[84.2,30.09],[84.19,30.35],[84.37,30.36],[84.11,30.73],[84.08,30.32],[83.89,30.59],[83.71,30.39],[83.89,30.21]],[[83.51,30.51],[83.42,30.74],[83.59,31.15],[83.38,31.13],[83.42,30.94],[83.21,30.82],[83.24,30.51],[83.51,30.51]],[[83.17,30.7],[83.05,30.88],[83.21,30.99],[83.22,31.18],[83.11,30.97],[82.74,30.9],[82.13,31.28],[82.62,30.79],[82.49,30.73],[82.6,30.61],[82.89,30.68],[82.79,30.81],[83.17,30.7]],[[80.55,32.03],[80.43,31.98],[80.39,32.17],[80.45,31.73],[80.71,31.65],[80.83,31.41],[80.95,31.58],[80.55,32.03]],[[102.75,36.88],[101.79,37.37],[102.84,36.5],[102.75,36.88]]],[[[66.83,29.13],[66.85,29.28],[67.15,29.21],[66.91,29.14],[66.71,28.58],[66.4,28.37],[66.29,28.46],[66.51,29.0],[66.83,29.13]]],[[[66.73,30.9],[66.39,30.62],[66.64,31.22],[66.91,31.41],[67.92,31.56],[67.79,31.15],[68.6,31.3],[69.15,31.65],[68.85,31.26],[68.22,31.08],[68.44,30.97],[67.99,30.99],[68.08,30.93],[67.27,30.65],[67.41,30.91],[66.73,30.9]]],[[[69.37,32.87],[69.88,32.85],[69.78,32.58],[69.9,32.46],[69.66,32.45],[69.8,32.28],[69.17,32.47],[69.37,32.87]]],[[[70.06,34.11],[71.05,34.08],[71.29,33.77],[70.47,33.58],[70.33,33.88],[69.9,33.98],[70.06,34.11]]],[[[70.68,34.89],[70.39,34.77],[70.48,35.15],[70.68,34.89]]],[[[71.43,36.67],[71.06,37.24],[70.93,37.28],[70.78,37.06],[70.52,37.23],[70.78,37.29],[70.7,37.6],[70.42,37.81],[70.63,37.77],[70.72,38.3],[70.74,38.18],[71.2,38.19],[71.01,37.83],[71.46,37.83],[71.34,37.05],[71.43,36.67]]],[[[71.35,38.8],[71.38,38.94],[71.93,38.88],[71.74,38.67],[71.35,38.8]]],[[[71.49,39.14],[71.49,39.04],[70.62,38.84],[70.15,38.99],[71.49,39.14]]],[[[72.23,42.04],[72.17,41.83],[70.97,41.53],[70.71,41.31],[70.51,41.4],[71.7,42.0],[70.91,41.98],[71.05,42.23],[70.8,42.34],[71.83,42.31],[71.96,42.19],[72.94,42.35],[72.9,42.12],[72.23,42.04]]],[[[77.61,43.13],[78.71,42.84],[77.28,42.87],[76.13,42.69],[76.11,42.92],[75.49,43.09],[76.53,43.04],[77.8,43.31],[77.61,43.13]]],[[[85.27,47.5],[85.79,47.35],[85.87,47.13],[85.72,46.88],[84.84,46.68],[84.64,46.79],[84.64,46.95],[84.91,47.1],[84.75,47.34],[85.27,47.5]]],[[[81.24,47.43],[83.74,47.26],[84.0,46.99],[83.03,47.2],[82.16,47.19],[81.24,47.43]]],[[[90.23,48.01],[89.57,48.25],[89.68,48.35],[90.07,48.25],[90.23,48.01]]],[[[87.96,48.51],[88.05,48.62],[88.81,48.37],[89.05,48.58],[89.47,48.01],[89.15,47.82],[88.73,47.9],[87.96,48.51]]],[[[90.29,48.45],[90.1,48.57],[90.59,48.6],[90.54,48.42],[90.29,48.45]]],[[[84.26,49.11],[86.29,49.3],[87.08,49.19],[87.17,48.98],[86.7,48.65],[85.6,48.62],[84.92,48.74],[84.76,49.02],[84.26,49.11]]],[[[88.1,51.35],[87.96,51.69],[88.32,51.46],[88.41,51.76],[89.14,51.69],[89.86,51.98],[90.16,52.33],[91.44,52.44],[91.26,52.22],[90.41,52.1],[90.01,51.63],[89.33,51.51],[89.35,51.3],[90.13,50.73],[89.94,50.64],[90.06,50.43],[89.63,50.43],[90.14,49.95],[90.14,49.44],[89.65,49.68],[89.62,49.49],[88.53,49.36],[88.42,48.79],[87.95,48.73],[87.3,48.92],[87.21,49.24],[86.49,49.43],[85.58,49.42],[84.86,49.76],[84.64,50.1],[84.13,50.17],[83.77,49.99],[83.49,50.27],[84.61,50.48],[85.21,50.24],[85.61,49.82],[86.62,49.77],[87.18,50.12],[87.11,50.3],[87.26,50.54],[88.54,50.46],[87.76,50.54],[87.6,50.91],[88.93,50.48],[89.67,50.6],[89.26,51.1],[88.1,51.35]]],[[[87.7,51.55],[87.74,51.27],[87.52,51.11],[86.65,51.31],[86.64,51.46],[86.98,51.66],[87.33,51.44],[87.7,51.55]]],[[[171.32,-43.04],[171.45,-43.32],[170.96,-43.29],[171.11,-43.33],[171.13,-43.54],[170.82,-43.53],[170.89,-43.75],[170.65,-44.09],[170.53,-44.05],[170.62,-43.69],[170.42,-43.89],[170.12,-43.9],[170.02,-44.21],[169.81,-44.25],[169.83,-44.57],[169.62,-44.45],[169.15,-44.62],[168.78,-45.44],[168.72,-45.33],[168.65,-45.5],[168.22,-45.65],[167.6,-45.57],[168.11,-44.83],[168.2,-44.43],[168.71,-44.05],[169.99,-43.73],[169.81,-43.56],[172.09,-42.43],[172.99,-41.76],[172.93,-42.1],[173.25,-41.91],[173.83,-41.94],[173.67,-42.2],[173.09,-42.54],[172.71,-42.58],[172.33,-43.04],[171.64,-43.45],[171.32,-43.04]]],[[[171.14,-43.34],[171.63,-43.51],[171.39,-43.67],[171.14,-43.34]]],[[[146.15,-37.65],[146.37,-37.89],[146.0,-37.75],[146.14,-37.74],[146.0,-37.64],[146.17,-37.56],[146.07,-37.54],[146.11,-37.34],[146.22,-37.59],[146.46,-37.61],[146.26,-37.43],[146.44,-37.33],[146.52,-37.72],[146.15,-37.65]]],[[[146.79,-37.37],[147.07,-37.5],[146.78,-37.66],[146.8,-37.43],[146.58,-37.47],[146.71,-37.41],[146.65,-37.24],[146.58,-37.36],[146.31,-37.27],[146.61,-37.18],[146.31,-37.16],[146.46,-37.12],[146.41,-36.98],[146.87,-37.24],[146.79,-37.37]]],[[[147.31,-37.12],[147.14,-37.06],[147.32,-37.24],[147.22,-37.16],[147.19,-37.39],[147.06,-37.06],[146.91,-37.04],[146.99,-37.27],[146.9,-37.06],[146.77,-37.11],[146.89,-36.99],[146.8,-36.86],[146.98,-37.04],[147.28,-36.68],[147.59,-36.73],[147.58,-36.91],[147.41,-36.81],[147.31,-37.12]]],[[[148.92,-35.78],[149.06,-35.74],[148.93,-35.84],[149.11,-35.79],[149.06,-36.0],[148.57,-35.94],[148.6,-36.33],[148.3,-36.51],[148.48,-36.5],[148.37,-36.56],[148.5,-36.68],[148.28,-36.68],[148.39,-36.86],[148.01,-37.05],[148.15,-37.12],[147.94,-37.29],[147.85,-37.11],[147.98,-36.91],[147.81,-36.84],[147.99,-36.65],[147.68,-36.73],[147.8,-36.48],[147.8,-36.57],[147.92,-36.58],[147.87,-36.45],[148.1,-36.47],[148.01,-36.74],[148.19,-36.59],[148.06,-36.83],[148.24,-36.64],[148.18,-36.12],[148.34,-35.92],[148.07,-35.72],[148.23,-35.61],[148.37,-35.92],[148.51,-35.75],[148.4,-35.53],[148.74,-35.6],[148.8,-35.35],[148.83,-35.71],[148.85,-35.43],[148.9,-35.4],[149.01,-35.57],[148.88,-35.57],[148.92,-35.78]]],[[[143.67,-5.94],[143.65,-5.57],[143.95,-5.98],[143.92,-6.13],[143.67,-5.94]]],[[[143.36,-5.45],[143.18,-5.54],[143.3,-5.85],[143.19,-6.04],[143.2,-5.84],[142.86,-5.57],[143.36,-5.45]]],[[[139.72,-4.46],[139.09,-4.3],[139.62,-4.26],[140.48,-4.72],[140.11,-4.75],[139.72,-4.46]]],[[[138.97,-4.26],[138.89,-4.39],[138.4,-4.2],[137.52,-4.09],[137.51,-4.21],[136.6,-4.0],[137.32,-3.74],[137.31,-4.03],[137.67,-4.05],[137.71,-3.83],[138.22,-3.76],[138.18,-3.92],[138.97,-4.26]]],[[[116.62,6.29],[116.75,6.14],[116.61,5.92],[116.48,6.01],[116.51,6.19],[116.62,6.29]]],[[[97.03,28.58],[96.68,28.95],[97.19,29.08],[97.4,28.71],[97.26,28.71],[97.21,28.93],[97.14,28.63],[97.1,29.0],[96.95,28.94],[97.03,28.58]]],[[[96.58,29.07],[96.87,27.98],[96.63,28.19],[96.66,28.36],[96.45,28.12],[96.37,28.35],[96.29,28.24],[96.28,28.51],[96.04,28.51],[96.44,28.62],[96.49,28.89],[96.05,28.75],[96.2,28.88],[96.14,29.04],[95.98,28.8],[95.87,28.73],[95.82,28.8],[95.9,29.24],[95.87,28.78],[96.23,29.21],[95.92,29.05],[95.9,29.27],[95.54,29.05],[95.89,29.44],[95.41,29.56],[95.45,29.73],[95.66,29.78],[96.07,29.43],[96.53,29.34],[96.71,29.08],[96.5,29.21],[96.27,29.16],[96.58,29.07]]],[[[94.28,29.12],[94.84,29.39],[95.0,29.72],[95.28,29.74],[94.86,29.15],[94.65,29.29],[94.66,28.95],[94.51,29.08],[94.37,29.08],[94.46,28.65],[94.28,29.12]]],[[[92.91,44.03],[93.82,43.9],[94.16,43.52],[95.17,43.09],[94.45,42.89],[93.88,43.12],[92.18,43.28],[91.86,43.52],[92.91,44.03]],[[92.26,43.38],[92.9,43.44],[92.49,43.56],[92.26,43.38]]],[[[91.04,47.27],[91.21,46.65],[90.83,46.31],[90.53,46.39],[90.38,46.68],[89.62,47.05],[89.7,47.33],[89.96,47.64],[90.4,47.65],[90.82,47.29],[90.84,47.55],[91.27,47.51],[91.44,47.71],[91.67,47.66],[91.84,47.51],[91.8,47.18],[92.09,46.87],[93.17,46.39],[93.44,46.13],[92.55,46.46],[91.85,46.25],[91.04,47.27]]],[[[100.07,47.76],[100.44,47.93],[100.63,47.66],[100.35,47.43],[101.6,47.12],[101.64,46.69],[102.19,46.46],[101.61,46.09],[101.45,46.22],[101.56,46.39],[100.97,46.5],[100.06,47.18],[99.56,47.34],[98.07,47.0],[97.53,47.4],[97.08,47.5],[97.33,47.88],[97.13,48.49],[97.75,48.22],[99.93,48.36],[98.89,48.18],[99.6,48.04],[99.37,47.87],[100.07,47.76]]],[[[91.15,47.81],[90.88,47.87],[90.84,48.17],[91.22,48.05],[91.15,47.81]]],[[[96.8,48.11],[96.67,48.04],[96.22,48.26],[96.73,48.28],[96.8,48.11]]],[[[91.25,49.8],[91.49,49.94],[91.76,49.49],[91.68,49.32],[91.34,49.36],[91.25,49.8]]],[[[96.37,51.06],[97.0,50.58],[96.94,50.36],[96.42,50.4],[95.89,50.86],[96.03,50.93],[95.97,51.05],[96.37,51.06]]],[[[98.09,50.61],[98.33,50.81],[98.11,50.98],[98.27,51.28],[98.65,51.24],[98.58,51.38],[98.71,51.44],[98.97,51.36],[99.08,51.24],[98.95,50.9],[99.24,50.56],[100.38,51.07],[100.14,50.57],[100.34,50.38],[100.29,50.1],[99.27,50.23],[98.09,50.61]]],[[[101.07,51.28],[100.13,51.24],[99.47,51.84],[98.99,51.89],[98.81,51.67],[98.22,51.62],[98.83,52.23],[100.86,51.91],[103.49,52.03],[103.51,51.91],[103.14,51.76],[101.91,51.68],[102.07,51.29],[101.53,51.3],[101.31,51.07],[101.07,51.28]]],[[[100.34,53.0],[100.4,53.17],[100.69,52.98],[100.91,53.22],[101.18,53.17],[101.28,53.08],[101.01,52.9],[101.1,52.65],[102.32,52.42],[101.02,52.3],[100.75,52.59],[100.07,52.8],[100.62,52.9],[100.34,53.0]]],[[[99.59,53.33],[99.7,53.14],[99.29,52.99],[99.47,52.71],[98.96,52.39],[98.63,52.48],[98.58,52.63],[99.04,53.12],[98.92,53.4],[97.69,53.71],[97.19,53.35],[96.83,53.66],[96.43,53.56],[96.27,53.34],[95.12,53.36],[94.95,53.72],[96.11,53.65],[96.91,53.85],[96.77,54.03],[95.83,54.13],[95.18,54.44],[96.06,54.55],[96.34,54.38],[97.82,54.28],[98.01,54.03],[97.53,54.02],[99.15,53.56],[99.59,53.33]]]]}},{"type":"Feature","properties":{"biome":"Tundra","style":{"fillColor":"#9ED7C2"}},"geometry":{"type":"MultiPolygon","coordinates":[[[[-163.66,-86.52],[-165.13,-86.59],[-165.49,-86.57],[-164.91,-86.52],[-163.66,-86.52]]],[[[-163.83,-86.45],[-164.29,-86.49],[-165.75,-86.5],[-165.61,-86.45],[-163.83,-86.45]]],[[[-177.15,-85.56],[-178.51,-85.52],[-176.18,-85.53],[-176.84,-85.56],[-176.37,-85.59],[-176.46,-85.62],[-177.43,-85.6],[-177.15,-85.56]]],[[[-175.44,-85.38],[-175.18,-85.35],[-174.42,-85.33],[-175.02,-85.35],[-174.38,-85.42],[-174.78,-85.45],[-174.24,-85.46],[-174.71,-85.51],[-175.44,-85.38]]],[[[-167.22,-85.21],[-168.09,-85.16],[-167.11,-85.21],[-167.48,-85.16],[-167.09,-85.16],[-167.01,-85.22],[-167.18,-85.23],[-166.95,-85.24],[-167.38,-85.32],[-166.37,-85.29],[-167.94,-85.37],[-167.25,-85.27],[-167.95,-85.21],[-167.22,-85.21]]],[[[-176.66,-85.16],[-177.68,-85.3],[-178.45,-85.18],[-176.66,-85.16]]],[[[-173.78,-85.16],[-173.21,-85.25],[-174.95,-85.21],[-175.91,-85.26],[-174.87,-85.17],[-173.78,-85.16]]],[[[-166.52,-85.02],[-167.48,-84.93],[-166.78,-84.93],[-166.13,-84.97],[-166.52,-85.02]]],[[[-169.1,-84.91],[-169.53,-84.83],[-168.29,-84.83],[-168.69,-84.87],[-168.24,-84.88],[-169.1,-84.91]]],[[[-173.9,-84.97],[-175.03,-84.83],[-174.34,-84.85],[-174.01,-84.77],[-172.97,-84.79],[-174.26,-84.85],[-173.9,-84.97]]],[[[-171.17,-84.88],[-170.5,-84.92],[-170.6,-84.88],[-170.28,-84.9],[-171.02,-84.81],[-169.59,-84.73],[-170.27,-84.87],[-169.74,-84.81],[-169.96,-84.9],[-170.65,-84.96],[-170.81,-84.94],[-170.42,-84.93],[-171.46,-84.89],[-171.17,-84.88]]],[[[-178.09,51.92],[-177.61,51.85],[-177.91,51.6],[-178.12,51.68],[-177.96,51.77],[-178.23,51.87],[-178.09,51.92]]],[[[-177.15,51.71],[-177.71,51.7],[-177.14,51.94],[-177.15,51.71]]],[[[-176.65,51.85],[-176.43,51.74],[-176.98,51.6],[-176.91,51.81],[-176.7,51.79],[-176.79,51.96],[-176.58,52.0],[-176.65,51.85]]],[[[-174.48,52.13],[-174.23,52.25],[-174.46,52.32],[-174.14,52.42],[-173.99,52.32],[-174.2,52.22],[-174.1,52.1],[-175.34,52.02],[-174.48,52.13]]],[[[-167.79,53.52],[-168.46,53.06],[-169.12,52.82],[-168.69,53.23],[-168.34,53.26],[-168.34,53.48],[-167.79,53.52]]],[[[-167.49,53.26],[-167.85,53.31],[-166.94,53.51],[-167.16,53.61],[-166.69,53.72],[-167.16,53.85],[-167.01,53.96],[-166.66,54.01],[-166.61,53.83],[-166.46,53.89],[-166.37,54.01],[-166.2,53.93],[-166.62,53.74],[-166.26,53.7],[-167.49,53.26]]],[[[-163.54,55.05],[-163.42,54.95],[-164.72,54.65],[-164.49,54.92],[-163.54,55.05]]],[[[-162.66,55.29],[-162.72,55.22],[-162.61,55.16],[-163.18,55.14],[-163.18,55.01],[-163.36,55.1],[-163.0,55.25],[-163.08,55.18],[-162.86,55.18],[-161.82,55.89],[-160.87,56.0],[-160.95,55.84],[-161.86,55.72],[-161.91,55.55],[-162.5,55.2],[-162.66,55.29]]],[[[-165.71,60.07],[-165.52,59.91],[-166.14,59.75],[-167.46,60.22],[-166.85,60.21],[-166.16,60.43],[-165.68,60.29],[-165.71,60.07]]],[[[-160.52,61.55],[-161.0,61.45],[-161.06,61.14],[-160.29,61.45],[-159.74,61.49],[-159.53,61.35],[-160.07,61.37],[-159.25,61.33],[-159.19,61.48],[-158.25,61.53],[-157.57,61.35],[-158.16,61.1],[-158.2,60.94],[-158.74,60.94],[-158.92,60.72],[-158.32,60.8],[-158.38,60.64],[-158.08,60.62],[-157.91,60.22],[-157.11,60.23],[-156.74,60.4],[-156.17,60.22],[-155.85,60.42],[-155.48,60.18],[-155.81,59.96],[-155.61,59.72],[-154.33,59.77],[-154.58,60.02],[-154.14,60.3],[-154.83,60.3],[-155.18,60.49],[-154.82,60.76],[-153.83,60.9],[-153.81,61.09],[-154.44,61.22],[-154.35,61.45],[-154.61,61.79],[-155.19,61.63],[-155.12,61.75],[-155.32,62.05],[-153.6,62.49],[-152.7,62.97],[-151.33,63.33],[-151.36,63.45],[-150.32,64.03],[-150.28,63.77],[-149.36,64.06],[-149.13,63.92],[-148.98,64.2],[-147.8,64.22],[-146.67,64.07],[-146.09,63.84],[-146.09,63.66],[-145.58,63.86],[-144.15,63.67],[-144.0,63.47],[-142.58,63.19],[-142.11,62.74],[-141.63,62.54],[-141.35,62.67],[-141.69,62.98],[-143.03,63.48],[-143.77,63.48],[-143.93,63.73],[-144.86,63.94],[-144.68,64.06],[-145.68,64.42],[-146.98,64.54],[-146.88,64.81],[-146.47,65.02],[-148.18,65.21],[-148.02,65.52],[-148.56,65.62],[-148.03,65.74],[-148.28,65.82],[-147.89,66.03],[-145.75,65.92],[-145.64,65.88],[-145.8,65.77],[-145.49,65.67],[-142.03,65.04],[-142.47,65.38],[-143.28,65.52],[-143.08,65.74],[-141.96,65.78],[-141.35,66.07],[-141.28,66.26],[-141.73,66.96],[-141.51,67.09],[-139.68,67.29],[-139.66,67.09],[-139.06,67.29],[-138.93,67.13],[-138.61,67.49],[-137.79,67.42],[-137.87,67.3],[-137.6,66.97],[-137.34,67.08],[-137.12,66.92],[-136.63,67.18],[-136.86,67.11],[-137.01,67.27],[-136.77,67.36],[-136.79,67.49],[-137.66,67.53],[-137.47,68.05],[-138.35,67.95],[-137.91,68.29],[-138.78,68.47],[-139.3,68.35],[-139.72,68.48],[-139.37,68.67],[-140.16,68.81],[-140.79,68.59],[-141.08,68.72],[-141.51,68.24],[-141.95,68.26],[-142.85,67.71],[-143.66,67.5],[-143.89,67.61],[-143.63,67.83],[-144.69,67.5],[-146.07,67.43],[-147.06,67.11],[-148.29,67.25],[-148.41,67.2],[-147.62,67.08],[-148.59,66.99],[-149.6,66.61],[-149.24,66.53],[-150.26,66.39],[-150.18,66.25],[-150.7,66.08],[-152.39,65.93],[-150.6,66.28],[-150.58,66.41],[-150.87,66.41],[-150.51,66.64],[-150.45,66.84],[-150.62,66.94],[-150.01,67.12],[-152.73,67.18],[-155.16,67.02],[-159.71,67.45],[-159.91,67.7],[-160.0,67.15],[-160.35,67.24],[-160.35,67.44],[-161.69,67.45],[-162.61,67.16],[-162.26,66.99],[-162.41,66.98],[-163.73,67.12],[-164.11,67.6],[-165.24,68.0],[-166.85,68.33],[-166.24,68.37],[-166.4,68.42],[-166.22,68.87],[-164.13,68.94],[-163.58,69.12],[-163.09,69.42],[-163.02,69.75],[-161.92,70.29],[-161.65,70.24],[-162.11,70.14],[-161.67,70.15],[-159.9,70.59],[-160.11,70.61],[-159.66,70.79],[-159.18,70.87],[-159.49,70.78],[-159.17,70.66],[-159.14,70.66],[-159.0,70.66],[-159.28,70.76],[-157.77,70.88],[-156.81,71.29],[-156.61,71.34],[-155.51,71.1],[-156.11,70.96],[-155.92,70.86],[-155.99,70.75],[-155.06,71.13],[-154.57,70.99],[-154.76,70.87],[-154.18,70.77],[-153.23,70.93],[-152.27,70.84],[-152.43,70.62],[-152.04,70.58],[-152.61,70.55],[-151.7,70.55],[-151.99,70.46],[-151.19,70.35],[-149.46,70.52],[-147.96,70.22],[-145.41,70.04],[-145.62,70.03],[-142.88,70.06],[-142.25,69.86],[-142.89,69.8],[-142.11,69.85],[-141.27,69.6],[-139.87,69.61],[-137.21,68.93],[-135.87,68.83],[-135.32,68.23],[-135.35,67.73],[-134.84,67.48],[-134.94,67.16],[-134.81,67.07],[-135.05,66.93],[-133.87,66.42],[-134.18,66.0],[-133.44,65.94],[-132.98,66.17],[-131.25,65.84],[-130.88,65.95],[-132.49,66.32],[-130.33,66.2],[-129.24,65.77],[-128.85,65.78],[-129.07,65.7],[-128.83,65.64],[-129.08,65.62],[-128.99,65.53],[-128.13,65.45],[-126.59,64.82],[-125.64,64.67],[-125.5,64.53],[-126.11,64.67],[-126.31,64.5],[-125.94,64.23],[-124.78,64.06],[-124.8,63.76],[-124.54,63.77],[-124.28,63.45],[-123.55,62.29],[-124.36,61.91],[-124.36,61.59],[-124.09,61.48],[-124.07,61.31],[-125.02,61.16],[-125.13,61.32],[-125.78,60.89],[-126.14,61.22],[-126.35,61.2],[-126.43,60.88],[-126.61,60.82],[-126.87,61.17],[-127.5,61.34],[-127.53,61.12],[-127.87,61.01],[-128.07,60.7],[-128.26,60.7],[-128.46,60.95],[-128.85,60.72],[-129.06,61.34],[-129.35,61.5],[-129.34,61.78],[-130.44,61.93],[-130.86,62.56],[-131.6,62.64],[-132.63,63.09],[-132.02,63.37],[-132.42,63.5],[-132.34,63.7],[-132.94,63.93],[-136.05,64.25],[-136.91,64.08],[-137.21,64.24],[-137.87,64.16],[-140.06,64.45],[-139.2,64.1],[-138.34,63.98],[-137.96,63.56],[-138.74,63.22],[-137.74,62.89],[-137.95,62.81],[-137.61,62.7],[-137.93,62.62],[-137.23,62.39],[-137.78,62.46],[-136.73,62.07],[-138.02,61.87],[-139.37,62.37],[-139.98,62.05],[-140.42,62.1],[-140.29,61.93],[-140.48,61.96],[-140.2,61.72],[-138.58,61.13],[-138.6,60.81],[-138.01,60.67],[-138.11,60.44],[-137.85,60.62],[-137.8,60.46],[-138.03,60.19],[-137.94,59.88],[-137.66,59.94],[-137.34,59.65],[-136.72,59.47],[-136.68,59.32],[-137.22,59.47],[-137.08,59.38],[-137.32,59.42],[-137.26,59.32],[-137.02,59.32],[-137.32,59.28],[-137.21,59.21],[-137.64,59.41],[-138.05,59.39],[-138.19,59.34],[-137.99,59.23],[-138.11,59.24],[-138.12,59.04],[-139.6,59.79],[-139.53,60.06],[-140.33,59.7],[-140.79,59.73],[-141.4,60.14],[-141.39,60.01],[-143.83,60.11],[-143.9,60.39],[-144.87,60.65],[-144.77,60.67],[-144.94,60.71],[-144.53,60.78],[-145.01,60.82],[-144.79,60.94],[-145.13,60.93],[-145.07,61.01],[-145.28,60.88],[-145.16,61.0],[-145.57,60.95],[-145.57,61.08],[-145.88,60.94],[-145.65,60.81],[-145.79,60.76],[-146.34,60.92],[-146.18,61.05],[-146.32,61.14],[-147.01,61.04],[-146.37,61.23],[-146.39,61.35],[-146.18,61.14],[-146.16,61.21],[-145.92,61.25],[-145.85,61.2],[-146.06,61.2],[-146.03,61.09],[-145.72,61.17],[-145.89,61.28],[-145.68,61.33],[-146.49,61.4],[-146.43,61.74],[-146.66,61.49],[-147.09,61.74],[-147.1,61.53],[-147.17,61.5],[-147.18,61.64],[-147.49,61.59],[-147.6,61.73],[-147.77,61.78],[-147.69,61.62],[-148.22,61.57],[-148.0,61.56],[-148.3,61.45],[-147.98,61.4],[-148.6,61.4],[-148.33,61.28],[-148.74,61.15],[-148.67,60.95],[-148.81,60.93],[-148.65,60.86],[-148.84,60.88],[-148.81,60.75],[-148.99,60.72],[-148.9,60.64],[-149.04,60.69],[-148.92,60.61],[-149.03,60.65],[-149.02,60.48],[-149.3,60.46],[-148.91,60.37],[-148.49,60.66],[-148.43,60.56],[-148.45,60.55],[-148.23,60.41],[-148.42,60.12],[-148.48,60.3],[-148.3,60.39],[-148.47,60.51],[-149.03,60.21],[-148.91,60.08],[-149.0,60.01],[-148.57,59.99],[-149.29,59.96],[-149.35,60.2],[-149.54,59.95],[-149.63,60.18],[-150.06,60.31],[-150.07,60.13],[-150.58,60.03],[-150.33,59.96],[-150.51,59.96],[-150.31,59.85],[-150.57,59.85],[-150.35,59.75],[-150.59,59.79],[-150.43,59.66],[-150.63,59.72],[-150.44,59.64],[-150.6,59.43],[-150.98,59.31],[-151.43,59.42],[-150.84,59.84],[-150.71,60.3],[-150.1,60.44],[-149.89,60.95],[-148.99,60.82],[-149.8,61.06],[-149.47,61.43],[-148.72,61.46],[-148.92,61.63],[-148.66,61.8],[-147.66,61.81],[-148.88,61.82],[-149.58,61.72],[-149.8,62.26],[-149.66,62.42],[-150.08,62.67],[-149.76,62.9],[-150.18,63.2],[-150.41,63.23],[-150.28,63.25],[-150.42,63.36],[-150.93,63.15],[-151.0,63.27],[-151.23,63.1],[-151.49,63.16],[-151.38,63.03],[-151.66,63.1],[-151.63,63.02],[-151.7,62.9],[-151.35,62.97],[-151.28,62.94],[-151.5,62.93],[-151.49,62.8],[-151.94,62.96],[-152.12,62.66],[-152.49,62.56],[-151.96,62.55],[-152.01,62.66],[-151.43,62.78],[-151.37,62.68],[-151.29,62.53],[-151.41,62.39],[-152.14,62.36],[-152.0,62.22],[-152.08,62.0],[-151.8,61.92],[-151.59,61.6],[-151.91,61.43],[-151.71,61.34],[-151.79,61.21],[-152.37,60.85],[-152.55,60.23],[-152.94,60.26],[-152.57,60.08],[-152.7,59.92],[-153.22,59.86],[-152.99,59.81],[-153.21,59.63],[-153.41,59.64],[-153.34,59.73],[-153.46,59.8],[-153.48,59.64],[-153.71,59.63],[-153.55,59.6],[-153.77,59.54],[-153.73,59.44],[-154.11,59.3],[-154.77,59.42],[-154.87,59.21],[-155.59,59.04],[-155.34,58.97],[-155.48,58.76],[-154.76,58.66],[-154.77,58.52],[-155.2,58.43],[-155.5,58.55],[-156.0,58.38],[-155.65,58.2],[-155.97,58.09],[-155.97,57.93],[-155.45,57.97],[-155.72,57.78],[-158.35,56.91],[-158.35,56.62],[-158.9,56.56],[-158.77,56.39],[-158.9,56.33],[-159.55,56.32],[-159.67,56.14],[-160.58,55.91],[-160.15,56.4],[-158.87,56.89],[-158.57,56.74],[-158.69,56.97],[-158.52,57.15],[-157.79,57.54],[-157.57,57.52],[-157.71,57.64],[-157.59,58.08],[-157.35,58.22],[-157.53,58.4],[-156.88,58.98],[-158.19,58.61],[-158.56,58.8],[-158.41,59.06],[-158.89,58.72],[-158.69,58.49],[-158.82,58.4],[-159.72,58.93],[-159.9,58.77],[-160.38,59.05],[-161.71,58.55],[-162.15,58.65],[-161.64,58.8],[-161.77,58.77],[-161.84,59.04],[-161.58,59.12],[-161.98,59.14],[-162.05,59.26],[-161.7,59.49],[-162.19,60.16],[-162.47,60.29],[-162.14,60.54],[-162.1,60.59],[-162.12,60.63],[-162.57,60.32],[-162.45,60.18],[-162.56,59.96],[-164.09,59.82],[-164.09,59.98],[-165.13,60.44],[-164.97,60.54],[-165.42,60.55],[-164.97,60.71],[-165.04,60.78],[-164.88,60.82],[-164.87,60.85],[-165.19,60.98],[-164.87,61.1],[-165.55,61.09],[-165.59,61.28],[-165.88,61.34],[-165.75,61.5],[-166.18,61.58],[-166.14,61.72],[-165.78,61.68],[-166.09,61.81],[-165.6,61.86],[-165.74,62.06],[-165.27,62.43],[-164.84,62.53],[-164.46,62.72],[-164.5,62.77],[-164.85,62.83],[-164.44,63.04],[-164.5,63.13],[-164.55,63.15],[-164.42,63.21],[-163.09,63.05],[-162.42,63.4],[-162.34,63.4],[-162.29,63.37],[-162.23,63.38],[-161.26,63.48],[-160.96,63.62],[-160.73,63.51],[-161.23,63.16],[-162.42,63.22],[-162.71,63.07],[-163.15,62.77],[-163.05,62.38],[-163.4,62.03],[-162.82,61.95],[-162.02,61.42],[-160.32,61.85],[-160.52,61.55]],[[-160.2,70.46],[-159.9,70.48],[-160.23,70.26],[-159.95,70.37],[-159.9,70.26],[-159.68,70.13],[-159.87,70.43],[-159.26,70.52],[-159.9,70.59],[-160.2,70.46]],[[-146.76,61.96],[-145.92,61.79],[-145.67,61.88],[-145.05,61.6],[-144.54,61.64],[-143.73,61.26],[-143.46,61.3],[-142.63,61.01],[-142.2,61.12],[-142.74,61.15],[-142.64,61.35],[-142.75,61.41],[-143.54,61.36],[-144.89,61.96],[-144.57,62.41],[-144.12,62.57],[-143.5,62.55],[-143.6,62.71],[-144.24,62.64],[-144.52,62.71],[-144.57,62.88],[-147.2,62.67],[-147.38,62.52],[-147.0,62.36],[-147.04,61.94],[-147.66,61.81],[-146.76,61.96]],[[-149.93,63.17],[-150.12,63.22],[-150.07,63.22],[-149.99,63.27],[-150.19,63.29],[-150.07,63.35],[-150.2,63.31],[-150.26,63.25],[-150.14,63.2],[-150.18,63.2],[-149.93,63.17]]],[[[-144.89,60.57],[-145.1,60.48],[-144.89,60.6],[-145.01,60.63],[-144.87,60.65],[-144.89,60.57]]],[[[-147.86,61.55],[-147.84,61.52],[-148.0,61.56],[-147.86,61.55]]],[[[-162.33,62.02],[-162.79,62.0],[-162.5,62.27],[-161.65,62.49],[-161.66,62.24],[-162.04,61.83],[-162.33,62.02]]],[[[-170.49,63.33],[-169.96,63.47],[-168.9,63.33],[-169.64,62.94],[-170.49,63.33]]],[[[-171.56,63.32],[-171.85,63.48],[-171.75,63.78],[-170.95,63.57],[-170.32,63.69],[-169.99,63.47],[-171.56,63.32]]],[[[-162.31,64.84],[-162.6,64.76],[-163.35,65.02],[-163.85,64.92],[-163.89,64.79],[-163.69,64.71],[-162.86,64.68],[-162.85,64.5],[-163.39,64.6],[-163.03,64.51],[-163.15,64.4],[-163.65,64.57],[-164.42,64.55],[-164.89,64.47],[-164.92,64.53],[-164.92,64.44],[-165.0,64.43],[-166.24,64.58],[-166.48,64.73],[-166.42,64.88],[-166.69,64.99],[-166.7,65.04],[-166.86,65.09],[-166.89,65.12],[-166.04,65.25],[-168.13,65.64],[-166.85,65.91],[-166.99,65.96],[-166.29,66.16],[-165.59,66.12],[-165.88,66.24],[-165.45,66.4],[-163.99,66.59],[-163.99,66.58],[-163.73,66.52],[-163.93,66.22],[-163.78,66.07],[-163.65,66.06],[-165.22,65.93],[-162.75,66.1],[-161.88,65.96],[-161.49,66.27],[-161.05,66.19],[-160.07,66.37],[-159.45,66.27],[-159.13,66.04],[-159.35,65.61],[-160.11,65.82],[-160.09,65.63],[-161.15,65.61],[-161.25,65.16],[-162.28,65.02],[-162.31,64.84]]],[[[-166.96,65.16],[-166.85,65.28],[-166.89,65.12],[-166.96,65.16]]],[[[-177.3,68.24],[-176.95,68.06],[-177.01,67.97],[-176.13,67.85],[-176.51,67.66],[-175.65,67.49],[-176.05,67.73],[-175.44,67.68],[-175.24,67.49],[-175.48,67.3],[-174.91,67.32],[-175.04,67.02],[-174.83,66.78],[-175.07,66.68],[-174.66,66.55],[-174.54,66.26],[-174.36,66.48],[-174.11,66.46],[-174.16,66.2],[-173.81,66.44],[-174.34,66.58],[-174.12,66.69],[-174.09,66.93],[-174.62,67.02],[-173.72,67.14],[-173.16,67.08],[-173.37,66.99],[-173.27,66.84],[-173.12,67.0],[-172.53,66.96],[-172.82,67.03],[-171.79,66.99],[-171.37,66.64],[-170.53,66.32],[-170.71,66.2],[-170.35,66.29],[-170.2,66.18],[-170.31,66.13],[-169.7,66.05],[-170.61,65.85],[-170.52,65.7],[-170.72,65.61],[-171.53,65.85],[-171.07,65.58],[-171.17,65.46],[-172.92,65.69],[-172.35,65.5],[-172.45,65.44],[-172.15,65.46],[-172.26,65.26],[-172.77,65.25],[-172.33,65.24],[-172.18,65.09],[-173.21,64.84],[-172.92,64.77],[-173.25,64.63],[-172.31,64.4],[-173.13,64.45],[-172.99,64.32],[-173.23,64.23],[-173.51,64.29],[-173.36,64.41],[-173.55,64.65],[-173.55,64.42],[-173.79,64.32],[-175.07,64.87],[-175.51,64.77],[-176.0,65.0],[-175.9,65.3],[-176.18,65.48],[-177.18,65.59],[-178.55,65.51],[-178.48,65.68],[-178.95,66.04],[-178.61,66.12],[-178.57,66.37],[-178.99,66.17],[-179.16,66.41],[-179.17,66.29],[-179.42,66.34],[-179.25,66.19],[-179.7,66.18],[-179.75,65.81],[-179.33,65.55],[-180.0,65.07],[-180.0,68.98],[-178.11,68.43],[-178.09,68.25],[-177.3,68.24]]],[[[-179.27,70.91],[-180.0,71.0],[-180.0,71.53],[-178.43,71.54],[-177.44,71.23],[-177.94,71.04],[-179.27,70.91]]],[[[-147.56,-86.65],[-148.46,-86.51],[-145.33,-86.66],[-147.37,-86.77],[-145.97,-86.81],[-146.08,-86.82],[-147.93,-86.78],[-147.23,-86.74],[-149.24,-86.65],[-146.53,-86.72],[-147.56,-86.65]]],[[[-159.2,-86.34],[-159.15,-86.36],[-160.75,-86.27],[-159.2,-86.34]]],[[[-159.06,-86.38],[-159.41,-86.38],[-159.15,-86.36],[-159.06,-86.38]]],[[[-158.83,-86.41],[-159.19,-86.47],[-158.52,-86.49],[-159.33,-86.52],[-160.02,-86.42],[-159.41,-86.38],[-158.83,-86.41]]],[[[-148.13,-86.2],[-148.41,-86.19],[-148.31,-86.18],[-147.49,-86.26],[-146.86,-86.23],[-147.4,-86.21],[-146.95,-86.19],[-147.3,-86.15],[-146.33,-86.17],[-146.64,-86.18],[-146.41,-86.25],[-147.29,-86.29],[-146.39,-86.33],[-146.63,-86.35],[-148.85,-86.35],[-147.64,-86.25],[-148.53,-86.22],[-148.13,-86.2]]],[[[-151.93,-86.19],[-153.93,-86.2],[-153.15,-86.11],[-151.93,-86.19]]],[[[-157.93,-86.22],[-159.44,-86.11],[-158.8,-86.11],[-158.98,-86.08],[-159.39,-86.08],[-158.91,-86.04],[-157.14,-86.1],[-156.54,-86.06],[-157.69,-86.07],[-156.28,-86.04],[-156.65,-85.99],[-155.43,-86.03],[-156.77,-86.1],[-156.46,-86.18],[-156.73,-86.23],[-158.94,-86.31],[-159.45,-86.23],[-158.72,-86.29],[-158.93,-86.25],[-157.93,-86.22]]],[[[-148.15,-86.03],[-146.67,-86.09],[-148.95,-86.1],[-148.15,-86.03]]],[[[-156.5,-85.93],[-155.7,-85.93],[-155.61,-86.0],[-153.26,-85.93],[-153.02,-85.98],[-153.6,-86.02],[-152.53,-86.06],[-154.7,-86.1],[-154.97,-86.02],[-155.79,-86.0],[-155.73,-85.99],[-156.5,-85.93]]],[[[-153.75,-85.71],[-152.85,-85.87],[-154.87,-85.79],[-154.73,-85.76],[-153.75,-85.71]]],[[[-155.35,-85.65],[-155.92,-85.73],[-155.37,-85.68],[-154.63,-85.7],[-156.12,-85.75],[-156.09,-85.8],[-156.44,-85.72],[-155.75,-85.69],[-156.31,-85.68],[-155.79,-85.66],[-156.19,-85.64],[-155.82,-85.63],[-156.18,-85.62],[-156.08,-85.6],[-155.35,-85.65]]],[[[-155.78,-85.47],[-155.62,-85.48],[-156.06,-85.52],[-155.25,-85.6],[-155.58,-85.62],[-156.25,-85.54],[-156.1,-85.53],[-156.23,-85.47],[-155.78,-85.47]]],[[[-147.95,61.07],[-147.71,61.28],[-147.49,61.29],[-147.7,61.23],[-147.66,61.12],[-147.12,61.05],[-147.56,61.1],[-147.86,60.91],[-147.95,61.07]]],[[[-147.78,61.24],[-148.07,61.0],[-148.18,61.1],[-148.5,60.99],[-148.23,61.15],[-147.78,61.24]]],[[[-151.22,62.85],[-150.91,62.84],[-151.02,62.76],[-150.77,62.67],[-150.87,62.88],[-150.8,62.91],[-150.47,62.65],[-150.85,62.41],[-151.37,62.68],[-150.92,62.7],[-151.25,62.8],[-151.1,62.83],[-151.22,62.85]]],[[[-157.38,62.56],[-157.17,62.96],[-156.64,62.93],[-157.38,62.56]]],[[[-150.68,63.02],[-150.38,63.08],[-150.5,63.02],[-149.99,62.93],[-150.4,62.7],[-150.59,62.76],[-150.42,62.93],[-150.57,62.98],[-150.22,62.96],[-150.68,63.02]]],[[[-156.34,63.19],[-156.16,63.22],[-156.0,63.59],[-155.47,63.41],[-156.11,63.15],[-156.34,63.19]]],[[[-160.06,63.92],[-159.69,63.45],[-160.05,63.29],[-160.14,63.53],[-160.6,63.53],[-160.06,63.92]]],[[[-154.04,63.77],[-153.82,64.21],[-151.84,64.35],[-152.41,64.57],[-152.32,64.66],[-151.94,64.71],[-152.01,64.59],[-151.52,64.38],[-152.06,64.11],[-153.4,64.07],[-153.44,63.79],[-154.21,63.44],[-155.1,63.51],[-154.55,63.63],[-154.49,63.79],[-154.04,63.77]]],[[[-160.49,64.95],[-161.01,64.26],[-161.53,64.38],[-161.47,64.51],[-160.8,64.61],[-160.88,64.81],[-161.48,64.95],[-160.81,65.17],[-160.49,64.95]]],[[[-159.88,64.9],[-159.33,65.28],[-159.1,65.29],[-159.08,65.12],[-159.37,64.99],[-159.08,64.95],[-159.13,64.83],[-158.71,64.89],[-159.04,64.71],[-158.9,64.45],[-160.15,64.22],[-159.85,64.42],[-160.19,64.48],[-160.09,64.64],[-159.71,64.79],[-159.88,64.9]]],[[[-152.54,65.5],[-152.9,65.43],[-152.8,65.3],[-153.31,65.36],[-154.0,65.08],[-155.15,65.01],[-154.37,65.44],[-153.78,65.49],[-153.89,65.3],[-152.77,65.59],[-152.54,65.5]]],[[[-151.21,65.32],[-152.07,65.39],[-151.33,65.64],[-152.44,65.86],[-150.46,65.92],[-150.04,65.78],[-150.26,65.64],[-150.14,65.51],[-148.91,65.59],[-149.45,65.45],[-149.46,65.27],[-151.07,65.16],[-151.21,65.32]]],[[[-155.7,66.09],[-156.2,66.1],[-156.63,66.43],[-156.11,66.36],[-155.7,66.09]]],[[[-157.86,66.35],[-157.17,66.46],[-156.82,66.32],[-156.75,66.14],[-157.86,66.35]]],[[[-162.63,66.86],[-162.33,66.94],[-161.77,66.5],[-161.18,66.54],[-160.62,66.36],[-160.18,66.48],[-160.88,66.66],[-161.49,66.53],[-161.86,66.8],[-161.39,67.03],[-161.09,66.77],[-160.82,66.74],[-158.75,66.86],[-157.91,67.08],[-156.95,66.89],[-158.11,66.78],[-157.34,66.67],[-157.82,66.57],[-157.18,66.57],[-158.81,66.28],[-160.07,66.37],[-160.91,66.23],[-161.53,66.4],[-161.92,66.27],[-161.88,66.51],[-162.63,66.86]]],[[[-152.51,66.99],[-153.18,66.82],[-154.31,66.92],[-154.06,67.05],[-152.51,66.99]]],[[[-156.36,67.07],[-155.2,66.98],[-155.57,66.88],[-157.51,67.09],[-156.36,67.07]]],[[[-128.65,-86.33],[-130.9,-86.28],[-129.97,-86.26],[-128.65,-86.33]]],[[[-133.57,-85.91],[-132.71,-85.89],[-131.42,-85.99],[-133.11,-85.93],[-133.74,-86.03],[-134.1,-86.02],[-133.57,-85.91]]],[[[-129.46,-86.0],[-128.51,-85.9],[-127.92,-86.01],[-129.46,-86.0]]],[[[-129.62,-85.86],[-128.08,-85.81],[-127.64,-85.88],[-129.62,-85.86]]],[[[-139.07,-85.79],[-138.44,-85.79],[-139.23,-85.75],[-137.8,-85.75],[-138.37,-85.85],[-139.07,-85.79]]],[[[-130.99,55.52],[-131.41,55.63],[-131.32,55.77],[-130.98,55.69],[-130.99,55.52]]],[[[-129.99,55.0],[-129.68,55.39],[-129.77,55.48],[-130.07,54.99],[-130.14,55.14],[-129.95,55.28],[-130.12,55.69],[-129.99,55.29],[-130.62,54.89],[-130.16,55.36],[-130.58,55.33],[-130.71,55.62],[-130.47,55.69],[-130.92,55.81],[-130.64,55.88],[-130.66,56.04],[-130.05,56.08],[-130.07,56.34],[-130.22,56.35],[-129.81,56.47],[-130.17,56.6],[-129.78,56.58],[-129.42,56.4],[-129.48,56.02],[-129.14,55.64],[-129.27,55.6],[-129.04,55.47],[-129.21,55.24],[-129.99,55.0]]],[[[-135.08,57.03],[-135.31,57.13],[-135.43,57.42],[-134.97,57.38],[-134.63,56.73],[-134.75,56.7],[-134.63,56.72],[-134.65,56.22],[-134.89,56.51],[-134.8,56.74],[-135.27,56.98],[-135.08,57.03]]],[[[-130.42,56.46],[-130.31,56.24],[-130.5,56.32],[-130.68,56.16],[-130.48,56.25],[-130.4,56.15],[-130.66,56.04],[-131.03,55.88],[-130.79,56.3],[-131.53,56.09],[-131.26,56.28],[-131.61,56.26],[-132.28,56.59],[-132.05,56.71],[-132.3,56.76],[-132.11,56.87],[-131.79,56.8],[-131.98,57.02],[-131.85,57.13],[-132.08,57.12],[-131.84,57.19],[-132.16,57.17],[-132.07,57.33],[-132.18,57.35],[-132.01,57.42],[-132.22,57.37],[-132.23,57.54],[-132.37,57.44],[-132.25,57.57],[-132.45,57.55],[-132.32,57.66],[-132.57,57.85],[-132.47,57.99],[-132.03,57.52],[-131.75,57.61],[-131.16,57.33],[-131.0,57.12],[-131.11,56.91],[-130.8,56.59],[-130.17,56.54],[-130.42,56.46]]],[[[-135.11,57.58],[-136.32,58.07],[-135.82,58.23],[-135.7,57.94],[-135.11,57.58]]],[[[-134.8,58.68],[-134.32,58.35],[-134.0,58.42],[-134.09,58.6],[-133.87,58.56],[-133.86,58.7],[-133.68,58.73],[-133.74,58.84],[-133.53,58.86],[-133.06,58.64],[-133.15,58.42],[-132.58,58.41],[-132.01,58.1],[-132.31,57.96],[-132.33,58.13],[-132.49,58.13],[-132.38,58.17],[-132.81,58.07],[-132.54,57.97],[-133.19,57.96],[-132.9,58.06],[-132.85,58.17],[-132.96,58.18],[-132.9,58.09],[-133.34,58.03],[-133.34,57.93],[-133.0,57.86],[-133.28,57.79],[-132.93,57.71],[-132.98,57.57],[-133.46,57.86],[-133.26,57.89],[-133.87,57.98],[-134.01,58.39],[-134.27,58.25],[-134.65,58.35],[-134.9,58.72],[-134.78,58.83],[-135.09,58.99],[-135.02,59.16],[-134.77,59.07],[-134.85,58.96],[-134.72,59.06],[-134.76,58.93],[-134.51,58.96],[-134.68,58.85],[-134.47,58.78],[-134.8,58.68]]],[[[-135.07,59.23],[-135.13,58.96],[-135.44,59.28],[-135.29,59.09],[-135.37,59.1],[-135.37,58.94],[-135.54,59.03],[-135.42,59.09],[-136.51,59.28],[-136.19,59.31],[-136.62,59.5],[-136.43,59.6],[-136.5,59.75],[-135.63,59.86],[-135.01,59.57],[-135.32,59.35],[-134.87,59.25],[-135.07,59.23]]],[[[-141.12,67.47],[-142.17,67.72],[-141.77,68.07],[-141.1,68.19],[-141.12,67.47]]],[[[-125.56,-86.0],[-125.24,-86.04],[-127.05,-85.99],[-126.51,-85.94],[-125.51,-85.97],[-125.56,-86.0]]],[[[-125.9,-85.52],[-126.13,-85.5],[-125.66,-85.5],[-127.52,-85.37],[-126.18,-85.38],[-124.19,-85.49],[-125.9,-85.52]]],[[[-124.79,69.7],[-125.28,69.78],[-124.79,69.96],[-125.22,69.93],[-125.16,70.01],[-124.67,70.14],[-124.35,70.05],[-124.5,69.72],[-124.05,69.67],[-124.6,69.42],[-124.3,69.34],[-123.68,69.34],[-123.13,69.55],[-123.04,69.81],[-121.88,69.81],[-117.87,69.0],[-116.0,68.81],[-116.31,68.96],[-115.81,69.0],[-114.54,68.73],[-113.89,68.4],[-113.99,68.24],[-115.15,68.19],[-115.15,68.0],[-115.55,67.92],[-115.0,67.8],[-111.87,67.68],[-110.05,68.01],[-109.64,67.71],[-109.03,67.73],[-108.83,67.36],[-108.65,67.64],[-108.47,67.35],[-108.37,67.45],[-107.96,67.28],[-107.85,67.04],[-108.61,67.15],[-107.2,66.35],[-107.75,66.96],[-107.62,67.08],[-107.46,66.92],[-107.63,66.91],[-107.14,66.9],[-107.42,67.06],[-107.22,67.09],[-107.55,67.24],[-107.7,67.41],[-107.57,67.5],[-108.03,67.78],[-107.68,67.91],[-107.68,68.05],[-106.74,68.11],[-106.59,68.26],[-106.39,68.17],[-106.43,68.34],[-105.69,68.44],[-105.69,68.6],[-106.5,68.53],[-106.61,68.47],[-106.51,68.32],[-106.78,68.41],[-107.89,68.28],[-107.56,68.16],[-108.38,68.11],[-108.37,68.29],[-108.78,68.27],[-108.28,68.63],[-106.2,68.94],[-105.43,68.73],[-105.54,68.7],[-105.27,68.46],[-105.53,68.41],[-104.58,68.26],[-104.65,68.15],[-104.48,68.02],[-103.39,68.17],[-103.08,67.9],[-101.54,67.68],[-100.66,67.86],[-100.62,67.75],[-100.39,67.86],[-99.2,67.72],[-98.33,67.8],[-98.71,67.96],[-98.57,68.12],[-98.06,67.77],[-97.6,67.62],[-97.24,67.62],[-97.1,67.73],[-97.2,67.86],[-97.72,67.99],[-98.08,67.85],[-98.68,68.39],[-97.72,68.38],[-98.0,68.53],[-97.84,68.57],[-97.33,68.51],[-96.91,68.26],[-96.38,68.33],[-96.76,68.09],[-96.67,68.02],[-95.88,68.3],[-96.2,67.84],[-96.14,67.63],[-96.31,67.71],[-96.42,67.51],[-96.08,67.47],[-96.22,67.31],[-96.11,67.23],[-95.5,67.36],[-95.77,67.19],[-95.21,67.1],[-95.35,67.16],[-95.14,67.29],[-95.37,67.46],[-95.3,67.54],[-95.69,67.74],[-95.43,68.06],[-94.73,68.05],[-93.47,68.58],[-93.73,68.62],[-93.57,68.85],[-93.64,68.98],[-94.59,68.77],[-94.58,68.96],[-94.07,69.14],[-94.3,69.17],[-94.19,69.34],[-93.51,69.45],[-93.82,69.18],[-93.42,69.35],[-93.53,69.38],[-93.44,69.48],[-94.24,69.44],[-94.62,69.68],[-94.83,69.57],[-96.18,69.87],[-96.07,69.95],[-96.45,70.09],[-96.54,70.31],[-95.94,70.69],[-96.17,70.62],[-96.57,70.79],[-96.41,71.08],[-96.53,71.14],[-96.1,71.42],[-95.45,71.37],[-95.89,71.62],[-94.65,71.86],[-95.19,71.95],[-94.48,72.0],[-94.37,71.94],[-94.58,71.76],[-93.68,71.77],[-93.79,71.66],[-92.93,71.3],[-92.94,70.83],[-92.17,70.62],[-92.23,70.51],[-92.0,70.3],[-91.73,70.38],[-91.51,70.19],[-92.4,70.19],[-92.5,70.09],[-91.95,70.04],[-92.75,69.72],[-91.8,69.5],[-91.38,69.67],[-91.21,69.64],[-91.34,69.55],[-90.35,69.46],[-90.76,69.38],[-90.82,69.35],[-90.8,69.26],[-91.16,69.3],[-90.43,68.89],[-90.59,68.46],[-90.27,68.26],[-89.87,68.46],[-89.93,68.63],[-89.68,68.77],[-89.74,68.98],[-89.27,69.27],[-88.05,68.84],[-87.78,68.32],[-88.37,68.29],[-88.26,68.12],[-88.35,67.99],[-88.12,67.68],[-87.35,67.27],[-87.46,67.15],[-87.23,67.14],[-86.84,67.42],[-86.49,67.37],[-86.5,67.69],[-85.87,68.05],[-85.61,68.74],[-84.76,68.74],[-85.17,68.86],[-84.77,68.96],[-84.96,69.02],[-84.5,69.01],[-85.29,69.16],[-85.48,69.31],[-85.51,69.52],[-85.38,69.58],[-85.52,69.66],[-85.32,69.81],[-85.53,69.87],[-84.42,69.87],[-83.54,69.69],[-82.53,69.69],[-82.21,69.64],[-82.61,69.63],[-82.44,69.5],[-83.25,69.54],[-82.19,69.4],[-82.31,69.38],[-82.11,69.29],[-82.22,69.24],[-81.3,69.19],[-82.03,68.89],[-81.32,68.87],[-81.22,68.64],[-81.92,68.42],[-82.2,68.54],[-82.63,68.44],[-81.99,68.35],[-82.48,68.32],[-82.22,68.29],[-82.32,68.16],[-82.19,68.12],[-81.95,68.21],[-82.16,68.0],[-82.08,67.91],[-81.19,67.46],[-81.46,67.01],[-81.91,66.97],[-82.12,66.71],[-83.34,66.35],[-83.95,66.6],[-83.86,66.88],[-84.11,66.7],[-84.58,66.98],[-85.2,66.87],[-84.56,66.93],[-84.76,66.9],[-84.1,66.68],[-84.14,66.57],[-83.66,66.22],[-83.8,66.15],[-84.44,66.39],[-84.61,66.34],[-84.33,66.16],[-85.22,66.27],[-85.43,66.59],[-86.73,66.52],[-86.63,66.33],[-85.88,66.16],[-87.34,65.32],[-88.05,65.36],[-88.84,65.65],[-88.51,65.65],[-89.67,65.95],[-89.93,65.94],[-89.73,65.83],[-90.91,65.93],[-89.74,65.73],[-89.04,65.33],[-86.9,65.14],[-88.11,64.14],[-88.78,63.99],[-89.22,64.11],[-89.16,63.96],[-89.97,64.16],[-89.83,63.93],[-90.2,63.99],[-89.98,63.79],[-90.16,63.63],[-90.75,63.56],[-90.67,63.45],[-91.73,63.75],[-91.79,63.72],[-91.39,63.49],[-90.72,63.34],[-90.64,63.09],[-91.37,62.8],[-92.37,62.85],[-92.31,62.71],[-91.84,62.61],[-92.61,62.58],[-92.5,62.44],[-92.09,62.42],[-92.32,62.36],[-92.74,62.48],[-92.54,62.17],[-92.98,62.33],[-92.75,62.22],[-93.28,62.18],[-92.98,62.1],[-93.34,62.03],[-93.3,61.89],[-93.64,61.96],[-93.25,61.76],[-93.67,61.76],[-93.34,61.72],[-93.99,61.46],[-93.82,61.34],[-94.06,61.3],[-94.56,60.54],[-94.64,60.51],[-94.74,60.54],[-94.9,60.5],[-94.65,60.39],[-94.84,59.97],[-94.67,59.36],[-94.81,59.09],[-95.02,59.06],[-94.77,59.01],[-94.92,58.71],[-95.09,59.07],[-94.97,59.39],[-95.09,59.58],[-94.87,59.76],[-94.93,60.0],[-95.34,60.25],[-95.66,60.87],[-96.08,61.04],[-96.2,61.15],[-96.09,61.27],[-96.63,61.62],[-96.38,61.77],[-96.82,61.82],[-96.97,62.02],[-96.61,62.31],[-96.23,62.27],[-96.42,62.49],[-96.18,62.57],[-97.43,63.07],[-97.61,62.95],[-98.36,63.02],[-99.98,62.82],[-100.37,62.62],[-100.63,62.85],[-101.21,62.56],[-101.97,62.84],[-102.44,62.65],[-103.02,62.84],[-102.89,63.09],[-103.07,63.21],[-104.21,63.32],[-103.91,63.81],[-103.26,63.99],[-102.81,64.34],[-103.93,64.54],[-103.7,64.33],[-104.54,63.93],[-107.39,63.81],[-108.03,64.05],[-108.56,64.04],[-109.18,63.69],[-109.82,63.62],[-109.46,63.98],[-109.75,64.2],[-109.98,64.25],[-110.46,64.04],[-111.36,64.15],[-111.7,64.36],[-112.37,64.28],[-112.35,64.57],[-112.71,64.74],[-112.65,64.99],[-113.15,65.0],[-113.26,65.13],[-113.07,65.44],[-115.11,66.68],[-116.17,66.77],[-116.8,67.01],[-117.31,66.84],[-118.49,67.39],[-118.8,67.32],[-118.78,66.92],[-120.38,67.07],[-121.4,66.94],[-121.54,66.75],[-122.2,66.61],[-124.07,66.68],[-124.93,67.0],[-124.87,67.37],[-124.52,67.29],[-124.25,67.43],[-125.03,67.98],[-126.43,67.92],[-127.49,67.99],[-127.74,68.16],[-128.22,68.11],[-130.07,68.81],[-131.64,68.51],[-132.16,68.26],[-132.79,68.26],[-132.7,68.36],[-132.89,68.46],[-133.51,68.29],[-134.61,69.0],[-135.54,68.84],[-135.4,69.02],[-135.64,68.91],[-135.81,68.98],[-135.59,69.01],[-136.0,69.19],[-135.69,69.16],[-135.86,69.29],[-135.56,69.34],[-135.22,69.26],[-135.25,69.36],[-135.31,69.41],[-135.15,69.47],[-134.46,69.44],[-134.61,69.49],[-134.42,69.63],[-134.5,69.71],[-134.15,69.53],[-133.88,69.5],[-133.78,69.57],[-133.85,69.43],[-134.2,69.26],[-134.07,69.25],[-133.11,69.41],[-132.98,69.63],[-132.56,69.73],[-132.15,69.68],[-131.37,69.97],[-131.1,69.88],[-130.94,70.09],[-129.9,70.08],[-129.67,70.25],[-129.37,70.1],[-130.76,69.66],[-130.93,69.54],[-131.12,69.61],[-130.9,69.36],[-130.97,69.12],[-130.88,69.33],[-130.34,69.68],[-128.9,69.96],[-129.17,69.82],[-128.93,69.66],[-128.32,69.94],[-128.33,70.13],[-127.88,70.07],[-128.09,70.16],[-127.53,70.22],[-128.2,70.35],[-128.02,70.57],[-127.5,70.41],[-126.6,69.68],[-125.94,69.4],[-124.79,69.34],[-125.64,69.42],[-125.28,69.53],[-125.46,69.6],[-125.37,69.69],[-124.79,69.7]]],[[[-101.97,68.83],[-101.67,68.68],[-101.81,68.57],[-102.34,68.71],[-101.97,68.83]]],[[[-100.38,69.06],[-100.18,68.93],[-100.4,68.74],[-100.61,68.78],[-100.6,69.01],[-100.38,69.06]]],[[[-95.16,68.87],[-96.55,68.46],[-98.1,68.69],[-98.36,68.87],[-98.47,68.75],[-98.86,68.96],[-99.21,68.85],[-99.55,69.02],[-98.52,69.29],[-98.4,69.38],[-98.59,69.45],[-98.42,69.48],[-98.54,69.6],[-97.98,69.45],[-98.34,69.62],[-98.01,69.9],[-96.18,69.31],[-96.13,69.04],[-96.02,69.25],[-95.83,68.89],[-95.16,68.87]]],[[[-112.04,72.28],[-111.22,72.46],[-111.34,72.35],[-111.01,72.28],[-111.06,72.39],[-110.67,72.57],[-110.52,72.47],[-110.29,72.42],[-110.51,72.49],[-109.77,72.49],[-110.27,72.66],[-109.81,72.72],[-110.72,72.96],[-109.89,72.97],[-109.33,72.77],[-109.06,72.74],[-108.99,72.58],[-108.65,72.62],[-108.63,72.33],[-108.2,71.96],[-108.31,71.8],[-107.83,71.61],[-107.84,71.72],[-107.27,71.91],[-107.74,72.14],[-107.83,72.58],[-107.99,72.63],[-108.23,73.17],[-107.86,73.19],[-108.08,73.26],[-108.02,73.34],[-107.01,73.17],[-107.05,73.27],[-106.77,73.29],[-105.34,72.79],[-105.42,72.7],[-104.84,71.9],[-104.33,71.59],[-104.64,71.13],[-104.55,71.06],[-103.54,70.61],[-102.88,70.51],[-103.11,70.61],[-103.01,70.69],[-101.88,70.27],[-101.66,70.32],[-101.58,70.16],[-101.01,70.21],[-100.85,69.81],[-100.94,69.68],[-101.26,69.67],[-101.42,69.91],[-101.66,69.69],[-102.23,69.93],[-102.33,69.77],[-102.67,69.78],[-102.49,69.67],[-102.59,69.55],[-103.45,69.7],[-103.0,69.5],[-103.17,69.11],[-102.82,69.4],[-102.29,69.51],[-101.91,69.41],[-102.21,69.22],[-101.72,69.17],[-101.81,69.0],[-102.89,68.8],[-105.13,68.9],[-105.25,68.96],[-104.88,69.07],[-106.39,69.18],[-106.26,69.31],[-106.59,69.5],[-107.39,69.0],[-108.54,68.94],[-109.01,68.73],[-113.25,68.46],[-113.0,68.5],[-113.66,68.9],[-113.55,69.02],[-113.7,69.17],[-113.38,69.17],[-116.49,69.4],[-117.4,69.99],[-114.55,70.32],[-112.53,70.2],[-111.5,70.27],[-111.47,70.34],[-113.95,70.71],[-117.61,70.61],[-118.41,71.0],[-115.35,71.47],[-115.65,71.56],[-118.16,71.38],[-118.3,71.47],[-117.66,71.57],[-118.9,71.6],[-119.12,71.79],[-118.58,72.17],[-118.08,72.24],[-118.53,72.39],[-118.49,72.5],[-117.32,72.92],[-114.68,73.37],[-113.93,73.15],[-113.94,72.81],[-114.57,72.58],[-113.41,72.67],[-113.58,72.78],[-112.89,73.0],[-111.19,72.72],[-111.4,72.48],[-112.04,72.28]]],[[[-97.12,72.01],[-96.47,72.04],[-96.73,71.92],[-96.47,71.9],[-97.49,71.62],[-98.17,71.65],[-98.31,71.87],[-98.48,71.75],[-98.04,71.54],[-98.7,71.29],[-98.95,71.4],[-99.21,71.37],[-99.35,71.6],[-100.61,72.18],[-101.81,72.32],[-102.74,72.77],[-102.5,73.03],[-102.12,73.09],[-101.0,72.69],[-100.37,72.75],[-100.47,72.96],[-100.35,73.05],[-100.31,72.87],[-100.06,72.89],[-100.11,73.05],[-99.99,73.04],[-100.58,73.14],[-100.34,73.29],[-99.75,73.2],[-100.26,73.36],[-100.9,73.27],[-101.54,73.47],[-100.91,73.61],[-100.5,73.45],[-100.55,73.59],[-101.11,73.73],[-100.54,73.86],[-100.02,73.77],[-99.85,73.85],[-100.29,73.87],[-99.76,73.93],[-99.22,73.74],[-97.19,73.85],[-96.91,73.69],[-97.66,73.49],[-97.19,73.47],[-97.15,73.35],[-98.69,73.01],[-98.34,73.04],[-98.43,72.85],[-97.84,73.05],[-97.21,72.93],[-97.28,72.86],[-97.0,72.74],[-97.17,72.66],[-97.08,72.61],[-96.53,72.76],[-96.27,72.42],[-96.65,72.31],[-96.49,72.07],[-97.12,72.01]]],[[[-120.23,72.27],[-120.12,72.15],[-120.44,71.95],[-120.38,71.69],[-120.55,71.52],[-121.72,71.45],[-122.79,71.08],[-123.32,71.16],[-124.05,71.7],[-125.21,71.98],[-126.01,71.97],[-125.73,72.01],[-125.32,72.48],[-124.95,72.57],[-125.11,72.88],[-124.46,72.94],[-124.86,73.1],[-124.06,73.53],[-124.05,73.67],[-123.8,73.75],[-124.77,74.34],[-121.54,74.56],[-119.61,74.21],[-119.77,74.11],[-119.09,74.21],[-119.1,74.0],[-118.61,74.23],[-117.39,74.23],[-115.3,73.49],[-119.11,72.64],[-119.38,72.33],[-120.23,72.27]]],[[[-97.04,72.96],[-97.12,73.09],[-96.8,73.19],[-96.54,73.05],[-97.04,72.96]]],[[[-107.0,73.46],[-106.49,73.71],[-105.07,73.75],[-104.44,73.54],[-104.53,73.33],[-105.22,72.86],[-106.42,73.4],[-107.0,73.46]]],[[[-99.42,73.91],[-97.63,74.05],[-98.07,73.89],[-99.42,73.91]]],[[[-104.91,75.13],[-104.23,75.43],[-103.57,75.16],[-104.91,75.13]]],[[[-106.85,75.97],[-106.58,76.06],[-105.52,75.91],[-105.35,75.67],[-105.99,75.05],[-107.2,74.91],[-107.75,75.1],[-107.91,74.93],[-108.34,74.91],[-108.79,75.07],[-112.69,74.4],[-113.69,74.45],[-114.42,74.69],[-112.84,74.98],[-111.67,74.99],[-110.89,75.24],[-112.37,75.13],[-112.29,75.21],[-112.62,75.27],[-112.77,75.12],[-113.9,75.06],[-113.8,75.32],[-113.43,75.4],[-114.03,75.45],[-114.15,75.22],[-114.57,75.28],[-114.27,75.17],[-114.44,75.06],[-115.03,74.96],[-115.2,75.16],[-115.68,74.97],[-116.33,75.2],[-117.65,75.25],[-117.23,75.47],[-115.97,75.49],[-115.11,75.68],[-117.22,75.58],[-116.88,75.79],[-114.79,75.89],[-116.72,75.9],[-116.45,75.99],[-116.66,76.03],[-116.61,76.12],[-116.21,76.2],[-114.78,76.16],[-115.9,76.29],[-114.89,76.5],[-114.15,76.47],[-113.94,76.2],[-112.41,76.18],[-112.38,76.04],[-111.68,75.92],[-112.12,75.82],[-111.43,75.84],[-111.2,75.52],[-108.93,75.48],[-108.8,75.62],[-108.93,75.71],[-110.05,75.89],[-109.28,76.11],[-110.38,76.42],[-109.29,76.8],[-108.39,76.71],[-108.69,76.63],[-108.49,76.56],[-108.57,76.42],[-108.09,76.26],[-108.4,76.06],[-107.58,75.99],[-108.01,75.8],[-107.0,75.89],[-106.9,75.67],[-106.85,75.97]]],[[[-117.78,76.11],[-117.44,76.1],[-118.58,75.5],[-119.4,75.61],[-117.78,76.11]]],[[[-97.94,75.51],[-97.84,75.41],[-98.04,75.41],[-97.86,75.36],[-98.1,75.31],[-97.55,75.14],[-99.54,74.97],[-100.35,75.02],[-100.53,75.19],[-100.03,75.24],[-100.77,75.35],[-99.66,75.51],[-100.29,75.52],[-99.7,75.6],[-99.79,75.66],[-102.55,75.5],[-102.85,75.62],[-102.1,75.71],[-102.36,75.81],[-102.13,75.88],[-101.27,75.75],[-100.92,75.81],[-101.34,75.78],[-101.59,75.93],[-101.29,76.01],[-101.9,76.07],[-101.46,76.23],[-102.15,76.23],[-101.87,76.45],[-101.28,76.41],[-101.1,76.24],[-99.71,75.91],[-99.6,75.95],[-100.23,76.13],[-99.67,76.14],[-100.5,76.26],[-100.03,76.32],[-100.98,76.49],[-99.68,76.63],[-99.12,76.4],[-98.84,76.46],[-98.99,76.61],[-98.51,76.63],[-98.86,76.67],[-98.38,76.66],[-97.66,76.49],[-97.78,76.31],[-97.47,76.17],[-97.61,75.82],[-97.88,75.75],[-97.34,75.68],[-97.26,75.4],[-97.72,75.57],[-97.94,75.51]]],[[[-102.61,75.96],[-101.96,75.95],[-102.58,75.77],[-103.37,75.77],[-102.61,75.96]]],[[[-103.34,75.91],[-103.93,75.94],[-102.55,76.09],[-102.25,76.03],[-103.34,75.91]]],[[[-102.49,76.22],[-104.07,76.04],[-104.48,76.15],[-103.08,76.31],[-102.49,76.22]]],[[[-104.45,76.39],[-104.65,76.59],[-104.1,76.67],[-102.98,76.44],[-103.26,76.34],[-104.38,76.34],[-104.04,76.36],[-104.45,76.39]]],[[[-118.43,76.72],[-118.3,76.55],[-118.94,76.5],[-118.53,76.34],[-119.06,76.09],[-119.63,76.31],[-119.6,76.17],[-119.78,76.11],[-119.47,75.99],[-119.93,75.85],[-120.46,75.83],[-120.43,76.01],[-120.83,76.18],[-121.01,76.14],[-120.9,75.96],[-121.27,75.91],[-121.93,76.04],[-122.42,75.87],[-122.68,75.9],[-122.46,76.11],[-122.57,76.17],[-123.02,76.09],[-122.53,76.37],[-121.5,76.44],[-121.18,76.69],[-120.87,76.7],[-120.4,76.8],[-119.18,77.32],[-117.21,77.29],[-116.66,77.37],[-117.07,77.44],[-116.4,77.56],[-115.42,77.32],[-116.33,77.12],[-115.71,76.94],[-116.34,76.94],[-115.87,76.7],[-117.02,76.54],[-116.91,76.38],[-117.07,76.3],[-118.0,76.41],[-117.72,76.78],[-118.43,76.72]]],[[[-113.45,76.77],[-114.84,76.77],[-114.58,76.87],[-113.45,76.77]]],[[[-106.09,77.73],[-105.38,77.69],[-104.34,77.2],[-105.22,77.16],[-106.09,77.73]]],[[[-109.55,78.07],[-110.88,77.86],[-110.02,77.74],[-110.12,77.53],[-110.87,77.4],[-112.45,77.37],[-113.18,77.52],[-113.29,77.79],[-113.17,77.92],[-109.55,78.07]]],[[[-101.25,77.85],[-100.9,77.73],[-102.07,77.68],[-102.52,77.79],[-101.25,77.85]]],[[[-115.08,77.96],[-114.33,78.07],[-113.54,77.82],[-114.28,77.7],[-115.08,77.96]]],[[[-109.23,78.48],[-109.43,78.31],[-113.31,78.34],[-110.66,78.75],[-109.23,78.48]]],[[[-98.93,78.06],[-99.14,77.86],[-99.9,77.78],[-100.6,77.9],[-101.01,78.17],[-102.01,78.29],[-102.81,78.3],[-102.66,78.37],[-104.41,78.26],[-105.02,78.5],[-103.5,78.51],[-103.42,78.61],[-104.03,78.63],[-103.32,78.74],[-104.2,78.77],[-103.9,78.87],[-104.12,78.98],[-104.97,78.79],[-104.68,79.02],[-105.53,79.02],[-105.62,79.14],[-105.31,79.31],[-103.08,79.29],[-102.62,79.1],[-102.73,78.96],[-102.56,78.87],[-101.83,79.09],[-100.96,78.94],[-101.18,78.8],[-100.35,78.83],[-99.49,78.59],[-99.85,78.44],[-98.93,78.06]]],[[[-100.14,79.89],[-100.2,80.04],[-98.88,80.08],[-98.62,79.78],[-98.87,79.67],[-100.14,79.89]]],[[[-86.19,-78.24],[-86.36,-78.24],[-85.94,-78.21],[-86.1,-78.28],[-85.67,-78.26],[-86.04,-78.33],[-85.98,-78.36],[-85.58,-78.38],[-86.01,-78.46],[-86.31,-78.29],[-86.19,-78.24]]],[[[-85.5,-78.03],[-86.01,-78.21],[-86.46,-78.13],[-85.5,-78.03]]],[[[-86.55,-77.8],[-85.94,-77.83],[-86.13,-77.89],[-85.68,-77.94],[-86.35,-78.03],[-86.04,-77.98],[-86.55,-77.8]]],[[[-83.67,64.0],[-83.61,63.77],[-84.28,63.61],[-84.53,63.33],[-85.22,63.11],[-85.62,63.19],[-85.71,63.73],[-86.87,63.56],[-87.17,63.58],[-87.21,63.71],[-86.18,64.09],[-86.39,64.59],[-86.12,64.92],[-86.14,65.38],[-85.95,65.75],[-85.48,65.92],[-85.02,65.62],[-85.27,65.54],[-84.9,65.22],[-84.64,65.25],[-84.7,65.36],[-84.47,65.48],[-84.21,65.27],[-83.39,65.14],[-83.15,64.94],[-81.82,64.55],[-81.58,64.16],[-81.98,64.0],[-81.29,64.08],[-80.93,64.0],[-80.91,64.12],[-80.51,63.94],[-80.67,63.87],[-80.15,63.76],[-80.74,63.74],[-80.5,63.69],[-81.02,63.44],[-82.48,63.66],[-82.42,63.92],[-83.15,63.98],[-83.02,64.18],[-83.67,64.0]]],[[[-85.11,65.76],[-85.15,66.0],[-84.84,65.98],[-84.56,65.69],[-84.74,65.55],[-85.11,65.76]]],[[[-86.43,68.24],[-86.44,67.78],[-86.92,67.91],[-86.81,68.0],[-86.95,68.1],[-86.68,68.29],[-86.43,68.24]]],[[[-95.37,69.41],[-95.72,69.34],[-95.64,69.54],[-95.79,69.59],[-95.81,69.34],[-95.98,69.37],[-95.91,69.61],[-95.32,69.57],[-95.37,69.41]]],[[[-96.16,69.59],[-96.06,69.46],[-96.13,69.36],[-96.7,69.59],[-96.16,69.59]]],[[[-84.95,70.95],[-84.73,71.0],[-84.74,71.42],[-84.51,71.47],[-84.6,71.68],[-85.28,71.68],[-86.03,72.01],[-85.53,72.06],[-85.49,72.26],[-85.22,72.27],[-84.15,72.01],[-84.94,72.29],[-84.41,72.39],[-85.57,72.52],[-85.69,72.66],[-85.56,72.97],[-83.93,72.75],[-85.54,73.04],[-85.41,73.14],[-85.14,73.05],[-85.22,73.14],[-83.61,72.98],[-85.17,73.22],[-84.76,73.39],[-84.32,73.23],[-84.64,73.4],[-83.65,73.39],[-84.0,73.51],[-82.86,73.72],[-81.44,73.69],[-81.2,73.52],[-81.17,73.26],[-80.51,73.09],[-80.63,72.93],[-80.24,72.77],[-81.38,72.24],[-80.5,72.52],[-80.89,72.19],[-80.54,72.07],[-81.08,72.06],[-80.77,72.02],[-80.94,71.89],[-80.32,72.07],[-80.49,72.18],[-80.22,72.31],[-79.68,72.13],[-80.14,72.32],[-79.78,72.5],[-79.63,72.28],[-79.34,72.41],[-78.98,72.29],[-79.18,71.97],[-78.5,71.87],[-78.92,72.02],[-78.84,72.18],[-77.73,71.75],[-78.88,72.23],[-78.59,72.36],[-78.41,72.17],[-78.41,72.32],[-77.5,72.19],[-76.98,72.13],[-77.5,72.2],[-77.28,72.5],[-77.57,72.21],[-78.55,72.46],[-77.37,72.76],[-75.16,72.49],[-74.92,72.25],[-75.89,72.11],[-76.38,71.86],[-75.75,72.11],[-75.22,72.08],[-75.58,71.99],[-75.79,71.75],[-76.07,71.7],[-75.77,71.73],[-75.51,71.99],[-75.02,72.12],[-74.24,72.07],[-74.1,71.96],[-74.23,71.82],[-75.76,71.58],[-74.6,71.66],[-74.87,71.53],[-74.68,71.39],[-75.0,71.21],[-74.62,71.37],[-74.38,71.28],[-74.74,71.53],[-74.26,71.73],[-73.57,71.76],[-74.29,71.41],[-74.01,71.44],[-74.15,71.32],[-74.03,71.28],[-73.84,71.54],[-73.58,71.57],[-73.61,71.43],[-73.37,71.4],[-73.73,71.09],[-74.16,71.2],[-73.77,71.05],[-73.86,70.96],[-73.4,71.35],[-73.03,71.28],[-73.24,71.23],[-73.2,71.12],[-72.97,71.26],[-72.94,71.33],[-72.98,71.41],[-72.75,71.43],[-72.57,71.66],[-71.54,71.5],[-71.13,71.25],[-71.46,71.07],[-71.98,71.1],[-72.63,70.83],[-72.17,70.84],[-72.49,70.65],[-72.98,70.76],[-72.23,70.46],[-72.54,70.61],[-71.27,70.88],[-70.79,71.12],[-70.6,71.06],[-70.5,70.92],[-71.16,70.59],[-71.59,70.61],[-71.81,70.43],[-71.78,70.31],[-71.27,70.34],[-71.48,70.08],[-70.99,70.63],[-69.75,70.86],[-70.47,70.6],[-70.33,70.51],[-70.4,70.61],[-69.43,70.79],[-68.27,70.53],[-68.42,70.38],[-68.58,70.47],[-68.68,70.33],[-69.63,70.2],[-70.16,70.03],[-69.81,69.98],[-70.43,69.86],[-70.6,70.01],[-69.85,69.13],[-70.41,69.84],[-69.76,69.97],[-69.63,70.15],[-68.63,70.17],[-69.38,69.83],[-69.78,69.82],[-69.97,69.63],[-69.72,69.81],[-69.39,69.78],[-68.21,70.1],[-68.35,70.19],[-68.14,70.3],[-67.58,70.17],[-67.11,69.73],[-68.05,69.77],[-68.31,69.62],[-70.05,69.54],[-68.72,69.59],[-66.81,69.36],[-66.66,69.19],[-69.03,69.35],[-69.13,69.31],[-68.07,69.22],[-68.68,69.23],[-68.49,69.21],[-68.92,69.12],[-68.95,68.99],[-68.38,69.18],[-67.78,69.04],[-68.38,68.99],[-67.96,68.86],[-68.45,68.89],[-67.75,68.78],[-69.33,68.81],[-68.04,68.68],[-68.83,68.61],[-68.46,68.61],[-68.72,68.57],[-67.49,68.54],[-67.61,68.51],[-67.6,68.39],[-66.65,68.44],[-67.86,68.3],[-67.04,68.33],[-67.32,68.21],[-66.75,68.23],[-66.94,68.01],[-66.66,68.14],[-66.7,67.98],[-66.52,68.15],[-66.29,68.13],[-66.47,68.08],[-66.2,68.03],[-66.38,67.86],[-66.72,67.87],[-66.37,67.78],[-66.25,67.96],[-65.94,68.02],[-66.02,67.6],[-65.67,68.0],[-65.45,67.99],[-65.61,67.78],[-65.36,67.62],[-65.53,67.78],[-65.41,67.92],[-64.71,67.98],[-65.1,67.84],[-64.99,67.8],[-65.21,67.65],[-64.5,67.81],[-64.06,67.61],[-64.12,67.48],[-63.94,67.34],[-64.78,67.36],[-64.23,67.28],[-64.76,67.19],[-63.95,67.26],[-64.61,67.13],[-64.69,67.01],[-63.45,67.22],[-63.78,66.98],[-63.08,67.32],[-62.96,67.22],[-63.29,67.11],[-63.24,66.96],[-63.49,66.92],[-63.73,66.81],[-63.43,66.91],[-63.4,66.7],[-63.33,66.9],[-62.85,66.94],[-62.86,66.65],[-62.77,66.93],[-62.32,66.73],[-62.42,66.93],[-62.02,67.05],[-62.1,66.91],[-61.74,66.94],[-61.96,66.89],[-61.59,66.86],[-61.28,66.6],[-61.53,66.52],[-61.79,66.61],[-61.56,66.46],[-61.98,66.4],[-61.55,66.33],[-62.6,66.43],[-62.31,66.29],[-62.69,66.2],[-62.89,66.32],[-62.7,66.18],[-61.94,66.03],[-62.32,65.96],[-62.96,66.13],[-62.28,65.8],[-62.84,65.89],[-62.56,65.74],[-62.85,65.75],[-62.6,65.66],[-62.66,65.57],[-62.91,65.75],[-62.95,65.57],[-63.18,65.64],[-63.5,65.93],[-63.35,65.66],[-63.94,65.65],[-63.33,65.58],[-63.59,65.58],[-63.29,65.42],[-63.62,65.45],[-63.33,65.14],[-63.53,64.88],[-64.14,65.04],[-64.15,65.19],[-64.33,65.13],[-64.41,65.27],[-64.26,65.39],[-64.47,65.29],[-64.56,65.07],[-64.91,65.33],[-64.43,65.43],[-65.16,65.43],[-64.83,65.63],[-65.34,65.56],[-64.81,65.72],[-65.5,65.74],[-64.36,66.33],[-64.99,66.18],[-64.84,66.17],[-64.93,66.07],[-65.94,65.96],[-65.51,66.23],[-65.49,66.38],[-65.98,66.1],[-66.49,66.21],[-66.47,66.31],[-66.76,66.37],[-66.67,66.59],[-67.07,66.48],[-67.32,66.58],[-67.74,66.57],[-67.15,66.45],[-67.11,66.3],[-67.27,66.26],[-67.94,66.5],[-67.7,66.23],[-67.15,66.04],[-67.22,65.91],[-67.79,65.88],[-68.36,66.06],[-68.13,65.8],[-67.8,65.81],[-67.98,65.51],[-67.26,65.64],[-67.41,65.49],[-67.05,65.46],[-67.15,65.26],[-66.91,65.21],[-66.96,65.1],[-66.74,65.17],[-66.72,64.75],[-66.67,65.03],[-66.46,64.93],[-66.12,64.86],[-66.44,64.72],[-66.43,64.52],[-66.3,64.62],[-66.41,64.71],[-66.15,64.69],[-66.02,64.85],[-65.87,64.66],[-65.95,64.88],[-65.53,64.72],[-65.71,64.49],[-65.21,64.54],[-65.05,64.41],[-65.2,64.29],[-65.59,64.3],[-65.01,64.04],[-65.13,64.02],[-64.61,63.98],[-64.96,63.81],[-64.5,63.68],[-64.51,63.25],[-64.69,63.27],[-64.96,63.64],[-65.29,63.79],[-64.95,63.59],[-65.06,63.56],[-65.08,63.4],[-64.88,63.23],[-65.01,63.17],[-64.75,63.13],[-64.76,62.96],[-64.6,62.9],[-65.12,62.98],[-64.93,62.66],[-65.18,62.56],[-65.3,62.89],[-65.58,62.82],[-65.67,63.02],[-65.89,62.92],[-65.82,63.03],[-66.14,63.1],[-66.06,62.94],[-66.63,63.03],[-67.64,63.65],[-67.81,63.68],[-67.69,63.37],[-67.93,63.53],[-68.44,63.72],[-68.96,63.74],[-68.15,63.19],[-67.56,63.07],[-67.76,63.01],[-67.74,62.94],[-67.46,63.0],[-67.63,62.96],[-67.38,62.96],[-66.34,62.44],[-66.44,62.33],[-65.88,62.2],[-66.08,62.06],[-65.95,61.87],[-66.27,61.86],[-67.55,62.18],[-68.61,62.26],[-69.22,62.45],[-69.25,62.63],[-69.35,62.54],[-69.57,62.65],[-69.44,62.76],[-69.94,62.78],[-69.88,62.92],[-70.16,62.74],[-71.11,62.98],[-70.92,63.15],[-71.18,63.0],[-71.6,63.13],[-71.73,63.35],[-72.08,63.44],[-71.6,63.41],[-71.24,63.6],[-71.55,63.57],[-71.57,63.71],[-71.92,63.8],[-71.86,63.66],[-72.25,63.66],[-72.21,63.89],[-72.49,63.78],[-72.6,64.0],[-73.38,64.27],[-73.48,64.4],[-73.16,64.58],[-73.28,64.66],[-73.58,64.31],[-73.69,64.55],[-73.39,64.55],[-73.66,64.65],[-73.91,64.6],[-73.86,64.49],[-74.11,64.33],[-74.04,64.72],[-74.38,64.57],[-74.69,64.72],[-74.61,64.9],[-74.88,64.76],[-74.48,64.57],[-74.64,64.54],[-74.46,64.39],[-75.78,64.61],[-75.61,64.45],[-75.79,64.46],[-75.7,64.37],[-76.73,64.29],[-76.65,64.19],[-77.86,64.36],[-78.19,64.57],[-78.14,64.95],[-77.31,65.18],[-77.52,65.32],[-77.29,65.37],[-77.43,65.46],[-75.23,65.25],[-74.72,65.43],[-74.53,65.33],[-74.13,65.53],[-73.54,65.45],[-73.73,65.77],[-74.46,66.16],[-73.0,66.72],[-72.81,67.02],[-72.17,67.27],[-72.36,67.31],[-72.66,67.69],[-72.57,67.76],[-72.9,67.92],[-73.0,68.24],[-73.86,68.34],[-73.72,68.66],[-74.19,68.73],[-73.88,68.56],[-74.37,68.55],[-74.9,68.81],[-74.66,68.93],[-75.48,69.02],[-76.63,68.69],[-76.5,68.86],[-76.6,69.03],[-75.61,69.08],[-75.59,69.23],[-76.66,69.56],[-76.2,69.67],[-77.19,69.64],[-76.81,69.71],[-76.92,69.78],[-76.78,69.83],[-77.47,69.87],[-77.63,69.75],[-77.67,70.2],[-78.4,70.23],[-79.08,70.5],[-78.83,70.64],[-78.98,70.63],[-79.16,70.42],[-79.58,70.41],[-78.94,70.32],[-78.68,70.06],[-78.81,69.9],[-79.7,69.87],[-81.74,70.13],[-80.74,69.78],[-80.88,69.73],[-82.99,70.31],[-81.71,69.95],[-82.14,69.8],[-83.08,70.02],[-85.65,70.12],[-85.85,70.09],[-85.22,69.99],[-85.8,70.01],[-86.55,70.25],[-86.59,70.37],[-86.31,70.51],[-86.69,70.34],[-86.98,70.47],[-87.17,70.4],[-86.98,70.29],[-87.88,70.25],[-88.87,70.55],[-89.42,70.91],[-89.17,70.97],[-89.53,71.1],[-87.98,70.94],[-87.0,71.01],[-87.71,71.14],[-87.88,71.28],[-88.07,71.23],[-89.85,71.36],[-90.02,71.6],[-89.8,71.77],[-90.11,71.94],[-89.56,72.17],[-89.95,72.34],[-89.73,72.62],[-89.47,72.67],[-89.53,72.79],[-89.32,72.77],[-89.44,72.52],[-89.26,72.79],[-89.41,72.83],[-89.33,72.99],[-88.99,73.29],[-88.0,73.65],[-86.12,73.86],[-84.84,73.74],[-85.96,73.34],[-86.73,72.73],[-86.23,72.41],[-86.42,72.28],[-86.39,72.02],[-84.81,71.29],[-86.8,71.0],[-84.83,71.16],[-84.95,70.95]],[[-61.95,66.67],[-62.13,66.61],[-61.79,66.61],[-61.95,66.67]]],[[[-95.15,72.13],[-95.12,72.47],[-95.67,72.83],[-95.57,73.18],[-95.69,73.64],[-95.58,73.75],[-94.76,73.66],[-95.28,73.99],[-93.47,74.18],[-92.29,73.94],[-91.55,74.03],[-90.16,73.9],[-92.29,72.71],[-94.29,72.77],[-93.8,72.72],[-93.44,72.45],[-94.01,72.16],[-94.01,72.0],[-94.48,72.02],[-95.17,71.98],[-95.18,72.1],[-94.76,72.16],[-95.15,72.13]]],[[[-96.6,75.01],[-96.46,75.19],[-95.86,75.38],[-96.12,75.42],[-94.41,75.61],[-93.47,75.26],[-93.39,74.9],[-93.45,74.71],[-93.72,74.64],[-94.69,74.64],[-95.99,74.87],[-96.07,75.03],[-96.31,74.9],[-96.6,75.01]]],[[[-96.13,75.46],[-96.48,75.55],[-96.83,75.35],[-97.01,75.5],[-96.33,75.66],[-95.9,75.57],[-96.13,75.46]]],[[[-90.45,76.17],[-91.62,76.26],[-90.18,76.06],[-90.95,76.01],[-91.13,75.84],[-90.04,76.01],[-89.67,75.89],[-89.78,75.82],[-89.17,75.78],[-89.25,75.62],[-89.61,75.6],[-88.93,75.43],[-88.75,75.47],[-88.92,75.61],[-88.77,75.68],[-88.26,75.47],[-87.72,75.58],[-87.55,75.45],[-87.29,75.62],[-86.35,75.42],[-86.55,75.36],[-85.54,75.4],[-86.16,75.5],[-83.95,75.82],[-81.1,75.76],[-81.28,75.65],[-79.63,75.46],[-79.48,75.27],[-80.38,75.01],[-79.4,74.91],[-79.95,74.82],[-80.34,74.94],[-80.43,74.89],[-80.11,74.8],[-80.23,74.58],[-81.8,74.46],[-82.92,74.55],[-83.11,74.65],[-83.1,74.82],[-83.51,74.9],[-83.32,74.78],[-83.46,74.59],[-84.25,74.51],[-84.91,74.5],[-85.0,74.7],[-85.23,74.49],[-85.52,74.69],[-85.61,74.5],[-86.79,74.61],[-86.61,74.47],[-88.5,74.5],[-88.41,74.74],[-88.56,74.91],[-88.82,74.67],[-89.1,74.84],[-89.07,74.72],[-89.28,74.75],[-89.15,74.6],[-89.57,74.54],[-91.03,74.71],[-90.78,74.88],[-91.24,74.73],[-91.13,74.62],[-91.58,74.65],[-92.08,74.8],[-92.05,74.96],[-92.22,75.03],[-92.05,75.1],[-92.49,75.22],[-92.38,75.45],[-92.0,75.59],[-92.11,75.85],[-93.1,76.36],[-95.38,76.23],[-95.0,76.34],[-96.13,76.5],[-95.61,76.6],[-96.97,76.73],[-96.31,76.75],[-96.89,76.89],[-96.8,76.98],[-95.44,77.06],[-94.2,76.89],[-93.66,76.91],[-93.17,76.69],[-93.63,76.42],[-93.09,76.62],[-91.43,76.69],[-90.47,76.47],[-91.52,76.5],[-91.41,76.47],[-89.18,76.23],[-90.45,76.17]]],[[[-94.42,75.95],[-94.28,75.77],[-94.71,75.76],[-94.87,75.91],[-94.42,75.95]]],[[[-89.69,76.7],[-89.87,76.6],[-89.67,76.51],[-90.08,76.48],[-90.6,76.74],[-89.87,76.82],[-89.69,76.7]]],[[[-91.21,77.39],[-91.23,77.57],[-90.21,77.61],[-89.62,77.35],[-90.35,77.2],[-91.21,77.39]]],[[[-93.57,77.44],[-95.83,77.46],[-96.3,77.61],[-95.46,77.81],[-93.08,77.66],[-93.57,77.44]]],[[[-97.72,78.09],[-96.9,78.14],[-97.95,78.22],[-97.8,78.24],[-98.43,78.5],[-98.07,78.54],[-98.41,78.77],[-96.26,78.63],[-96.29,78.53],[-94.84,78.36],[-95.42,78.23],[-94.89,78.11],[-95.11,77.95],[-97.09,77.81],[-97.02,77.92],[-97.72,78.09]]],[[[-85.82,78.92],[-86.49,78.9],[-85.81,79.07],[-85.16,79.03],[-85.82,78.92]]],[[[-87.6,80.18],[-88.05,80.1],[-87.31,80.08],[-86.97,79.95],[-87.24,79.89],[-86.93,79.91],[-87.43,79.53],[-85.68,79.61],[-84.87,79.27],[-86.99,79.0],[-86.98,78.88],[-87.61,78.64],[-87.95,78.74],[-87.91,79.0],[-88.16,78.99],[-88.23,78.82],[-87.88,78.55],[-88.22,78.45],[-88.76,78.61],[-88.54,78.4],[-88.83,78.15],[-89.97,78.59],[-89.98,78.44],[-89.44,78.16],[-90.24,78.33],[-90.77,78.32],[-90.33,78.15],[-91.32,78.16],[-92.99,78.47],[-91.67,78.56],[-93.3,78.58],[-93.82,78.77],[-93.04,78.76],[-94.29,78.98],[-93.36,79.16],[-90.74,79.22],[-92.68,79.25],[-91.13,79.39],[-93.06,79.46],[-92.97,79.39],[-94.02,79.25],[-94.4,79.43],[-95.13,79.28],[-95.74,79.49],[-94.34,79.69],[-95.9,79.65],[-96.64,79.88],[-96.2,79.92],[-96.77,80.09],[-94.5,80.0],[-94.82,80.08],[-94.27,80.18],[-95.34,80.11],[-95.73,80.17],[-95.24,80.23],[-96.64,80.33],[-95.46,80.34],[-96.11,80.49],[-95.77,80.57],[-93.82,80.52],[-94.65,80.67],[-94.14,80.72],[-95.54,80.82],[-94.92,81.06],[-94.41,80.96],[-94.1,81.03],[-94.24,81.11],[-93.1,81.15],[-94.41,81.25],[-94.29,81.34],[-91.84,81.15],[-90.61,80.64],[-90.78,80.56],[-89.1,80.47],[-89.25,80.28],[-88.74,80.13],[-88.34,80.16],[-88.68,80.27],[-88.6,80.4],[-87.67,80.4],[-87.6,80.18]]],[[[-79.06,56.35],[-79.49,55.86],[-79.76,55.79],[-79.52,56.13],[-79.86,55.83],[-80.02,55.89],[-79.51,56.32],[-79.61,56.12],[-79.41,56.21],[-79.29,56.56],[-78.88,56.31],[-79.06,56.35]]],[[[-78.68,56.17],[-78.94,56.1],[-78.85,56.35],[-78.66,56.41],[-78.68,56.17]]],[[[-69.42,60.78],[-69.81,60.52],[-69.62,60.07],[-70.8,60.02],[-69.55,59.87],[-69.65,59.7],[-69.51,59.64],[-69.74,59.52],[-69.63,59.38],[-69.76,59.32],[-69.25,59.33],[-69.54,59.15],[-69.34,59.11],[-69.54,58.85],[-69.81,59.27],[-70.32,59.28],[-70.02,58.8],[-70.16,58.78],[-70.53,58.48],[-71.41,58.19],[-71.87,58.39],[-72.66,58.47],[-73.21,58.37],[-73.23,58.16],[-75.23,58.29],[-75.12,58.13],[-75.26,58.09],[-75.68,58.46],[-76.01,58.46],[-76.12,58.28],[-75.91,58.04],[-76.26,58.12],[-76.43,57.97],[-76.29,57.86],[-76.4,57.74],[-76.13,57.62],[-76.45,57.38],[-76.42,56.54],[-76.64,57.32],[-77.01,57.84],[-77.53,58.23],[-78.56,58.67],[-78.59,58.78],[-78.59,58.92],[-78.38,58.91],[-78.15,59.2],[-77.7,59.39],[-77.94,59.4],[-77.75,59.57],[-77.83,59.69],[-77.49,59.64],[-77.59,59.76],[-77.31,59.8],[-77.43,59.92],[-77.21,60.02],[-77.65,60.06],[-77.53,60.24],[-77.79,60.4],[-77.5,60.55],[-77.84,60.63],[-77.64,60.81],[-78.23,60.78],[-77.72,61.2],[-77.79,61.46],[-77.58,61.48],[-77.81,61.69],[-78.03,61.73],[-78.19,62.26],[-77.93,62.43],[-76.77,62.52],[-75.55,62.27],[-75.86,62.17],[-75.33,62.32],[-74.58,62.12],[-74.71,62.25],[-73.69,62.48],[-72.6,62.11],[-72.68,61.88],[-72.25,61.89],[-71.98,61.66],[-72.27,61.57],[-71.97,61.6],[-71.94,61.71],[-71.52,61.58],[-71.86,61.43],[-71.57,61.41],[-71.74,61.29],[-71.44,61.17],[-70.13,61.09],[-69.89,60.8],[-69.5,61.07],[-69.42,60.78]]],[[[-69.12,59.06],[-69.35,58.94],[-69.34,59.11],[-69.12,59.06]]],[[[-79.56,62.4],[-79.27,62.24],[-79.69,61.61],[-79.86,61.58],[-80.28,61.99],[-79.93,62.37],[-79.56,62.4]]],[[[-81.88,62.91],[-81.97,62.71],[-83.03,62.21],[-83.73,62.14],[-83.95,62.42],[-83.48,62.88],[-81.88,62.91]]],[[[-77.96,63.1],[-78.57,63.45],[-77.67,63.43],[-77.57,63.18],[-77.96,63.1]]],[[[-76.82,63.62],[-76.56,63.45],[-76.96,63.4],[-77.48,63.65],[-76.82,63.62]]],[[[-83.77,65.81],[-83.17,65.71],[-83.81,65.65],[-83.66,65.75],[-84.12,65.76],[-84.15,65.97],[-84.45,66.12],[-83.64,65.91],[-83.77,65.81]]],[[[-75.19,67.44],[-76.69,67.21],[-77.22,67.45],[-77.29,67.73],[-76.74,68.22],[-76.27,68.33],[-75.0,68.14],[-75.19,67.44]]],[[[-74.78,68.01],[-74.34,68.18],[-73.44,67.99],[-73.35,67.83],[-74.42,67.78],[-74.78,68.01]]],[[[-75.0,68.68],[-74.82,68.33],[-75.37,68.5],[-75.38,68.64],[-75.0,68.68]]],[[[-78.85,69.15],[-78.71,69.34],[-78.21,69.3],[-78.82,68.92],[-79.39,68.89],[-79.21,69.09],[-78.85,69.15]]],[[[-76.9,69.12],[-77.36,69.26],[-77.34,69.41],[-76.64,69.39],[-76.9,69.12]]],[[[-77.94,69.65],[-78.86,69.49],[-78.17,69.76],[-77.94,69.65]]],[[[-80.06,69.65],[-80.0,69.5],[-80.8,69.69],[-80.34,69.81],[-79.35,69.74],[-80.06,69.65]]],[[[-71.95,70.82],[-72.23,70.92],[-71.92,71.07],[-71.35,70.99],[-71.95,70.82]]],[[[-77.19,73.51],[-76.06,72.92],[-79.34,72.74],[-79.9,72.84],[-80.17,73.05],[-80.14,73.23],[-80.87,73.34],[-80.81,73.74],[-80.16,73.71],[-80.51,73.54],[-79.97,73.72],[-77.19,73.51]]],[[[-79.4,75.8],[-79.67,75.9],[-78.79,76.09],[-79.17,75.95],[-78.87,75.85],[-79.4,75.8]]],[[[-72.01,77.3],[-72.57,77.41],[-71.67,77.42],[-71.35,77.37],[-72.01,77.3]]],[[[-63.14,82.47],[-61.72,82.49],[-61.13,82.32],[-64.37,81.73],[-68.27,81.56],[-68.93,81.65],[-68.35,81.52],[-66.65,81.51],[-69.97,81.16],[-64.46,81.48],[-68.25,80.76],[-69.52,80.37],[-70.25,80.34],[-70.31,80.46],[-70.77,80.54],[-70.35,80.41],[-70.47,80.34],[-69.93,80.25],[-70.12,80.19],[-72.39,80.21],[-71.91,80.11],[-72.2,80.05],[-70.47,80.09],[-71.43,79.92],[-70.87,79.88],[-71.11,79.79],[-72.28,79.65],[-74.25,79.88],[-74.76,79.81],[-73.39,79.74],[-73.12,79.55],[-74.93,79.49],[-75.05,79.37],[-77.15,79.53],[-75.87,79.34],[-77.99,79.36],[-74.53,79.23],[-74.73,79.19],[-74.4,79.05],[-77.71,79.2],[-78.25,79.17],[-76.06,79.1],[-78.87,79.06],[-77.68,79.01],[-78.18,78.75],[-77.6,78.98],[-75.73,78.97],[-76.21,78.89],[-74.77,78.82],[-74.81,78.64],[-74.67,78.58],[-76.63,78.52],[-75.02,78.33],[-76.89,78.21],[-75.6,78.13],[-75.9,77.96],[-78.36,77.93],[-77.71,77.6],[-78.72,77.31],[-80.77,77.33],[-81.93,77.68],[-81.67,77.54],[-81.77,77.43],[-81.15,77.33],[-82.17,77.3],[-81.87,77.17],[-81.09,77.28],[-80.14,77.19],[-80.37,77.07],[-79.25,77.22],[-78.98,77.1],[-79.4,76.93],[-78.75,76.82],[-78.1,77.02],[-77.77,76.8],[-77.81,76.65],[-78.44,76.45],[-78.78,76.56],[-79.28,76.3],[-81.06,76.13],[-80.76,76.42],[-82.07,76.51],[-81.78,76.69],[-82.24,76.63],[-82.12,76.57],[-82.24,76.51],[-82.15,76.43],[-83.04,76.43],[-83.39,76.76],[-83.54,76.68],[-83.17,76.42],[-83.7,76.42],[-84.29,76.65],[-84.22,76.45],[-85.05,76.56],[-84.44,76.3],[-86.38,76.38],[-86.2,76.52],[-86.61,76.64],[-86.29,76.52],[-86.7,76.34],[-87.41,76.46],[-87.53,76.63],[-87.41,76.42],[-87.57,76.34],[-88.33,76.38],[-88.49,76.82],[-88.7,76.72],[-88.48,76.56],[-88.6,76.44],[-88.68,76.6],[-88.89,76.41],[-89.65,76.57],[-89.41,76.67],[-89.53,76.85],[-88.4,77.12],[-86.73,77.18],[-87.24,77.29],[-86.84,77.36],[-87.72,77.36],[-87.64,77.49],[-88.23,77.66],[-88.1,77.82],[-86.49,77.84],[-85.97,77.69],[-85.73,77.45],[-84.49,77.29],[-84.62,77.38],[-83.46,77.35],[-83.83,77.45],[-83.23,77.57],[-82.35,78.07],[-83.94,77.49],[-84.86,77.54],[-84.42,77.74],[-84.93,77.6],[-85.3,77.67],[-84.94,77.85],[-85.41,77.84],[-84.3,77.89],[-85.69,77.93],[-84.28,78.08],[-85.07,78.1],[-84.95,78.17],[-84.13,78.17],[-84.95,78.21],[-84.59,78.59],[-85.52,78.1],[-86.27,78.07],[-85.96,78.3],[-86.73,78.11],[-87.52,78.13],[-87.13,78.2],[-87.5,78.21],[-87.51,78.42],[-86.82,78.75],[-85.08,78.92],[-82.34,78.56],[-82.23,78.59],[-83.27,78.83],[-81.65,78.89],[-81.76,78.92],[-81.7,79.03],[-82.53,78.89],[-84.73,79.03],[-84.51,79.15],[-83.55,79.03],[-84.31,79.19],[-84.49,79.41],[-85.14,79.64],[-86.43,79.76],[-86.38,79.97],[-85.26,79.93],[-86.52,80.01],[-86.67,80.12],[-86.53,80.3],[-83.97,80.26],[-81.63,79.63],[-79.89,79.65],[-81.51,79.71],[-81.63,79.96],[-83.23,80.32],[-78.14,80.56],[-80.01,80.61],[-76.53,80.85],[-79.0,80.88],[-78.01,81.25],[-76.79,81.44],[-78.31,81.28],[-78.72,81.12],[-79.49,81.18],[-79.19,81.1],[-79.4,80.99],[-79.2,80.97],[-80.98,80.65],[-83.14,80.54],[-81.8,80.81],[-83.39,80.68],[-83.57,80.74],[-83.15,80.82],[-83.82,80.81],[-83.6,80.77],[-83.8,80.73],[-83.83,80.54],[-85.18,80.51],[-86.76,80.59],[-85.74,80.96],[-82.61,81.16],[-85.71,81.04],[-87.54,80.62],[-89.45,80.91],[-86.7,81.0],[-85.0,81.3],[-89.73,81.01],[-90.32,81.18],[-89.24,81.22],[-89.97,81.33],[-88.78,81.5],[-87.34,81.5],[-88.42,81.56],[-90.34,81.38],[-90.86,81.44],[-89.78,81.6],[-90.3,81.69],[-91.37,81.52],[-91.46,81.58],[-91.94,81.64],[-90.61,81.87],[-89.32,81.83],[-89.2,81.88],[-89.42,81.92],[-88.09,82.09],[-84.6,81.88],[-86.9,82.21],[-85.66,82.23],[-85.44,82.3],[-85.91,82.43],[-85.18,82.48],[-83.61,82.33],[-82.95,82.11],[-83.06,82.06],[-82.55,82.07],[-83.04,82.24],[-82.67,82.28],[-79.37,81.82],[-79.88,82.02],[-82.73,82.39],[-81.69,82.49],[-82.42,82.6],[-82.22,82.67],[-80.62,82.55],[-81.57,82.81],[-79.13,82.67],[-80.42,82.89],[-79.49,82.97],[-77.15,82.86],[-75.86,82.59],[-76.22,82.46],[-75.57,82.6],[-76.33,82.75],[-75.95,82.78],[-77.45,82.98],[-74.48,83.03],[-72.7,82.7],[-72.56,82.73],[-73.64,82.94],[-71.57,83.1],[-71.77,83.02],[-70.7,82.86],[-71.47,83.02],[-69.73,83.11],[-66.38,82.93],[-68.49,82.64],[-64.88,82.91],[-64.53,82.78],[-63.58,82.83],[-63.46,82.77],[-63.73,82.71],[-63.07,82.55],[-63.14,82.47]]],[[[-71.21,62.89],[-70.18,62.59],[-70.72,62.56],[-71.21,62.89]]],[[[-71.49,70.57],[-71.16,70.52],[-71.27,70.34],[-71.68,70.36],[-71.49,70.57]]],[[[-67.79,76.57],[-67.44,76.5],[-68.16,76.48],[-68.1,76.36],[-68.69,76.22],[-66.96,75.97],[-68.42,76.07],[-69.63,76.37],[-68.03,76.58],[-68.02,76.69],[-68.61,76.68],[-67.31,76.93],[-66.92,76.65],[-67.79,76.57]]],[[[-69.23,76.67],[-70.1,76.8],[-69.56,77.0],[-70.48,76.78],[-71.38,77.02],[-70.7,77.15],[-70.91,77.19],[-69.68,77.22],[-70.79,77.07],[-70.53,76.89],[-69.68,77.04],[-69.28,76.98],[-69.02,76.74],[-68.61,76.68],[-69.23,76.67]]],[[[-66.06,77.49],[-66.67,77.72],[-66.54,77.72],[-65.31,77.45],[-65.82,77.21],[-66.57,77.06],[-66.97,77.02],[-67.93,77.16],[-66.4,77.11],[-66.17,77.19],[-69.1,77.27],[-67.62,77.39],[-66.24,77.25],[-66.66,77.41],[-66.06,77.49]]],[[[-67.79,77.51],[-68.78,77.66],[-68.6,77.53],[-69.21,77.45],[-70.29,77.56],[-69.48,77.75],[-70.71,77.69],[-70.0,77.84],[-71.63,77.86],[-70.86,78.05],[-69.74,78.01],[-68.16,77.65],[-66.67,77.72],[-67.79,77.51]]],[[[-69.11,77.03],[-69.01,77.14],[-69.61,77.22],[-67.93,77.16],[-69.11,77.03]]],[[[-68.79,78.83],[-69.17,78.92],[-67.17,79.15],[-65.76,79.2],[-65.48,79.0],[-66.93,78.92],[-67.24,78.86],[-67.02,78.66],[-69.63,78.35],[-72.85,78.31],[-72.55,78.52],[-68.79,78.83]]],[[[-68.23,60.22],[-68.44,60.25],[-68.24,60.58],[-67.83,60.47],[-68.23,60.22]]],[[[-65.0,61.69],[-64.62,61.59],[-64.83,61.31],[-65.47,61.61],[-65.0,61.69]]],[[[-64.03,63.28],[-64.31,63.38],[-64.46,63.64],[-64.3,63.64],[-64.03,63.28]]],[[[-64.32,-84.58],[-64.01,-84.54],[-64.27,-84.55],[-64.55,-84.48],[-64.41,-84.47],[-63.07,-84.6],[-63.8,-84.65],[-63.67,-84.63],[-64.32,-84.58]]],[[[-64.05,59.64],[-64.07,59.55],[-63.72,59.51],[-64.06,59.38],[-63.75,59.38],[-63.79,59.24],[-63.65,59.36],[-63.51,59.31],[-63.6,59.2],[-63.38,59.27],[-63.45,59.1],[-63.97,59.07],[-63.14,59.05],[-63.31,58.94],[-63.18,58.98],[-63.23,58.86],[-63.05,58.9],[-62.9,58.82],[-63.06,58.71],[-62.88,58.72],[-63.6,58.3],[-63.27,58.46],[-62.56,58.48],[-62.7,58.27],[-62.59,58.2],[-62.98,58.15],[-63.35,57.97],[-62.45,58.17],[-62.32,58.02],[-62.65,57.94],[-61.93,57.91],[-61.97,57.78],[-62.25,57.85],[-61.98,57.72],[-62.41,57.61],[-62.79,57.81],[-62.95,57.68],[-63.34,57.78],[-63.41,57.57],[-64.57,57.21],[-64.57,57.89],[-65.1,58.34],[-64.89,58.54],[-65.39,58.69],[-65.17,59.34],[-65.37,59.48],[-65.03,59.39],[-65.54,59.71],[-65.2,59.82],[-64.84,60.37],[-64.42,60.27],[-64.56,60.17],[-64.37,60.2],[-64.5,60.07],[-64.36,60.13],[-64.39,59.94],[-64.52,59.9],[-64.37,59.93],[-64.32,60.06],[-64.17,60.04],[-64.26,59.75],[-64.16,59.69],[-63.91,59.66],[-64.05,59.64]]],[[[-65.05,80.02],[-63.78,80.15],[-64.2,80.25],[-64.53,80.09],[-66.01,80.01],[-67.07,80.06],[-67.52,80.27],[-66.75,80.55],[-65.51,80.66],[-65.71,80.71],[-63.68,81.14],[-62.78,80.75],[-63.37,81.16],[-62.79,81.22],[-61.11,81.11],[-61.04,80.99],[-60.1,80.84],[-61.68,81.05],[-62.02,80.96],[-61.39,80.65],[-59.53,80.27],[-60.88,79.97],[-65.04,79.89],[-65.05,80.02]]],[[[-63.44,-84.85],[-62.43,-84.83],[-62.05,-84.9],[-63.17,-84.9],[-63.44,-84.85]]],[[[-60.81,-62.54],[-60.77,-62.45],[-60.5,-62.55],[-60.15,-62.47],[-60.14,-62.45],[-60.08,-62.47],[-60.01,-62.51],[-60.07,-62.56],[-59.99,-62.61],[-59.81,-62.61],[-60.27,-62.76],[-60.29,-62.69],[-60.43,-62.72],[-60.34,-62.61],[-60.79,-62.67],[-60.86,-62.69],[-61.18,-62.67],[-61.13,-62.63],[-61.13,-62.62],[-61.17,-62.57],[-61.13,-62.56],[-60.81,-62.54]]],[[[-58.89,-62.16],[-58.65,-62.0],[-58.4,-61.94],[-57.63,-61.9],[-57.59,-62.01],[-58.11,-62.06],[-58.14,-62.16],[-58.26,-62.17],[-58.27,-62.08],[-58.39,-62.05],[-58.39,-62.09],[-58.57,-62.15],[-58.43,-62.15],[-58.42,-62.21],[-58.47,-62.24],[-59.03,-62.22],[-58.89,-62.16]]],[[[-56.74,-83.93],[-56.23,-83.88],[-55.98,-83.93],[-56.24,-84.01],[-55.95,-84.03],[-57.33,-84.06],[-56.4,-83.97],[-56.74,-83.93]]],[[[-55.37,-61.17],[-55.49,-61.12],[-55.36,-61.06],[-55.05,-61.1],[-54.69,-61.08],[-54.64,-61.11],[-55.03,-61.15],[-55.21,-61.28],[-55.26,-61.28],[-55.33,-61.24],[-55.37,-61.17]]],[[[-55.61,72.3],[-55.05,72.38],[-55.37,72.16],[-55.69,72.19],[-55.43,72.27],[-55.61,72.3]]],[[[-55.37,72.58],[-55.85,72.61],[-55.62,72.75],[-54.96,72.81],[-55.37,72.58]]],[[[-45.29,-60.67],[-45.71,-60.63],[-45.79,-60.58],[-46.03,-60.61],[-45.97,-60.52],[-45.73,-60.5],[-45.42,-60.55],[-45.36,-60.62],[-45.31,-60.62],[-45.2,-60.64],[-45.16,-60.67],[-45.21,-60.72],[-45.15,-60.75],[-45.21,-60.73],[-45.22,-60.72],[-45.29,-60.67]]],[[[-43.33,60.21],[-43.09,60.1],[-43.63,60.19],[-44.06,60.17],[-44.17,60.16],[-43.99,60.31],[-44.1,60.38],[-44.08,60.28],[-44.26,60.33],[-44.27,60.18],[-44.46,60.15],[-44.6,59.98],[-44.87,60.15],[-44.84,60.02],[-45.15,60.07],[-44.77,60.19],[-44.47,60.56],[-45.19,60.13],[-44.63,60.73],[-45.2,60.43],[-45.06,60.66],[-45.49,60.49],[-45.12,60.72],[-45.37,60.71],[-45.57,60.47],[-45.73,60.59],[-45.89,60.51],[-45.9,60.56],[-45.98,60.58],[-45.58,60.7],[-45.85,60.7],[-45.25,60.9],[-45.4,61.01],[-45.69,60.77],[-45.88,60.85],[-46.22,60.75],[-45.49,60.99],[-45.2,61.19],[-45.37,61.09],[-45.52,61.24],[-45.6,61.02],[-46.07,60.92],[-45.62,61.14],[-45.87,61.21],[-45.73,61.32],[-46.11,61.25],[-45.84,61.16],[-45.92,61.09],[-46.3,61.07],[-46.13,61.0],[-46.41,61.08],[-46.65,60.99],[-46.58,60.9],[-46.89,60.93],[-46.71,60.88],[-46.86,60.8],[-47.04,60.83],[-46.91,60.93],[-47.02,60.97],[-48.19,60.81],[-47.69,61.01],[-48.41,60.99],[-47.85,61.03],[-47.77,61.18],[-46.66,61.03],[-45.96,61.52],[-45.08,61.54],[-44.69,61.1],[-44.9,60.9],[-44.42,60.86],[-44.56,60.62],[-43.52,60.22],[-43.48,60.34],[-43.36,60.33],[-43.4,60.37],[-43.17,60.4],[-43.36,60.37],[-43.09,60.25],[-43.33,60.21]]],[[[-49.45,63.42],[-49.57,63.02],[-50.15,62.46],[-49.21,62.65],[-49.31,62.53],[-49.1,62.29],[-48.45,61.94],[-48.33,61.68],[-47.93,61.68],[-48.08,61.48],[-47.69,61.21],[-47.77,61.18],[-48.08,61.08],[-48.22,61.19],[-47.92,61.32],[-48.15,61.31],[-48.35,61.12],[-48.3,61.22],[-48.64,61.21],[-48.33,61.37],[-49.07,61.4],[-48.23,61.54],[-49.02,61.45],[-49.3,61.56],[-48.6,61.63],[-49.05,61.62],[-48.88,61.79],[-49.15,61.72],[-48.76,61.98],[-49.23,61.71],[-49.35,61.76],[-49.18,61.9],[-49.43,61.81],[-49.4,61.94],[-48.84,62.07],[-49.1,62.08],[-49.02,62.21],[-49.16,62.02],[-49.67,61.99],[-49.46,62.08],[-49.69,62.11],[-49.29,62.17],[-49.68,62.15],[-49.29,62.26],[-49.89,62.24],[-49.79,62.3],[-50.32,62.49],[-49.88,62.89],[-50.28,62.7],[-50.24,62.85],[-49.7,63.06],[-50.17,62.96],[-50.38,62.78],[-50.15,63.01],[-50.53,62.96],[-50.61,63.09],[-50.06,63.23],[-50.68,63.22],[-50.79,63.2],[-50.9,63.14],[-50.78,63.25],[-51.01,63.16],[-51.11,63.34],[-50.28,63.4],[-51.22,63.44],[-50.74,63.54],[-51.1,63.53],[-51.06,63.64],[-50.5,63.67],[-51.08,63.67],[-51.17,63.5],[-51.54,63.68],[-51.35,63.72],[-51.56,63.71],[-50.92,63.93],[-51.44,63.8],[-51.36,63.97],[-51.58,64.04],[-50.2,64.2],[-50.05,64.11],[-50.14,64.24],[-50.55,64.18],[-50.37,64.35],[-51.06,64.12],[-51.76,64.18],[-50.95,64.22],[-50.84,64.25],[-51.04,64.27],[-50.86,64.41],[-50.17,64.45],[-50.57,64.45],[-50.44,64.55],[-50.86,64.63],[-50.32,64.67],[-50.14,64.48],[-49.58,64.34],[-50.07,64.53],[-49.99,64.7],[-50.21,64.72],[-50.0,64.87],[-50.56,64.77],[-50.69,65.01],[-50.84,65.12],[-50.69,65.2],[-50.98,65.22],[-50.64,64.75],[-51.14,64.61],[-51.02,64.75],[-51.2,64.77],[-51.67,64.3],[-52.03,64.23],[-52.02,64.6],[-52.12,64.72],[-51.25,65.02],[-52.21,64.8],[-52.01,64.98],[-52.29,65.08],[-52.01,65.31],[-52.3,65.2],[-52.19,65.31],[-52.34,65.34],[-52.52,65.18],[-52.56,65.33],[-51.72,65.58],[-51.9,65.62],[-51.53,65.73],[-50.53,65.69],[-51.45,65.77],[-51.98,65.67],[-51.93,65.54],[-52.5,65.39],[-52.44,65.52],[-52.59,65.54],[-51.68,65.88],[-50.82,65.9],[-49.9,65.61],[-50.14,65.41],[-49.64,65.28],[-49.83,65.11],[-49.33,64.58],[-49.26,64.22],[-49.87,63.8],[-49.45,63.42]]],[[[-53.27,65.74],[-52.7,65.93],[-52.29,65.83],[-51.83,65.97],[-52.74,65.63],[-52.64,65.71],[-53.27,65.74]]],[[[-52.8,66.23],[-53.05,66.1],[-51.57,66.14],[-52.32,65.9],[-52.57,66.01],[-53.15,65.85],[-53.26,65.91],[-52.88,66.02],[-53.47,65.97],[-52.8,66.23]]],[[[-51.73,66.4],[-52.51,66.38],[-53.05,66.18],[-53.66,66.13],[-53.12,66.28],[-53.62,66.24],[-53.69,66.36],[-53.5,66.47],[-53.62,66.51],[-52.42,66.54],[-53.48,66.6],[-52.58,66.7],[-53.21,66.74],[-52.65,66.8],[-53.06,66.83],[-52.23,66.84],[-52.46,66.98],[-53.68,66.91],[-53.82,66.98],[-53.22,66.99],[-53.84,67.06],[-53.39,67.11],[-53.97,67.07],[-53.82,67.18],[-52.15,67.37],[-51.52,67.32],[-51.19,67.12],[-50.35,67.18],[-51.17,67.14],[-51.53,67.35],[-51.15,67.42],[-53.18,67.34],[-53.87,67.23],[-53.86,67.35],[-52.53,67.74],[-52.77,67.75],[-52.42,67.77],[-51.81,67.62],[-51.33,67.67],[-50.7,67.49],[-50.2,67.47],[-50.07,67.51],[-50.88,67.59],[-49.94,67.69],[-51.32,67.71],[-50.26,67.84],[-50.78,67.91],[-50.89,67.85],[-50.65,67.85],[-51.17,67.76],[-51.37,67.87],[-50.97,67.88],[-51.04,67.98],[-51.57,67.93],[-51.32,67.81],[-51.71,67.69],[-51.84,67.73],[-51.63,67.77],[-52.34,67.82],[-51.6,67.97],[-52.97,67.76],[-53.73,67.52],[-53.54,67.71],[-53.7,67.8],[-52.89,67.98],[-53.19,68.04],[-52.58,67.93],[-52.06,67.97],[-53.45,68.15],[-50.14,67.94],[-51.43,68.2],[-50.96,68.18],[-51.38,68.25],[-51.14,68.29],[-51.07,68.43],[-49.84,67.85],[-49.63,67.51],[-49.96,67.09],[-49.28,66.59],[-49.31,66.3],[-49.95,65.94],[-51.73,66.4]],[[-51.14,66.88],[-50.33,66.83],[-51.01,66.9],[-50.69,67.0],[-50.0,66.98],[-50.63,67.01],[-50.33,67.07],[-50.92,66.98],[-52.51,66.38],[-51.14,66.88]]],[[[-52.94,68.25],[-52.6,68.35],[-53.35,68.27],[-53.39,68.33],[-52.43,68.46],[-52.64,68.51],[-52.46,68.54],[-51.16,68.56],[-51.03,68.58],[-51.0,68.65],[-51.07,68.7],[-50.87,68.61],[-50.99,68.73],[-50.66,68.82],[-51.29,68.75],[-50.96,68.93],[-51.19,68.88],[-51.12,69.1],[-50.73,69.1],[-50.99,69.03],[-50.66,69.08],[-50.37,68.88],[-50.84,68.5],[-51.65,68.41],[-51.22,68.29],[-52.81,68.27],[-52.72,68.21],[-52.94,68.25]]],[[[-51.12,69.2],[-50.87,69.28],[-50.99,69.32],[-50.86,69.46],[-50.34,69.46],[-50.0,69.13],[-50.22,68.98],[-50.24,69.07],[-50.68,69.1],[-50.14,69.18],[-50.47,69.19],[-50.38,69.34],[-51.12,69.2]]],[[[-51.01,69.92],[-50.65,69.84],[-50.97,69.72],[-50.96,69.55],[-51.25,69.53],[-51.39,69.7],[-51.01,69.88],[-51.36,69.85],[-51.01,69.92]]],[[[-50.8,69.64],[-50.41,69.59],[-50.81,69.71],[-50.19,69.76],[-50.31,69.87],[-50.59,69.92],[-50.27,69.98],[-50.15,69.79],[-50.22,69.56],[-50.88,69.49],[-50.8,69.64]]],[[[-54.99,69.69],[-54.39,69.67],[-54.92,69.82],[-54.82,69.95],[-54.23,69.91],[-54.8,70.04],[-54.84,70.17],[-54.38,70.32],[-53.24,70.19],[-51.96,69.78],[-52.03,69.67],[-51.83,69.62],[-53.57,69.23],[-54.27,69.4],[-53.39,69.44],[-53.58,69.47],[-53.35,69.58],[-53.86,69.46],[-53.73,69.51],[-54.99,69.69]]],[[[-53.96,71.09],[-53.99,71.13],[-53.6,71.31],[-53.38,71.11],[-53.96,71.09]]],[[[-52.96,71.38],[-52.33,71.29],[-52.94,71.15],[-53.18,71.32],[-52.96,71.38]]],[[[-51.97,70.0],[-54.63,70.65],[-54.06,70.83],[-52.67,70.74],[-50.68,70.32],[-50.49,70.51],[-51.04,70.43],[-50.94,70.47],[-51.35,70.57],[-50.62,70.63],[-51.44,70.75],[-50.63,70.74],[-51.96,71.02],[-50.93,70.99],[-51.49,71.06],[-51.23,71.14],[-52.25,71.12],[-51.53,71.27],[-51.65,71.36],[-52.56,71.17],[-52.28,71.25],[-52.19,71.38],[-51.35,71.48],[-52.98,71.41],[-51.64,71.71],[-53.25,71.7],[-52.92,71.82],[-52.68,72.0],[-53.37,71.77],[-53.39,72.03],[-53.86,72.32],[-53.56,72.36],[-53.96,72.32],[-53.4,71.85],[-53.92,71.74],[-53.77,71.63],[-54.1,71.71],[-53.85,71.55],[-53.92,71.44],[-54.83,71.35],[-55.54,71.47],[-55.68,71.62],[-55.57,71.64],[-55.91,71.68],[-54.84,71.91],[-54.54,72.04],[-54.38,72.22],[-54.89,71.94],[-55.61,71.98],[-54.68,72.37],[-55.65,72.44],[-54.3,72.47],[-55.02,72.52],[-54.53,72.78],[-54.93,72.78],[-54.47,72.8],[-53.11,72.61],[-53.24,72.46],[-52.25,72.26],[-51.01,71.58],[-51.17,71.31],[-50.5,70.81],[-50.35,70.28],[-50.05,70.1],[-51.97,70.0]]],[[[-52.79,82.31],[-51.19,81.99],[-53.36,82.22],[-52.79,82.31]]],[[[-47.75,82.62],[-46.0,82.64],[-44.42,82.37],[-45.07,82.22],[-44.74,82.1],[-45.08,82.06],[-47.75,82.62]]],[[[-36.1,-54.55],[-35.89,-54.55],[-35.94,-54.69],[-35.78,-54.76],[-36.1,-54.76],[-35.92,-54.85],[-36.12,-54.89],[-36.52,-54.5],[-37.41,-54.27],[-37.24,-54.15],[-38.03,-54.05],[-36.63,-54.12],[-36.71,-54.18],[-36.49,-54.19],[-36.67,-54.28],[-36.29,-54.26],[-36.01,-54.5],[-36.1,-54.55]]],[[[-43.58,59.91],[-44.12,60.1],[-44.06,60.17],[-43.13,60.05],[-43.58,60.08],[-43.58,59.91]]],[[[-41.03,63.33],[-41.42,63.56],[-41.24,63.4],[-41.58,63.49],[-41.11,63.31],[-41.56,63.44],[-41.72,63.55],[-41.91,63.46],[-41.43,63.12],[-42.02,63.24],[-41.54,63.03],[-42.17,63.2],[-42.0,63.02],[-41.62,62.99],[-41.76,62.84],[-42.32,62.81],[-42.3,62.94],[-42.6,62.87],[-42.41,62.83],[-42.58,62.82],[-42.49,62.69],[-43.15,62.76],[-42.16,62.38],[-42.98,62.51],[-42.63,62.33],[-42.26,62.31],[-42.54,61.94],[-42.56,61.95],[-42.62,62.03],[-42.7,62.05],[-42.62,62.16],[-43.39,62.39],[-43.29,62.64],[-43.56,62.79],[-43.29,62.82],[-43.48,63.0],[-42.88,63.15],[-42.92,63.27],[-42.67,63.37],[-42.77,63.45],[-42.44,63.48],[-42.63,63.62],[-41.8,63.97],[-40.51,63.71],[-41.63,63.78],[-40.73,63.58],[-41.14,63.52],[-41.07,63.44],[-41.29,63.56],[-41.03,63.33]]],[[[-42.12,62.0],[-42.42,61.91],[-42.19,61.86],[-42.33,61.76],[-42.87,61.77],[-42.26,61.71],[-42.43,61.56],[-43.08,61.59],[-42.41,61.4],[-42.65,61.28],[-43.25,61.34],[-42.66,61.25],[-42.57,61.19],[-43.18,61.21],[-42.63,61.1],[-43.61,61.13],[-42.7,61.06],[-42.98,60.88],[-43.48,60.93],[-42.79,60.8],[-43.53,60.84],[-42.79,60.74],[-43.27,60.67],[-42.75,60.68],[-43.14,60.6],[-42.83,60.57],[-43.32,60.55],[-43.21,60.46],[-43.69,60.71],[-43.63,60.55],[-44.2,60.63],[-43.81,60.46],[-44.28,60.61],[-44.26,60.78],[-43.39,60.69],[-43.34,60.79],[-43.55,60.83],[-43.59,60.97],[-42.95,60.95],[-43.65,61.11],[-43.65,61.23],[-43.29,61.24],[-43.4,61.54],[-43.08,61.67],[-42.51,61.62],[-43.08,61.8],[-42.93,61.93],[-42.43,61.89],[-42.54,61.94],[-42.12,62.0]]],[[[-41.43,63.23],[-41.87,63.46],[-41.7,63.49],[-41.45,63.34],[-41.23,63.33],[-41.09,63.21],[-41.43,63.23]]],[[[-40.49,64.49],[-40.86,64.91],[-40.61,64.88],[-40.39,64.65],[-40.47,64.57],[-40.16,64.49],[-40.49,64.49]]],[[[-40.13,65.55],[-39.33,65.82],[-38.6,65.58],[-39.07,65.55],[-39.34,65.74],[-39.2,65.58],[-40.13,65.55]]],[[[-37.32,65.67],[-37.94,65.59],[-37.96,65.79],[-37.57,65.88],[-37.27,65.76],[-37.5,65.8],[-37.32,65.67]]],[[[-38.78,65.71],[-38.44,65.79],[-38.62,66.04],[-38.24,66.05],[-38.08,66.33],[-37.7,66.25],[-38.0,66.24],[-37.85,66.19],[-38.11,66.11],[-37.95,66.07],[-38.05,65.91],[-38.48,66.01],[-38.44,65.9],[-38.1,65.8],[-38.24,65.63],[-38.78,65.71]]],[[[-25.29,70.66],[-28.14,70.45],[-27.15,70.87],[-26.47,70.9],[-25.68,71.08],[-25.29,70.66]]],[[[-24.06,72.44],[-24.48,72.82],[-23.14,72.83],[-23.03,72.75],[-22.72,72.63],[-22.15,72.53],[-22.2,72.48],[-21.95,72.48],[-22.76,72.44],[-22.05,72.26],[-22.19,72.12],[-24.06,72.44]]],[[[-20.0,78.88],[-21.18,78.81],[-21.02,78.79],[-21.2,78.7],[-20.93,78.69],[-21.43,78.64],[-20.91,78.62],[-21.16,78.54],[-21.38,78.29],[-21.29,78.21],[-21.76,78.13],[-21.41,78.11],[-22.04,77.69],[-22.01,77.68],[-21.81,77.69],[-21.75,77.68],[-22.61,77.58],[-21.96,78.19],[-21.62,78.31],[-22.03,78.39],[-21.86,78.49],[-22.71,78.57],[-22.48,78.74],[-20.01,78.91],[-21.55,79.12],[-22.38,79.4],[-21.21,79.52],[-19.64,79.43],[-19.86,79.15],[-19.6,79.33],[-19.03,79.29],[-19.2,79.24],[-19.11,79.19],[-19.38,79.27],[-20.09,79.06],[-19.91,78.96],[-20.0,78.88]]],[[[-21.43,77.67],[-21.72,77.52],[-21.74,77.52],[-21.54,77.63],[-21.75,77.68],[-21.43,77.67]]],[[[-21.26,77.64],[-21.37,77.81],[-20.87,78.01],[-20.31,77.87],[-19.29,77.77],[-18.96,77.63],[-20.6,77.72],[-20.91,77.66],[-20.25,77.55],[-21.05,77.54],[-20.01,77.45],[-20.78,77.41],[-19.71,77.39],[-19.42,77.24],[-19.01,77.23],[-18.96,77.39],[-18.4,77.34],[-18.12,76.95],[-18.46,76.74],[-19.87,76.96],[-20.98,76.98],[-20.58,76.92],[-21.73,76.88],[-20.78,76.84],[-21.28,76.8],[-21.62,76.64],[-22.47,76.83],[-22.31,76.75],[-22.74,76.69],[-21.67,76.48],[-22.45,76.43],[-21.58,76.44],[-21.7,76.24],[-20.56,76.15],[-20.66,76.12],[-20.42,76.14],[-21.09,76.3],[-19.67,76.13],[-20.36,75.98],[-21.97,75.98],[-19.83,75.91],[-19.35,75.73],[-19.61,75.67],[-19.34,75.4],[-19.46,75.2],[-19.88,75.14],[-20.14,75.33],[-20.69,75.29],[-22.25,75.66],[-21.41,75.45],[-22.51,75.53],[-21.41,75.42],[-20.52,75.14],[-21.23,75.11],[-21.74,74.98],[-22.44,75.16],[-21.74,74.95],[-20.64,75.06],[-20.76,74.85],[-20.61,74.74],[-21.12,74.66],[-19.39,74.68],[-19.27,74.65],[-19.38,74.55],[-18.98,74.48],[-19.69,74.24],[-20.2,74.28],[-20.36,74.44],[-21.66,74.45],[-22.08,74.6],[-21.77,74.42],[-22.48,74.31],[-22.05,74.28],[-22.34,74.16],[-22.16,74.11],[-22.49,74.07],[-21.98,74.0],[-21.84,73.65],[-21.7,73.7],[-21.91,74.01],[-21.75,74.06],[-20.28,73.88],[-20.53,73.72],[-20.37,73.53],[-20.5,73.45],[-21.56,73.48],[-22.38,73.25],[-23.51,73.44],[-24.03,73.7],[-22.69,73.54],[-22.18,73.62],[-22.75,73.56],[-24.04,73.81],[-24.45,73.7],[-24.38,73.56],[-24.42,73.55],[-24.48,73.7],[-24.2,73.8],[-24.82,74.2],[-25.88,74.36],[-26.01,74.49],[-25.86,74.59],[-24.3,74.5],[-22.6,74.15],[-23.78,74.6],[-22.42,74.74],[-23.33,74.97],[-23.16,75.08],[-23.47,75.23],[-22.76,75.33],[-23.08,75.48],[-22.99,75.85],[-22.32,76.08],[-22.83,76.09],[-22.42,76.25],[-22.8,76.39],[-22.87,76.51],[-22.69,76.56],[-22.89,76.67],[-22.75,76.8],[-22.26,76.88],[-21.96,77.42],[-21.52,77.56],[-21.72,77.52],[-21.26,77.64]]],[[[-24.46,73.53],[-24.56,73.57],[-24.42,73.55],[-24.46,73.53]]],[[[-25.69,73.95],[-24.67,73.51],[-25.31,73.46],[-26.01,73.24],[-27.34,73.49],[-27.46,73.44],[-26.39,73.24],[-27.73,73.13],[-27.41,73.11],[-27.5,72.92],[-27.27,73.12],[-26.45,73.19],[-25.05,73.08],[-25.16,72.93],[-26.03,72.79],[-27.39,72.84],[-26.3,72.73],[-26.46,72.57],[-25.24,72.8],[-24.71,72.68],[-24.61,72.53],[-25.91,72.41],[-25.29,72.38],[-25.53,72.12],[-25.19,72.36],[-24.59,72.42],[-23.76,72.24],[-23.82,72.11],[-22.49,71.89],[-23.13,71.62],[-22.43,71.79],[-22.64,71.58],[-21.9,71.74],[-22.54,71.48],[-22.44,71.25],[-22.28,71.43],[-21.77,71.51],[-21.88,71.45],[-21.67,71.4],[-21.86,71.34],[-21.6,71.32],[-21.96,71.26],[-21.72,71.25],[-21.7,71.14],[-21.85,71.19],[-21.72,71.11],[-22.33,71.05],[-21.68,71.07],[-21.99,70.97],[-21.58,70.95],[-21.93,70.8],[-21.63,70.79],[-21.79,70.73],[-21.55,70.7],[-21.76,70.7],[-21.58,70.67],[-21.78,70.58],[-21.52,70.5],[-22.38,70.44],[-22.51,70.85],[-22.62,70.45],[-23.35,70.44],[-24.02,70.65],[-24.19,71.01],[-24.63,71.35],[-25.08,71.29],[-25.88,71.5],[-25.41,71.35],[-25.52,71.21],[-25.78,71.25],[-25.6,71.17],[-26.48,70.96],[-27.5,70.94],[-27.8,71.15],[-27.92,71.13],[-27.62,70.95],[-28.41,70.97],[-28.53,71.04],[-30.07,70.8],[-29.58,70.98],[-30.31,70.97],[-29.27,71.25],[-29.71,71.54],[-28.57,71.6],[-29.02,71.67],[-28.84,71.76],[-28.98,71.83],[-28.87,72.05],[-29.26,72.24],[-27.74,72.17],[-27.37,72.29],[-27.71,72.69],[-28.52,72.79],[-28.97,73.04],[-28.89,73.32],[-27.79,73.87],[-25.29,74.12],[-24.65,73.96],[-24.56,73.57],[-25.69,73.95]],[[-26.41,71.64],[-26.82,71.55],[-27.69,71.93],[-28.62,72.13],[-28.35,72.01],[-28.46,71.94],[-27.33,71.71],[-28.47,71.55],[-27.39,71.6],[-27.12,71.57],[-27.33,71.51],[-27.22,71.47],[-25.88,71.5],[-26.41,71.64]]],[[[-27.91,70.87],[-28.3,70.56],[-29.21,70.39],[-28.3,70.51],[-28.23,70.37],[-26.72,70.48],[-26.32,70.37],[-28.54,70.04],[-27.34,69.96],[-26.9,70.25],[-26.31,70.2],[-25.23,70.41],[-25.35,70.28],[-22.08,70.13],[-23.28,69.86],[-22.91,69.81],[-23.0,69.76],[-23.93,69.75],[-23.58,69.62],[-23.82,69.51],[-24.34,69.6],[-24.09,69.41],[-24.74,69.43],[-24.61,69.31],[-24.77,69.29],[-24.61,69.26],[-25.21,69.27],[-24.99,69.16],[-25.32,69.13],[-25.3,69.02],[-25.65,69.09],[-25.44,68.97],[-26.36,68.67],[-27.76,68.53],[-27.62,68.47],[-28.02,68.56],[-28.02,68.45],[-28.36,68.5],[-28.25,68.44],[-28.85,68.32],[-29.19,68.39],[-29.12,68.28],[-29.47,68.24],[-29.86,68.41],[-30.07,68.31],[-29.99,68.25],[-30.31,68.25],[-30.03,68.11],[-30.71,68.26],[-30.82,68.24],[-30.42,68.06],[-31.57,68.07],[-31.96,68.21],[-31.54,68.24],[-32.01,68.26],[-32.49,68.62],[-32.53,68.45],[-32.07,68.19],[-32.45,68.2],[-32.0,68.09],[-32.15,68.04],[-32.04,67.92],[-32.13,67.85],[-32.52,67.87],[-33.2,67.69],[-33.06,67.63],[-33.36,67.55],[-33.28,67.4],[-33.6,67.37],[-33.37,67.25],[-33.67,67.21],[-33.53,67.08],[-33.66,67.09],[-33.88,67.01],[-33.74,66.99],[-33.97,66.99],[-33.86,66.95],[-34.0,66.95],[-34.02,66.83],[-33.94,66.76],[-34.08,66.8],[-34.27,66.57],[-34.43,66.74],[-34.53,66.59],[-34.41,66.54],[-34.72,66.34],[-34.98,66.28],[-35.12,66.42],[-35.23,66.31],[-35.04,66.24],[-35.2,66.24],[-35.86,66.43],[-35.57,66.13],[-35.76,66.19],[-35.94,66.1],[-35.72,66.09],[-36.08,65.93],[-36.38,65.91],[-36.39,66.09],[-36.98,65.84],[-37.08,66.06],[-37.24,65.9],[-37.11,65.81],[-37.27,65.82],[-37.18,65.77],[-37.69,65.94],[-37.85,65.88],[-37.8,66.05],[-37.17,66.32],[-38.3,66.39],[-37.7,66.83],[-36.69,66.67],[-36.63,66.86],[-35.82,66.97],[-35.14,66.81],[-34.94,66.52],[-34.62,66.57],[-34.67,66.78],[-34.28,66.8],[-33.52,67.57],[-32.51,68.17],[-33.52,68.38],[-33.18,68.56],[-33.45,68.67],[-33.03,68.68],[-32.76,69.09],[-32.37,68.79],[-31.58,68.75],[-31.31,68.32],[-31.1,68.27],[-30.83,68.41],[-31.04,68.77],[-30.28,68.57],[-30.5,68.79],[-30.41,69.0],[-29.68,69.38],[-29.04,69.45],[-28.82,69.26],[-28.65,69.33],[-28.73,69.46],[-27.84,69.18],[-26.06,69.14],[-26.06,69.27],[-25.32,69.49],[-25.19,69.32],[-24.87,69.65],[-23.8,69.88],[-23.95,69.96],[-22.68,70.07],[-24.64,70.14],[-27.16,69.84],[-29.23,69.86],[-29.42,70.15],[-30.62,70.14],[-30.56,70.26],[-30.75,70.39],[-30.13,70.6],[-30.51,70.69],[-28.16,70.82],[-28.41,70.97],[-27.91,70.87]]],[[[-22.79,72.81],[-23.11,72.87],[-24.59,72.96],[-22.94,73.03],[-21.89,72.89],[-22.19,72.8],[-21.87,72.71],[-22.6,72.68],[-22.79,72.81]]],[[[-25.01,73.31],[-22.88,73.15],[-24.39,73.02],[-25.71,73.19],[-25.26,73.4],[-24.66,73.42],[-23.21,73.23],[-25.01,73.31]]],[[[-20.53,74.4],[-20.12,74.2],[-21.28,74.08],[-21.99,74.23],[-21.56,74.41],[-20.53,74.4]]],[[[-20.17,74.9],[-19.73,74.86],[-20.08,74.7],[-20.69,74.81],[-20.49,75.03],[-19.96,74.99],[-20.17,74.9]]],[[[-18.08,75.42],[-17.81,75.31],[-18.22,75.22],[-17.76,75.08],[-17.34,75.15],[-17.35,75.02],[-18.92,75.0],[-18.94,75.33],[-18.26,75.3],[-18.08,75.42]]],[[[-18.64,75.89],[-19.14,76.53],[-18.76,76.59],[-19.08,76.73],[-18.65,76.62],[-18.64,75.89]]],[[[-20.01,80.1],[-19.76,80.24],[-19.02,80.16],[-20.01,80.1]]],[[[-34.89,82.91],[-33.92,82.9],[-33.88,82.79],[-33.54,82.94],[-31.64,82.93],[-30.06,83.13],[-28.18,83.04],[-25.14,83.16],[-24.75,83.0],[-25.9,82.78],[-23.99,82.91],[-23.84,82.89],[-24.02,82.76],[-23.38,82.85],[-21.31,82.61],[-22.48,82.33],[-25.07,82.15],[-31.62,82.21],[-29.9,82.09],[-33.1,81.77],[-32.96,81.76],[-33.02,81.66],[-29.0,81.99],[-25.2,81.99],[-25.43,81.75],[-27.63,81.49],[-27.25,81.45],[-27.18,81.41],[-27.57,81.39],[-27.33,81.38],[-24.21,81.71],[-24.0,82.01],[-22.3,82.08],[-22.02,81.93],[-21.97,81.73],[-22.23,81.47],[-22.96,81.29],[-22.76,81.26],[-24.51,80.54],[-23.67,80.72],[-23.56,80.89],[-22.76,80.99],[-20.77,81.58],[-19.94,81.68],[-20.25,81.62],[-20.31,81.45],[-19.46,81.56],[-17.98,81.47],[-18.19,81.58],[-17.78,81.55],[-17.61,81.61],[-17.86,81.73],[-17.27,81.7],[-17.53,81.85],[-16.7,81.93],[-14.77,81.92],[-12.16,81.6],[-14.03,81.14],[-14.95,81.14],[-15.14,81.08],[-14.65,80.95],[-16.0,80.73],[-17.93,80.82],[-18.58,80.62],[-20.09,80.69],[-21.25,80.57],[-17.44,80.63],[-16.11,80.5],[-17.14,80.23],[-19.85,80.28],[-20.55,80.11],[-20.36,80.08],[-21.17,79.7],[-23.59,79.59],[-24.99,79.79],[-26.07,80.28],[-27.58,80.37],[-26.96,80.5],[-29.22,80.64],[-29.83,80.82],[-29.93,81.02],[-27.36,81.44],[-31.78,81.39],[-32.62,81.44],[-33.62,81.76],[-35.69,81.49],[-36.22,81.6],[-34.79,81.81],[-37.33,81.8],[-36.69,82.0],[-36.84,82.07],[-38.28,81.93],[-39.86,82.23],[-42.27,82.34],[-42.39,82.3],[-41.96,82.19],[-44.92,81.61],[-45.42,81.39],[-48.22,81.34],[-49.7,81.84],[-49.98,81.82],[-49.49,81.64],[-49.89,81.59],[-50.24,81.63],[-49.83,81.34],[-52.1,81.18],[-53.33,81.3],[-56.96,81.24],[-59.29,81.43],[-61.02,81.19],[-61.31,81.36],[-60.77,81.5],[-61.45,81.74],[-60.09,81.94],[-58.96,81.87],[-58.64,81.67],[-56.48,81.33],[-57.53,81.6],[-58.14,81.66],[-58.5,81.88],[-59.47,82.0],[-55.9,82.27],[-55.11,82.16],[-55.6,82.28],[-54.5,82.36],[-53.56,82.12],[-53.51,81.89],[-53.82,81.69],[-53.65,81.53],[-53.46,81.56],[-53.54,81.68],[-52.94,81.86],[-53.03,82.01],[-52.9,82.03],[-49.61,81.64],[-51.07,81.93],[-49.43,81.93],[-50.69,82.18],[-51.12,82.49],[-50.37,82.52],[-49.12,82.46],[-44.64,81.75],[-44.17,81.84],[-44.93,81.99],[-44.4,82.1],[-44.79,82.18],[-44.62,82.28],[-42.3,82.22],[-43.83,82.34],[-43.73,82.4],[-45.77,82.76],[-42.14,82.76],[-41.59,82.48],[-41.61,82.64],[-41.9,82.73],[-41.7,82.74],[-40.2,82.56],[-39.91,82.36],[-39.76,82.5],[-40.01,82.56],[-39.87,82.61],[-39.96,82.69],[-41.6,82.82],[-45.99,82.84],[-46.89,82.96],[-45.98,82.91],[-46.7,83.01],[-46.03,83.09],[-45.11,82.93],[-43.39,82.91],[-45.52,83.12],[-42.87,83.09],[-43.98,83.2],[-42.69,83.27],[-41.71,83.17],[-41.93,83.09],[-41.63,83.13],[-40.55,82.97],[-39.45,82.96],[-38.57,82.74],[-38.48,82.83],[-39.15,82.98],[-37.27,83.0],[-38.8,83.05],[-36.88,83.15],[-38.86,83.25],[-38.69,83.31],[-38.86,83.43],[-37.8,83.36],[-38.06,83.43],[-37.63,83.5],[-36.44,83.36],[-36.9,83.49],[-34.36,83.6],[-33.88,83.45],[-33.75,83.49],[-34.08,83.57],[-32.52,83.62],[-25.65,83.29],[-26.96,83.14],[-30.05,83.17],[-31.93,83.05],[-33.39,83.15],[-32.47,83.05],[-35.62,82.9],[-35.3,82.89],[-35.55,82.76],[-34.89,82.91]],[[-53.63,81.51],[-53.47,81.5],[-53.65,81.53],[-53.63,81.51]]],[[[-19.75,81.87],[-20.78,82.13],[-20.31,82.13],[-19.75,81.87]]],[[[-39.57,83.0],[-40.55,83.15],[-39.28,83.08],[-39.57,83.0]]],[[[-38.8,83.17],[-38.64,83.12],[-40.67,83.28],[-40.4,83.34],[-40.51,83.36],[-38.8,83.17]]],[[[13.89,62.97],[12.86,62.86],[13.08,62.66],[12.93,62.48],[12.41,62.45],[12.71,62.27],[11.49,62.59],[10.83,62.32],[10.53,62.38],[10.71,62.3],[10.61,62.19],[10.44,62.17],[10.84,61.97],[10.79,61.79],[10.34,61.84],[10.87,61.62],[11.24,61.25],[11.27,60.94],[10.73,61.08],[10.23,61.59],[9.67,61.7],[9.28,62.04],[8.14,62.26],[9.34,61.84],[8.03,61.94],[9.68,61.63],[9.41,61.52],[10.1,61.5],[10.11,61.26],[9.6,61.35],[10.28,61.05],[9.43,61.02],[8.98,61.24],[9.17,61.03],[8.86,61.16],[8.52,61.15],[8.92,61.09],[9.42,60.65],[8.66,60.82],[8.84,60.72],[8.26,60.73],[8.51,60.65],[8.14,60.65],[8.03,60.51],[8.92,60.67],[9.55,60.35],[9.57,60.15],[8.67,60.28],[9.03,60.07],[8.75,59.99],[8.94,59.76],[8.48,59.66],[8.46,59.52],[7.53,59.75],[7.99,59.32],[7.83,59.25],[8.44,58.89],[8.0,59.08],[8.36,58.82],[8.1,58.86],[8.09,58.64],[7.76,58.77],[7.69,58.58],[7.47,58.56],[7.35,58.74],[7.33,58.5],[7.06,58.6],[7.15,58.32],[7.04,58.19],[6.26,58.67],[6.2,58.97],[6.07,58.92],[5.92,59.08],[6.5,59.32],[6.05,59.32],[6.27,59.5],[5.98,59.36],[6.17,59.48],[5.88,59.54],[5.71,59.4],[5.92,59.34],[5.69,59.26],[5.65,59.5],[5.48,59.43],[5.62,59.46],[5.57,59.27],[5.26,59.43],[5.53,59.73],[5.47,59.49],[5.61,59.68],[5.92,59.64],[5.8,59.67],[6.0,59.85],[5.72,59.86],[6.29,60.13],[6.08,60.18],[6.36,60.37],[6.64,60.4],[6.52,60.09],[6.67,60.37],[7.11,60.49],[5.95,60.39],[5.86,60.54],[6.05,60.61],[6.0,60.75],[6.34,60.78],[6.0,60.8],[6.25,60.98],[5.68,60.81],[5.6,61.01],[5.97,61.12],[6.38,61.01],[6.62,61.17],[7.01,61.05],[6.83,60.89],[7.05,60.97],[7.1,60.86],[7.04,61.09],[7.69,61.22],[7.3,61.29],[7.57,61.48],[7.27,61.38],[7.31,61.16],[6.56,61.21],[6.72,61.41],[6.42,61.11],[6.04,61.21],[5.21,61.1],[5.08,61.2],[5.26,61.19],[4.96,61.23],[5.62,61.36],[4.94,61.41],[5.82,61.46],[5.17,61.51],[5.43,61.58],[4.97,61.63],[4.97,61.73],[5.36,61.9],[5.73,61.85],[5.63,61.8],[5.93,61.85],[5.91,61.74],[6.78,61.87],[5.41,61.93],[5.13,61.89],[5.4,62.02],[5.44,62.0],[5.59,62.07],[5.45,62.19],[5.92,62.17],[5.83,62.01],[5.95,62.13],[6.29,62.06],[5.92,62.22],[6.29,62.37],[6.55,62.12],[6.36,62.36],[6.65,62.45],[6.97,62.29],[7.38,62.24],[6.74,62.47],[6.05,62.46],[6.74,62.64],[7.52,62.49],[7.74,62.56],[7.51,62.55],[7.38,62.63],[8.11,62.69],[6.96,62.73],[7.2,62.8],[6.89,62.9],[7.3,63.01],[7.41,62.88],[7.97,62.97],[8.15,62.79],[8.5,62.66],[7.96,63.03],[7.85,63.01],[8.07,63.1],[8.28,62.86],[8.66,62.81],[8.4,62.92],[8.6,62.97],[8.4,62.96],[8.75,63.06],[8.66,62.97],[8.95,62.88],[9.48,63.06],[9.65,62.79],[9.93,62.78],[9.62,62.54],[9.88,62.57],[10.28,62.94],[10.44,62.8],[10.95,62.91],[11.37,62.74],[11.07,63.06],[11.79,62.91],[11.24,63.19],[11.2,63.33],[11.54,63.39],[12.34,63.38],[12.07,63.18],[12.42,63.23],[12.81,63.05],[12.9,63.19],[13.0,63.0],[13.7,63.12],[13.63,63.0],[13.89,62.97]],[[6.5,59.04],[6.28,59.01],[6.2,58.97],[6.5,59.04]]],[[[-8.99,70.81],[-9.12,70.86],[-8.33,71.14],[-7.97,71.17],[-8.01,71.03],[-8.99,70.81]]],[[[27.18,-71.97],[27.67,-71.98],[27.82,-72.18],[27.45,-72.19],[27.6,-72.03],[27.18,-71.97]]],[[[24.2,-71.86],[24.49,-71.92],[24.37,-71.86],[24.72,-71.83],[24.66,-72.14],[24.39,-72.11],[24.61,-71.94],[24.2,-71.91],[24.2,-71.86]]],[[[11.03,62.28],[11.32,62.32],[11.3,62.45],[11.92,62.33],[11.84,62.18],[11.46,62.16],[11.62,62.08],[11.5,61.95],[11.62,61.72],[11.91,61.54],[11.7,61.61],[11.56,61.43],[11.03,62.28]]],[[[28.27,70.75],[27.76,70.45],[28.35,70.53],[28.1,70.27],[28.48,70.47],[28.44,70.71],[28.94,70.91],[29.36,70.75],[29.18,70.67],[30.01,70.74],[30.26,70.63],[29.96,70.55],[30.53,70.56],[30.98,70.35],[30.4,70.3],[30.78,70.29],[30.06,70.07],[28.52,70.19],[29.6,69.96],[29.31,69.85],[29.7,69.9],[29.43,69.64],[30.09,69.7],[30.06,69.52],[29.39,69.41],[29.18,69.45],[29.29,69.59],[29.18,69.64],[28.34,69.63],[28.26,69.98],[27.95,69.91],[27.87,69.73],[27.72,69.61],[27.74,69.92],[27.43,69.93],[27.17,69.66],[26.35,69.57],[25.33,69.74],[24.41,69.43],[24.28,69.49],[24.38,69.71],[24.07,69.77],[23.92,69.67],[23.98,69.45],[23.55,69.52],[22.68,68.9],[22.25,69.11],[21.22,69.2],[21.82,69.04],[21.3,69.01],[21.97,68.88],[21.1,68.87],[21.62,68.53],[21.26,68.5],[21.4,68.34],[20.99,68.41],[21.2,68.23],[20.97,68.13],[21.09,68.05],[20.24,68.02],[20.4,67.97],[20.42,67.76],[19.48,67.84],[20.43,67.65],[20.49,67.55],[20.24,67.43],[20.56,67.3],[19.81,67.41],[19.73,67.24],[19.2,67.23],[18.82,67.4],[18.06,67.59],[19.46,67.0],[18.78,66.94],[18.53,67.16],[18.2,67.13],[18.22,66.95],[17.65,67.03],[17.84,66.78],[18.87,66.51],[16.99,66.43],[17.16,66.31],[16.9,66.23],[17.13,66.18],[17.36,65.78],[16.52,65.87],[16.16,66.09],[16.66,65.74],[16.12,65.77],[16.67,65.58],[15.85,65.69],[15.87,65.52],[15.43,65.53],[15.13,65.66],[15.38,65.47],[16.0,65.37],[15.6,65.23],[15.45,64.95],[14.58,65.12],[15.14,64.9],[14.96,64.78],[14.15,64.95],[13.7,64.67],[13.39,64.79],[12.96,64.7],[13.32,65.06],[12.28,64.53],[12.46,64.9],[12.06,64.96],[11.19,64.74],[11.71,64.89],[11.28,64.86],[11.99,65.16],[12.31,65.15],[12.02,65.06],[12.17,65.03],[12.81,65.18],[12.96,65.32],[12.48,65.13],[12.33,65.23],[12.47,65.26],[12.26,65.23],[12.48,65.36],[12.06,65.21],[12.35,65.45],[12.29,65.57],[12.72,65.36],[12.79,65.46],[12.36,65.62],[12.53,65.73],[12.77,65.63],[12.59,65.77],[12.81,65.96],[13.14,65.84],[13.38,65.43],[13.32,65.27],[13.48,65.47],[13.66,65.47],[13.62,65.33],[13.89,65.54],[14.02,65.38],[14.42,65.43],[14.0,65.6],[13.52,65.55],[13.28,65.8],[13.53,65.8],[13.44,65.95],[13.68,66.11],[13.89,65.82],[13.89,66.21],[14.94,66.5],[13.06,66.18],[13.55,66.31],[13.02,66.32],[13.14,66.42],[12.98,66.52],[13.64,66.52],[13.21,66.55],[13.39,66.63],[13.2,66.66],[13.54,66.65],[13.19,66.72],[13.93,66.8],[13.5,66.95],[14.58,67.02],[14.25,67.1],[14.35,67.18],[14.96,67.25],[14.87,67.17],[14.96,67.12],[15.07,67.24],[15.38,67.18],[15.36,67.08],[15.71,67.22],[15.56,67.27],[15.69,67.45],[15.56,67.52],[15.94,67.61],[15.49,67.53],[15.13,67.62],[15.76,67.76],[15.36,67.89],[15.14,67.73],[14.73,67.67],[15.07,67.77],[14.8,67.85],[15.14,67.88],[14.89,67.9],[15.95,68.0],[15.27,68.03],[15.4,68.14],[15.7,68.17],[15.65,68.07],[15.98,68.26],[16.19,67.91],[16.51,67.83],[16.19,68.03],[16.46,67.93],[16.32,68.03],[16.51,67.99],[16.34,68.07],[16.5,68.12],[16.22,68.14],[16.56,68.19],[16.14,68.31],[16.75,68.16],[16.27,68.33],[17.12,68.38],[17.3,68.18],[17.27,68.41],[17.86,68.4],[17.5,68.54],[16.42,68.52],[16.99,68.71],[17.65,68.66],[17.23,68.76],[17.78,68.75],[17.48,68.82],[17.83,68.85],[17.45,68.88],[17.48,68.99],[18.11,69.14],[17.97,69.26],[18.12,69.45],[18.34,69.44],[18.55,69.13],[18.52,69.33],[18.96,69.25],[18.43,69.49],[18.81,69.55],[19.0,69.33],[18.96,69.51],[19.21,69.51],[18.94,69.61],[19.67,69.81],[19.45,69.35],[19.6,69.38],[19.71,69.59],[19.97,69.56],[19.75,69.71],[20.23,69.97],[20.29,69.59],[19.93,69.23],[20.39,69.58],[20.74,69.49],[20.4,69.75],[20.7,69.8],[20.93,69.95],[20.91,69.79],[21.26,70.02],[22.06,69.74],[21.8,69.92],[22.01,70.03],[21.74,70.03],[22.01,70.12],[21.11,70.21],[21.45,70.2],[21.45,70.31],[21.8,70.16],[21.93,70.34],[22.23,70.28],[22.17,70.14],[22.47,70.13],[22.27,70.17],[22.35,70.26],[22.9,70.2],[22.23,70.03],[22.92,70.15],[23.07,69.97],[22.96,69.92],[23.22,69.99],[23.18,69.88],[23.42,70.02],[23.11,70.07],[23.31,70.13],[23.12,70.22],[23.89,70.51],[23.56,70.72],[23.99,70.7],[24.09,70.62],[23.95,70.52],[24.27,70.46],[24.09,70.55],[24.24,70.7],[24.64,70.64],[24.21,70.79],[24.66,70.88],[24.49,70.99],[24.95,70.98],[24.82,70.88],[25.08,70.94],[25.18,70.81],[25.25,70.99],[25.46,70.92],[25.3,70.87],[25.8,70.9],[25.02,70.52],[25.22,70.49],[24.98,70.38],[25.1,70.31],[24.86,70.17],[24.98,70.08],[26.44,70.95],[26.61,70.98],[26.65,70.83],[26.24,70.66],[26.53,70.64],[26.42,70.37],[27.07,70.48],[26.92,70.61],[27.22,70.6],[27.03,70.67],[27.24,70.84],[27.58,70.82],[27.06,70.98],[27.28,70.96],[27.18,71.06],[27.47,70.97],[27.44,71.11],[28.12,71.12],[28.13,71.0],[28.49,70.99],[28.21,70.83],[27.65,70.81],[27.98,70.75],[27.59,70.63],[28.27,70.75]]],[[[15.62,68.3],[15.32,68.34],[15.53,68.5],[15.0,68.31],[15.36,68.46],[15.17,68.56],[15.59,68.62],[15.43,68.71],[15.67,68.69],[15.44,68.75],[15.65,68.81],[15.6,68.94],[15.86,68.94],[15.77,68.72],[15.96,68.72],[15.72,68.54],[16.22,68.73],[16.05,68.8],[16.3,68.82],[16.21,68.9],[16.54,68.82],[16.44,68.56],[16.07,68.56],[15.62,68.3]]],[[[16.76,69.07],[17.13,69.23],[16.88,69.3],[17.13,69.34],[16.9,69.42],[17.64,69.45],[17.48,69.58],[18.04,69.48],[17.86,69.2],[17.97,69.16],[16.76,69.07]]],[[[18.62,69.68],[18.73,69.79],[18.62,69.86],[19.01,69.76],[18.75,69.56],[17.97,69.54],[18.6,69.81],[18.62,69.68]]],[[[19.07,69.78],[18.67,69.92],[19.25,70.08],[19.3,69.99],[19.62,69.99],[19.07,69.78]]],[[[23.31,70.63],[23.6,70.49],[23.27,70.32],[22.79,70.42],[23.45,70.55],[23.31,70.63]]],[[[23.11,70.75],[23.04,70.83],[23.43,70.81],[22.82,70.53],[22.03,70.48],[22.26,70.61],[21.89,70.65],[22.77,70.66],[22.66,70.77],[23.11,70.75]]],[[[25.78,71.08],[26.15,71.07],[25.51,70.95],[25.18,71.11],[25.98,71.14],[25.78,71.08]]],[[[20.86,77.46],[21.66,77.92],[20.89,78.11],[22.87,78.25],[23.47,78.15],[23.11,77.99],[24.91,77.75],[22.38,77.3],[22.78,77.55],[20.86,77.46]]],[[[21.55,78.77],[21.39,78.65],[20.74,78.69],[19.71,78.61],[18.97,78.46],[19.09,78.22],[18.92,78.17],[19.09,78.09],[18.41,78.02],[18.29,77.51],[17.74,77.49],[17.35,77.05],[17.09,77.05],[17.32,76.96],[16.92,76.79],[17.2,76.69],[16.34,76.56],[16.28,76.71],[15.5,76.88],[16.53,76.99],[14.47,77.17],[13.91,77.53],[16.22,77.43],[14.74,77.66],[17.13,77.78],[16.79,77.87],[17.01,77.93],[13.94,77.72],[13.73,77.75],[13.82,77.8],[13.59,78.05],[14.36,77.96],[14.22,78.09],[17.3,78.42],[16.33,78.45],[16.83,78.67],[15.46,78.45],[15.19,78.59],[15.45,78.63],[15.38,78.84],[15.02,78.6],[14.81,78.73],[14.44,78.67],[14.59,78.55],[14.39,78.48],[14.73,78.38],[13.01,78.2],[12.36,78.48],[13.2,78.54],[11.93,78.63],[11.64,78.74],[11.93,78.83],[11.33,78.96],[12.51,78.91],[11.68,79.06],[12.11,79.3],[11.64,79.32],[11.71,79.17],[11.24,79.09],[10.68,79.54],[11.46,79.63],[11.19,79.77],[11.7,79.83],[12.31,79.66],[12.16,79.81],[13.82,79.87],[13.97,79.77],[12.45,79.57],[13.48,79.58],[13.26,79.47],[14.06,79.26],[14.16,79.34],[13.89,79.54],[14.58,79.8],[15.29,79.6],[15.79,79.22],[15.68,79.1],[15.89,79.16],[16.45,78.9],[15.96,79.31],[15.64,79.83],[16.13,79.86],[15.95,79.94],[16.31,80.06],[18.1,79.72],[17.59,79.55],[17.78,79.49],[17.64,79.37],[18.36,79.63],[18.89,79.44],[18.87,79.31],[18.59,79.26],[21.55,78.77]]],[[[20.66,78.39],[20.12,78.47],[22.09,78.59],[22.27,78.26],[20.67,78.19],[20.78,78.28],[20.47,78.31],[20.66,78.39]]],[[[10.49,78.9],[11.01,78.83],[11.26,78.53],[11.89,78.44],[12.17,78.2],[11.07,78.45],[10.49,78.9]]],[[[24.4,80.32],[24.15,80.35],[24.84,80.35],[24.78,80.25],[27.22,80.1],[27.1,79.97],[27.24,79.9],[25.8,79.61],[25.98,79.51],[25.71,79.41],[23.51,79.18],[22.64,79.31],[22.89,79.42],[20.79,79.37],[19.64,79.6],[21.12,79.56],[20.48,79.68],[21.84,79.7],[22.31,79.8],[18.77,79.72],[18.11,79.9],[18.93,80.05],[17.78,80.13],[18.73,80.2],[19.34,80.09],[19.58,80.15],[18.98,80.34],[19.85,80.22],[19.72,80.25],[19.92,80.37],[19.46,80.42],[19.67,80.5],[20.83,80.21],[21.86,80.27],[21.6,80.12],[22.26,79.98],[22.48,80.01],[22.35,80.07],[22.58,80.3],[22.39,80.42],[22.75,80.32],[22.8,80.51],[23.36,80.43],[23.12,80.38],[23.35,80.34],[23.0,80.16],[23.22,80.11],[23.09,80.17],[24.4,80.32]]],[[[42.83,65.93],[42.0,66.34],[42.21,66.52],[43.16,66.42],[44.1,65.93],[42.83,65.93]]],[[[33.38,69.48],[33.12,69.33],[33.36,69.24],[32.97,69.14],[32.95,69.04],[33.37,69.17],[33.46,69.38],[33.84,69.4],[36.5,69.1],[38.42,68.32],[39.82,68.05],[39.72,68.17],[40.49,67.74],[40.95,67.71],[41.35,67.01],[41.13,66.75],[40.06,66.28],[40.2,66.46],[39.95,66.73],[40.59,66.83],[40.13,66.85],[40.01,67.05],[39.7,66.9],[39.42,66.94],[39.58,67.07],[38.77,67.01],[39.26,67.09],[38.09,67.23],[37.96,67.44],[35.74,67.81],[35.82,67.95],[35.41,67.95],[35.46,68.13],[35.32,68.21],[35.15,68.18],[35.34,68.01],[35.0,67.8],[34.42,67.78],[34.24,67.87],[34.27,68.06],[34.0,68.14],[34.55,68.22],[33.96,68.28],[33.94,68.58],[33.17,68.63],[33.27,69.01],[32.42,68.88],[31.24,69.1],[29.87,68.97],[29.7,69.12],[29.95,69.15],[30.21,69.5],[30.09,69.5],[30.17,69.76],[30.04,69.88],[30.33,69.84],[30.29,69.66],[30.47,69.82],[31.36,69.76],[31.19,69.61],[31.72,69.72],[31.61,69.89],[31.95,69.84],[31.75,70.0],[33.01,69.77],[32.78,69.63],[32.0,69.81],[31.87,69.7],[32.39,69.59],[32.16,69.5],[32.97,69.54],[32.73,69.37],[33.38,69.48]]],[[[50.14,69.31],[50.37,69.12],[49.73,68.84],[48.59,68.71],[48.17,68.81],[48.18,69.19],[48.67,69.47],[49.18,69.53],[50.14,69.31]]],[[[28.51,78.95],[29.71,78.9],[27.84,78.84],[28.51,78.95]]],[[[51.02,80.13],[51.63,79.97],[50.99,79.92],[50.18,79.96],[51.02,80.13]]],[[[32.32,80.09],[31.45,80.09],[33.64,80.21],[32.32,80.09]]],[[[47.48,80.11],[48.06,80.23],[47.81,80.3],[46.94,80.2],[46.56,80.31],[47.96,80.36],[47.57,80.42],[48.17,80.49],[47.48,80.5],[47.94,80.61],[49.07,80.57],[49.57,80.71],[48.86,80.81],[49.79,80.99],[50.83,80.91],[50.24,80.77],[51.69,80.78],[49.53,80.41],[48.72,80.41],[48.5,80.33],[49.13,80.23],[47.48,80.11]]],[[[47.28,80.89],[48.54,80.82],[48.29,80.77],[48.71,80.64],[47.53,80.8],[47.59,80.72],[47.28,80.69],[47.49,80.63],[46.03,80.45],[44.76,80.62],[47.28,80.89]]],[[[55.18,66.17],[55.63,66.36],[56.3,66.38],[56.81,66.06],[56.77,65.77],[57.0,65.62],[57.17,65.05],[56.72,65.13],[56.44,66.0],[56.0,66.29],[55.31,66.09],[55.18,66.17]]],[[[57.88,66.08],[58.38,66.37],[58.77,66.37],[57.88,66.08]]],[[[55.0,66.55],[55.28,66.53],[54.32,66.17],[53.77,66.33],[55.0,66.55]]],[[[57.05,66.18],[56.81,66.36],[58.51,66.56],[57.05,66.18]]],[[[68.17,68.33],[68.16,68.33],[68.3,68.19],[69.11,68.84],[68.99,68.92],[69.08,68.97],[68.54,68.99],[68.09,69.26],[68.18,69.56],[67.05,69.69],[66.96,69.49],[66.84,69.53],[66.85,69.95],[67.4,70.12],[67.19,70.18],[67.18,70.35],[67.49,70.77],[66.79,70.78],[66.71,70.88],[67.04,71.09],[66.84,71.14],[66.97,71.25],[68.42,71.69],[68.74,72.07],[68.75,72.42],[68.96,72.72],[69.33,72.99],[71.5,72.92],[72.81,72.7],[72.85,72.29],[72.72,72.09],[71.87,71.51],[72.78,71.09],[72.62,71.09],[72.83,70.89],[72.75,70.6],[72.86,70.42],[72.46,70.28],[72.47,69.96],[72.63,69.83],[72.49,69.68],[72.53,68.96],[73.61,68.44],[73.08,68.16],[73.21,67.92],[73.1,67.73],[72.56,67.62],[72.41,67.36],[72.05,67.34],[72.3,67.16],[71.94,67.17],[72.04,67.1],[71.81,66.96],[71.3,67.01],[71.59,66.83],[71.58,66.68],[70.59,66.51],[70.21,66.64],[70.69,66.79],[69.88,66.88],[69.49,66.81],[70.04,66.72],[69.88,66.53],[69.09,66.85],[68.26,66.69],[69.03,66.79],[69.17,66.62],[69.91,66.44],[67.86,66.6],[65.27,66.56],[65.41,66.74],[64.98,66.68],[63.77,66.31],[62.86,65.73],[61.48,65.47],[61.38,65.07],[61.19,64.99],[59.69,64.96],[59.38,64.8],[59.46,64.51],[58.87,64.12],[58.74,64.25],[58.9,64.54],[58.66,64.91],[59.16,65.39],[59.62,65.56],[59.94,65.37],[60.39,65.39],[60.43,65.73],[61.65,66.08],[61.79,66.22],[61.73,66.45],[62.55,66.7],[62.22,66.78],[60.8,66.46],[60.72,66.54],[61.18,66.75],[60.57,67.18],[59.85,66.74],[58.31,66.78],[56.79,66.59],[55.61,66.9],[55.25,66.87],[55.49,66.72],[55.25,66.65],[54.78,66.86],[54.94,67.27],[54.57,67.33],[54.08,67.2],[53.63,66.84],[53.44,66.98],[52.9,66.85],[52.38,66.94],[52.41,66.78],[53.66,66.56],[53.47,66.12],[52.59,66.35],[52.64,66.1],[52.35,65.98],[52.14,66.08],[52.01,66.92],[51.06,66.96],[50.86,67.07],[51.01,67.14],[50.59,67.31],[49.97,67.1],[49.57,67.14],[47.71,66.47],[47.09,66.5],[47.05,66.34],[46.8,66.36],[46.61,66.61],[45.44,66.4],[44.86,66.55],[44.34,66.47],[44.44,66.86],[43.76,67.31],[44.1,67.66],[44.26,68.04],[44.2,68.23],[43.32,68.66],[45.6,68.53],[46.31,68.23],[46.59,67.83],[45.25,67.72],[44.84,67.41],[45.73,66.98],[46.28,66.92],[47.45,67.0],[47.8,67.69],[48.72,67.76],[48.76,67.89],[49.39,67.9],[50.49,68.29],[52.22,68.58],[52.42,68.51],[52.4,68.37],[52.68,68.46],[52.27,68.64],[53.19,68.88],[54.32,69.01],[53.58,68.87],[54.24,68.83],[53.97,68.6],[54.16,68.37],[53.46,68.26],[54.68,68.24],[55.3,68.56],[57.54,68.69],[57.75,68.78],[57.27,68.8],[58.26,68.8],[58.45,68.97],[58.97,69.03],[59.3,69.0],[58.94,68.93],[59.51,68.74],[59.16,68.63],[59.87,68.47],[59.77,68.69],[60.55,68.76],[60.95,68.98],[60.12,69.61],[60.48,69.7],[60.48,69.8],[60.0,69.65],[59.54,69.71],[59.5,69.85],[58.9,69.9],[58.34,70.21],[58.58,70.28],[58.42,70.35],[59.06,70.47],[60.48,69.86],[62.35,69.87],[62.72,69.69],[64.15,69.64],[64.91,69.31],[66.41,69.06],[68.17,68.33]],[[53.71,67.57],[52.66,67.36],[53.03,67.17],[53.57,67.18],[53.83,67.28],[53.75,67.38],[53.89,67.48],[53.71,67.57]]],[[[53.16,70.97],[52.95,70.98],[52.18,71.32],[52.48,71.43],[53.28,71.24],[53.16,70.97]]],[[[56.28,71.2],[57.62,70.75],[56.95,70.68],[57.24,70.59],[56.32,70.74],[56.55,70.62],[55.44,70.73],[55.19,70.59],[54.65,70.77],[54.72,70.67],[53.55,70.82],[53.43,70.89],[53.66,71.0],[53.48,71.12],[53.82,71.12],[54.14,71.21],[53.79,71.15],[53.17,71.36],[53.16,71.48],[51.83,71.48],[51.41,71.72],[51.41,72.0],[51.64,72.15],[52.36,72.16],[52.69,72.39],[52.81,72.56],[52.4,72.76],[53.24,72.92],[53.07,72.98],[53.36,73.22],[54.79,73.44],[56.51,73.2],[55.89,73.1],[56.32,73.02],[55.7,73.0],[56.2,72.98],[56.15,72.83],[55.44,72.83],[55.94,72.71],[55.34,72.59],[55.48,72.57],[55.37,72.1],[56.28,71.2]]],[[[53.6,73.82],[54.06,73.81],[54.94,74.17],[55.87,74.15],[55.09,74.29],[55.72,74.34],[55.23,74.39],[55.32,74.46],[56.03,74.48],[55.31,74.59],[55.58,74.73],[56.7,74.69],[55.76,74.81],[56.57,74.96],[55.75,75.02],[55.75,75.16],[56.41,75.12],[57.1,75.44],[57.75,75.36],[57.44,75.5],[58.84,75.89],[60.4,76.14],[60.66,76.14],[60.51,76.03],[60.96,76.09],[60.94,76.3],[62.58,76.25],[64.86,76.43],[64.76,76.48],[65.97,76.59],[65.87,76.78],[67.85,77.05],[68.44,77.04],[69.08,76.72],[68.18,76.34],[68.25,76.27],[65.26,75.81],[63.5,75.73],[61.89,75.44],[61.47,75.23],[61.32,75.31],[60.86,75.07],[60.05,75.03],[60.69,74.94],[60.21,74.75],[59.57,74.77],[59.84,74.64],[59.74,74.6],[59.05,74.76],[59.24,74.65],[59.04,74.47],[58.23,74.56],[58.82,74.3],[58.07,74.08],[58.16,74.02],[57.51,74.17],[57.31,74.08],[57.77,73.96],[57.87,73.81],[57.77,73.75],[56.74,73.92],[57.58,73.68],[57.16,73.58],[56.74,73.7],[57.16,73.51],[56.98,73.36],[56.37,73.29],[56.19,73.46],[56.05,73.32],[54.88,73.46],[54.1,73.38],[54.46,73.47],[54.28,73.52],[54.37,73.59],[55.31,73.73],[54.34,73.63],[53.6,73.82]]],[[[55.98,80.2],[55.96,80.36],[56.88,80.35],[57.05,80.14],[55.76,80.14],[55.98,80.2]]],[[[53.96,80.25],[52.39,80.24],[53.03,80.42],[53.96,80.25]]],[[[58.4,80.21],[57.59,80.11],[57.18,80.19],[56.96,80.47],[59.22,80.42],[58.04,80.27],[58.4,80.21]]],[[[53.87,80.47],[53.74,80.61],[54.3,80.6],[54.11,80.58],[54.37,80.47],[53.87,80.47]]],[[[56.76,80.67],[55.51,80.7],[56.41,80.76],[56.76,80.67]]],[[[53.96,80.83],[55.76,80.81],[54.98,80.72],[53.96,80.83]]],[[[58.8,80.94],[59.04,80.85],[58.35,80.76],[57.83,80.77],[58.8,80.94]]],[[[55.99,81.05],[57.6,80.81],[56.86,80.73],[54.23,81.06],[55.99,81.05]]],[[[58.23,80.94],[57.6,80.87],[55.9,81.14],[58.23,80.94]]],[[[56.5,81.45],[57.91,81.33],[56.43,81.19],[55.34,81.28],[56.49,81.33],[56.3,81.4],[56.5,81.45]]],[[[58.49,81.45],[56.77,81.55],[57.48,81.64],[58.49,81.45]]],[[[62.31,-73.39],[61.94,-73.57],[61.1,-73.44],[61.81,-73.37],[61.72,-73.44],[62.31,-73.39]]],[[[60.0,66.24],[59.83,66.24],[60.2,66.52],[60.5,66.53],[60.0,66.24]]],[[[62.08,80.66],[61.19,80.43],[59.67,80.43],[59.27,80.65],[59.52,80.8],[59.44,80.85],[59.93,80.9],[62.17,80.87],[62.08,80.66]]],[[[64.12,81.05],[64.05,81.15],[64.41,81.22],[65.39,81.12],[65.2,81.05],[65.41,80.96],[64.22,80.74],[63.03,80.69],[62.56,80.83],[64.12,81.05]]],[[[60.82,80.96],[60.03,80.99],[61.74,81.16],[60.82,80.96]]],[[[62.72,81.62],[62.21,81.72],[63.48,81.74],[63.75,81.69],[62.72,81.62]]],[[[58.28,81.73],[57.84,81.84],[59.29,81.86],[58.28,81.73]]],[[[67.79,-71.55],[67.36,-71.53],[67.7,-71.41],[67.94,-71.38],[68.0,-71.39],[68.03,-71.41],[67.95,-71.46],[67.79,-71.55]]],[[[67.72,-70.79],[67.55,-70.81],[67.6,-70.7],[67.85,-70.7],[67.66,-70.65],[67.98,-70.67],[68.06,-70.63],[67.81,-70.65],[67.95,-70.58],[67.75,-70.54],[67.8,-70.58],[67.69,-70.61],[67.57,-70.59],[67.56,-70.54],[67.93,-70.52],[67.98,-70.54],[68.27,-70.43],[68.29,-70.46],[68.16,-70.63],[68.13,-70.82],[68.46,-70.8],[68.47,-70.83],[67.8,-70.94],[67.65,-70.9],[67.73,-70.88],[67.9,-70.88],[67.64,-70.85],[67.8,-70.82],[67.9,-70.84],[67.75,-70.78],[67.72,-70.79]],[[68.04,-70.71],[68.12,-70.67],[67.75,-70.78],[68.04,-70.71]]],[[[77.93,-68.6],[77.94,-68.59],[77.99,-68.59],[78.08,-68.52],[78.11,-68.55],[78.21,-68.54],[78.27,-68.5],[78.38,-68.5],[78.4,-68.49],[78.31,-68.49],[78.4,-68.48],[78.41,-68.43],[78.5,-68.42],[78.57,-68.61],[78.23,-68.66],[78.07,-68.64],[78.01,-68.66],[77.9,-68.66],[77.88,-68.64],[77.92,-68.62],[77.98,-68.62],[77.93,-68.6]],[[78.17,-68.6],[78.04,-68.6],[77.98,-68.62],[78.08,-68.62],[78.17,-68.6]],[[78.52,-68.51],[78.47,-68.48],[78.43,-68.49],[78.4,-68.5],[78.52,-68.51]]],[[[78.23,-68.49],[78.2,-68.47],[78.1,-68.5],[78.06,-68.5],[78.09,-68.48],[78.24,-68.45],[78.23,-68.44],[78.27,-68.45],[78.28,-68.43],[78.3,-68.43],[78.28,-68.46],[78.3,-68.46],[78.33,-68.42],[78.4,-68.44],[78.38,-68.45],[78.34,-68.45],[78.31,-68.49],[78.23,-68.49]]],[[[69.64,-49.12],[69.35,-49.12],[69.28,-49.18],[69.8,-49.29],[70.32,-49.05],[70.53,-49.09],[70.56,-49.26],[70.31,-49.38],[70.46,-49.44],[70.18,-49.34],[69.83,-49.34],[69.91,-49.44],[69.82,-49.39],[69.69,-49.41],[69.83,-49.55],[70.12,-49.62],[70.04,-49.53],[70.33,-49.54],[70.16,-49.61],[70.25,-49.69],[69.88,-49.7],[69.71,-49.49],[69.64,-49.67],[69.21,-49.49],[69.11,-49.67],[68.8,-49.72],[68.92,-49.29],[68.76,-49.18],[68.93,-49.15],[68.74,-49.07],[68.9,-48.98],[68.79,-48.85],[68.95,-48.67],[69.12,-48.73],[68.91,-48.88],[69.19,-48.76],[69.0,-49.09],[69.11,-48.99],[69.2,-49.12],[69.45,-49.09],[69.54,-48.96],[69.64,-49.12]]],[[[93.59,66.85],[94.55,66.06],[94.53,65.59],[94.89,65.38],[94.22,65.19],[93.65,65.31],[93.85,65.71],[93.5,66.04],[93.52,66.43],[91.68,66.8],[93.59,66.85]]],[[[79.19,71.03],[78.5,70.95],[78.64,71.07],[78.35,71.11],[78.41,71.27],[77.93,71.26],[78.13,71.4],[77.71,71.3],[76.5,71.52],[75.91,71.94],[76.98,72.1],[77.92,71.89],[78.26,72.07],[77.46,72.1],[77.46,72.26],[78.71,72.43],[80.8,72.14],[80.71,72.08],[81.37,71.75],[81.78,71.67],[83.35,71.74],[83.36,71.62],[82.97,71.55],[83.01,71.41],[82.19,71.27],[82.3,71.14],[82.11,71.01],[82.31,70.83],[82.18,70.7],[82.41,70.66],[82.54,70.94],[83.06,70.92],[82.95,70.5],[82.61,70.23],[83.23,70.04],[83.48,69.75],[84.35,69.58],[84.57,69.66],[83.98,69.75],[82.98,70.34],[83.81,70.5],[83.52,70.93],[83.11,71.15],[83.75,71.63],[83.44,71.85],[82.23,72.1],[82.37,72.2],[82.19,72.33],[80.73,72.49],[80.63,72.75],[80.82,72.93],[80.36,73.09],[80.64,73.27],[80.35,73.31],[80.7,73.48],[80.55,73.6],[85.27,73.7],[86.8,73.88],[87.04,73.83],[86.01,73.52],[87.14,73.6],[87.42,73.78],[87.04,74.03],[87.53,74.03],[85.88,74.38],[87.33,74.43],[85.77,74.69],[86.15,74.84],[87.01,74.65],[86.88,74.73],[87.35,74.94],[87.33,75.05],[87.94,75.06],[87.12,75.14],[88.15,75.13],[89.37,75.5],[94.45,75.96],[93.51,75.91],[93.37,76.07],[93.46,76.12],[96.29,76.08],[95.79,75.82],[96.57,75.99],[96.93,75.86],[98.87,76.25],[99.96,76.05],[99.06,76.35],[98.92,76.53],[102.43,76.37],[101.3,76.54],[101.4,76.76],[101.08,76.92],[102.09,77.33],[104.36,77.76],[106.3,77.4],[104.33,77.1],[105.89,77.18],[105.99,77.14],[105.54,77.01],[106.83,77.07],[107.59,76.94],[106.48,76.54],[107.81,76.54],[108.14,76.64],[108.1,76.76],[111.68,76.7],[112.16,76.51],[112.02,76.36],[112.8,76.37],[112.57,76.22],[112.87,76.06],[113.28,76.12],[113.06,76.26],[113.38,76.23],[113.56,76.01],[113.41,75.97],[113.5,75.83],[113.95,75.81],[113.51,75.52],[113.43,75.65],[112.39,75.83],[112.74,75.72],[112.78,75.54],[113.19,75.63],[113.4,75.5],[113.75,75.48],[113.54,75.39],[113.75,75.33],[111.85,74.67],[109.63,74.31],[110.02,74.29],[108.35,73.7],[107.19,73.61],[107.0,73.35],[106.16,73.28],[105.19,72.79],[106.29,72.98],[106.21,73.15],[106.45,73.2],[108.31,73.23],[108.46,73.26],[108.17,73.29],[109.46,73.45],[109.25,73.53],[110.14,73.51],[110.88,73.75],[109.81,73.63],[109.52,73.75],[110.13,73.99],[110.96,73.92],[111.54,74.04],[111.23,73.88],[112.45,73.68],[112.94,73.76],[112.8,73.96],[112.89,73.99],[113.51,73.62],[113.28,73.46],[113.62,73.23],[114.14,73.33],[113.6,73.52],[115.2,73.68],[118.16,73.57],[119.0,73.45],[118.4,73.46],[118.33,73.24],[119.74,72.96],[121.94,72.96],[122.03,72.89],[123.34,72.73],[124.73,72.63],[126.12,72.27],[126.37,72.35],[126.81,72.01],[127.13,71.85],[127.22,71.39],[127.31,71.48],[127.19,71.75],[127.33,71.9],[126.98,72.05],[126.9,72.29],[126.72,72.39],[127.71,72.34],[128.72,71.81],[129.09,71.81],[128.91,72.03],[129.1,72.01],[129.54,71.75],[128.82,71.7],[128.89,71.62],[129.23,71.6],[129.79,71.1],[130.34,71.03],[130.23,70.95],[130.74,70.9],[130.92,71.02],[131.05,70.77],[131.33,70.79],[131.89,71.17],[132.39,71.83],[132.69,71.93],[132.78,71.76],[133.67,71.41],[134.66,71.31],[134.85,71.5],[135.99,71.66],[137.5,71.35],[137.81,71.11],[138.25,71.27],[137.94,71.4],[138.23,71.59],[139.05,71.6],[139.22,71.41],[140.01,71.49],[139.75,71.86],[139.36,71.98],[140.2,72.19],[139.32,72.12],[139.13,72.27],[139.54,72.46],[140.93,72.53],[141.07,72.63],[140.68,72.88],[140.95,72.92],[146.84,72.34],[144.96,72.44],[144.24,72.23],[146.82,72.28],[146.07,71.86],[146.0,72.0],[146.29,72.11],[146.0,72.08],[146.02,72.21],[145.78,72.25],[145.65,72.06],[145.84,72.0],[145.76,71.9],[145.02,71.92],[145.21,71.81],[144.92,71.69],[145.36,71.63],[146.2,71.79],[147.15,72.29],[149.61,72.13],[150.08,71.87],[149.63,71.74],[149.36,71.88],[148.9,71.83],[148.81,71.69],[150.63,71.48],[150.28,71.26],[150.76,71.44],[150.74,71.29],[151.51,71.31],[152.08,71.0],[151.79,70.95],[152.27,70.84],[155.96,71.09],[159.09,70.87],[159.61,70.71],[160.07,70.34],[159.75,70.14],[159.7,69.74],[160.99,69.61],[161.15,69.27],[161.21,69.48],[161.41,69.5],[161.36,69.4],[161.49,69.27],[161.79,69.43],[161.85,69.18],[161.81,68.94],[160.61,68.59],[158.82,68.89],[155.65,68.92],[154.85,69.05],[153.37,69.6],[151.73,69.87],[151.1,69.74],[149.98,69.79],[149.13,69.54],[147.61,69.63],[146.87,69.38],[145.9,69.56],[144.34,69.39],[143.04,69.46],[142.2,69.23],[141.89,69.32],[141.83,69.68],[141.15,69.46],[141.26,69.8],[140.92,69.83],[139.81,69.39],[140.44,69.24],[140.12,68.99],[140.85,69.06],[140.92,68.95],[140.61,68.73],[141.79,68.87],[142.58,68.53],[141.61,68.1],[141.15,68.35],[140.47,68.08],[139.67,68.35],[139.54,68.71],[138.29,69.54],[136.95,69.51],[137.1,69.31],[136.43,69.22],[136.43,69.06],[136.0,68.97],[135.71,69.33],[135.16,69.42],[136.25,69.79],[135.11,70.1],[134.98,70.2],[135.13,70.29],[132.95,70.39],[131.35,69.96],[131.15,69.82],[131.38,69.69],[131.16,69.37],[131.2,69.14],[130.81,69.0],[131.22,68.91],[130.9,68.53],[131.22,68.37],[130.01,68.08],[129.49,67.43],[129.66,67.23],[129.58,66.85],[128.83,66.27],[129.79,66.31],[129.94,66.16],[129.64,65.92],[129.74,65.71],[130.0,65.53],[130.91,65.7],[131.03,65.59],[130.69,65.31],[131.29,65.1],[131.83,65.43],[131.38,66.0],[132.27,66.06],[132.59,65.78],[132.42,65.61],[132.83,64.6],[133.08,64.57],[133.09,64.78],[132.78,65.45],[133.38,65.47],[133.36,65.31],[133.67,65.04],[134.85,64.72],[135.29,64.12],[135.69,63.99],[135.74,63.83],[135.45,63.67],[134.38,63.83],[134.07,64.11],[133.49,63.95],[132.89,64.08],[132.78,64.25],[132.01,64.09],[132.05,64.27],[131.43,64.19],[131.52,64.43],[130.92,64.35],[130.52,64.49],[129.96,64.33],[129.86,64.54],[129.27,64.36],[128.39,64.56],[128.57,64.9],[127.57,65.2],[128.32,65.37],[127.71,65.54],[128.4,65.76],[128.44,65.95],[127.07,65.98],[127.56,66.24],[126.95,66.86],[127.16,66.95],[126.94,67.29],[127.64,67.69],[126.94,67.75],[126.65,67.93],[127.05,68.03],[127.82,67.85],[128.14,68.06],[127.24,68.22],[128.34,68.29],[127.97,68.48],[126.85,68.32],[126.57,68.33],[126.47,68.5],[128.2,68.96],[128.27,69.05],[128.08,69.27],[128.9,69.69],[128.06,69.82],[128.06,70.03],[127.62,70.24],[128.11,70.57],[127.96,70.86],[127.08,70.86],[126.59,70.69],[125.91,70.86],[125.25,70.58],[124.34,70.74],[123.35,70.69],[122.99,70.76],[123.22,71.28],[122.11,71.3],[120.98,70.76],[120.0,70.61],[118.83,70.83],[117.26,70.83],[116.53,71.13],[114.2,71.04],[114.3,71.42],[112.58,71.2],[111.57,71.32],[110.52,71.01],[110.71,70.86],[111.74,70.87],[111.3,70.52],[109.94,70.63],[110.75,70.2],[110.78,70.01],[109.34,69.97],[108.79,69.73],[107.99,69.98],[107.24,69.45],[108.04,69.29],[107.19,69.05],[106.41,69.2],[106.66,69.34],[106.18,69.42],[106.36,69.87],[106.0,70.2],[105.46,70.34],[105.15,70.14],[105.54,69.63],[105.3,69.45],[104.52,69.41],[103.32,70.02],[104.61,70.05],[104.41,70.4],[105.04,70.56],[104.9,70.64],[105.13,70.76],[106.42,70.45],[107.97,70.48],[108.67,70.69],[102.35,71.1],[103.38,70.59],[103.21,70.44],[103.64,70.19],[102.87,70.0],[102.8,69.8],[103.06,69.56],[102.49,69.46],[102.15,69.52],[102.13,69.92],[101.78,70.11],[101.83,70.68],[101.64,70.95],[101.13,71.27],[100.65,71.26],[100.76,71.07],[100.52,71.01],[100.36,70.68],[99.38,70.35],[100.92,70.24],[101.3,70.0],[101.28,69.78],[100.51,69.55],[99.0,69.74],[98.56,69.63],[98.56,69.41],[99.06,69.11],[100.51,68.46],[100.6,68.37],[100.0,68.21],[100.19,67.94],[99.63,67.89],[99.11,68.08],[97.82,69.03],[96.62,68.99],[96.56,68.8],[98.19,68.05],[99.19,67.3],[98.26,67.32],[98.39,67.09],[100.4,66.8],[101.12,66.21],[101.13,66.01],[100.15,65.88],[99.47,66.49],[98.47,66.52],[97.92,67.03],[97.26,67.07],[97.54,66.67],[98.69,66.07],[98.63,65.89],[97.96,66.01],[97.72,66.33],[96.67,66.28],[96.77,66.12],[98.66,65.66],[98.83,65.44],[97.18,65.6],[96.47,65.93],[96.37,66.28],[96.02,66.34],[95.97,67.15],[94.49,67.46],[94.09,67.36],[95.38,66.9],[95.56,65.85],[97.06,65.21],[97.44,64.75],[96.64,64.91],[95.28,65.64],[94.78,66.72],[94.42,66.91],[92.13,67.07],[92.7,67.39],[92.34,67.46],[90.4,67.05],[90.7,67.36],[92.0,67.53],[92.58,67.96],[93.26,68.17],[90.5,68.25],[92.91,68.51],[92.07,68.65],[89.46,68.78],[88.48,68.67],[87.93,68.22],[87.65,68.16],[86.35,68.33],[85.83,68.14],[85.41,67.73],[84.75,67.54],[84.67,67.29],[85.45,66.92],[84.93,66.75],[84.92,66.4],[84.08,66.21],[82.06,66.34],[79.9,65.93],[78.32,66.22],[75.03,65.53],[74.42,65.56],[72.24,66.28],[72.46,66.36],[72.53,66.51],[72.38,66.55],[73.79,66.98],[74.15,67.5],[74.77,67.73],[74.65,68.2],[74.35,68.36],[74.74,68.78],[76.57,68.97],[76.68,68.76],[77.27,68.56],[77.33,67.93],[77.15,67.83],[77.73,67.59],[79.03,67.55],[77.49,67.82],[77.62,67.97],[77.52,68.15],[78.13,68.29],[77.78,68.57],[77.64,68.91],[76.21,69.23],[75.42,69.24],[75.25,69.1],[73.82,69.15],[73.91,69.42],[73.55,69.79],[73.82,69.97],[73.72,70.15],[74.41,70.63],[73.61,71.26],[73.07,71.44],[73.62,71.85],[74.96,72.17],[75.02,72.59],[74.69,72.81],[75.51,72.77],[75.28,72.67],[75.65,72.57],[75.48,72.49],[75.6,72.3],[75.21,71.9],[75.51,71.56],[75.23,71.47],[75.29,71.37],[77.89,71.13],[78.06,70.98],[78.49,70.91],[79.19,71.03]]],[[[78.37,72.53],[77.69,72.33],[76.9,72.37],[77.66,72.65],[78.37,72.53]]],[[[79.37,72.73],[78.63,72.85],[79.16,73.1],[79.54,72.94],[79.37,72.73]]],[[[74.36,73.14],[74.76,73.1],[74.63,72.86],[74.1,73.07],[74.36,73.14]]],[[[71.44,73.37],[71.6,73.21],[69.82,73.1],[70.02,73.22],[70.01,73.44],[71.15,73.48],[70.9,73.3],[71.44,73.37]]],[[[82.46,75.36],[82.08,75.35],[82.06,75.22],[81.54,75.39],[82.21,75.53],[82.46,75.36]]],[[[95.51,76.27],[96.7,76.27],[96.37,76.11],[95.51,76.27]]],[[[99.19,79.28],[100.16,78.95],[99.49,78.82],[97.61,78.83],[97.05,79.02],[94.93,79.1],[94.53,79.33],[94.61,79.45],[93.9,79.47],[94.18,79.52],[93.99,79.62],[93.6,79.47],[93.08,79.57],[94.83,79.84],[94.52,79.96],[95.14,80.12],[97.88,80.16],[98.15,80.07],[97.37,79.68],[98.62,79.93],[98.48,80.05],[98.6,80.08],[99.19,80.07],[100.24,79.82],[99.96,79.74],[99.98,79.36],[99.19,79.28]]],[[[76.07,79.68],[77.69,79.55],[76.87,79.52],[76.07,79.68]]],[[[92.2,79.72],[92.58,79.74],[91.51,79.87],[91.13,80.09],[94.05,79.89],[92.3,79.66],[92.2,79.72]]],[[[92.87,80.38],[92.22,80.46],[93.12,80.51],[93.1,80.62],[93.69,80.77],[92.78,80.77],[93.56,80.91],[93.4,80.99],[95.91,81.21],[95.34,81.25],[95.49,81.28],[96.12,81.27],[96.84,80.95],[97.96,80.81],[97.93,80.67],[97.23,80.63],[97.31,80.36],[97.57,80.33],[97.24,80.22],[95.95,80.23],[93.73,80.03],[92.37,80.27],[93.61,80.25],[93.31,80.35],[91.59,80.29],[92.87,80.38]]],[[[79.43,80.8],[79.1,80.89],[80.7,80.93],[79.43,80.8]]],[[[91.0,81.03],[90.32,81.13],[92.01,81.19],[91.0,81.03]]],[[[157.74,-83.34],[157.17,-83.26],[156.65,-83.33],[156.35,-83.3],[156.54,-83.26],[156.79,-83.28],[156.55,-83.2],[158.14,-83.17],[158.19,-83.22],[157.74,-83.34]]],[[[155.99,-83.09],[156.3,-83.05],[156.02,-83.04],[156.13,-83.02],[157.36,-82.93],[156.83,-83.0],[157.03,-82.99],[156.97,-83.08],[157.27,-83.06],[157.11,-83.03],[157.5,-82.98],[157.25,-83.1],[157.37,-83.12],[156.59,-83.09],[156.89,-83.04],[155.99,-83.09]]],[[[156.6,-80.03],[156.45,-80.16],[156.6,-80.21],[155.44,-80.08],[155.21,-79.98],[155.43,-79.95],[154.94,-79.85],[155.06,-79.83],[155.93,-80.02],[156.6,-80.03]]],[[[156.24,-79.7],[156.21,-79.8],[157.59,-79.88],[156.37,-80.01],[155.91,-79.94],[156.33,-79.95],[156.5,-79.86],[155.83,-79.83],[156.03,-79.81],[156.24,-79.7]]],[[[157.2,-79.31],[157.36,-79.23],[157.76,-79.31],[157.17,-79.32],[156.42,-79.19],[157.39,-79.17],[156.96,-79.2],[157.2,-79.31]]],[[[134.97,50.6],[135.1,50.36],[134.78,50.13],[134.03,50.23],[133.91,50.46],[134.97,50.6]]],[[[133.32,51.04],[133.21,51.07],[134.41,51.58],[135.05,51.55],[135.05,51.3],[133.32,51.04]]],[[[134.28,52.2],[133.42,52.05],[133.76,52.37],[133.23,52.58],[133.21,52.77],[133.75,52.68],[133.94,52.89],[134.36,52.8],[134.56,52.97],[134.39,53.25],[134.62,53.53],[134.44,53.8],[134.65,54.03],[134.52,54.24],[135.58,54.27],[135.11,53.99],[134.98,53.56],[135.45,53.16],[135.18,52.9],[135.35,52.65],[134.99,52.33],[135.07,52.09],[134.33,52.0],[134.28,52.2]]],[[[115.55,54.02],[115.81,53.96],[115.06,53.31],[114.52,53.17],[114.36,53.27],[114.92,53.84],[115.55,54.02]]],[[[117.38,54.08],[117.99,53.84],[117.92,53.66],[117.39,53.51],[117.03,53.63],[117.12,53.99],[117.38,54.08]]],[[[116.14,53.68],[116.27,53.94],[116.99,54.32],[116.31,53.64],[116.14,53.68]]],[[[111.63,55.46],[111.93,55.61],[112.18,55.61],[112.07,55.36],[112.5,55.22],[112.27,54.95],[112.45,54.65],[112.04,54.23],[110.49,53.23],[109.76,53.0],[109.26,53.03],[110.0,53.69],[110.67,53.89],[111.19,54.58],[111.64,54.56],[111.78,55.1],[111.63,55.46]]],[[[114.23,54.5],[114.82,54.56],[114.38,54.22],[114.05,54.32],[114.23,54.5]]],[[[112.94,54.7],[113.3,54.92],[113.56,54.86],[113.23,54.6],[112.94,54.7]]],[[[118.09,54.75],[117.81,54.56],[117.42,54.65],[117.6,54.96],[117.85,55.06],[117.96,55.02],[117.84,54.79],[118.09,54.75]]],[[[114.26,54.78],[114.13,54.85],[114.25,54.99],[114.69,55.02],[114.58,54.84],[114.26,54.78]]],[[[131.47,54.67],[131.0,54.34],[130.8,53.94],[131.31,53.61],[130.37,53.67],[130.11,53.91],[130.23,54.21],[131.28,55.13],[131.26,55.56],[130.26,55.38],[129.61,55.62],[128.71,55.51],[128.49,55.67],[129.32,55.97],[129.53,56.2],[129.71,56.14],[129.53,55.82],[130.2,55.76],[130.45,55.91],[130.41,56.26],[130.98,56.41],[131.1,56.39],[130.86,56.1],[130.93,56.0],[131.26,56.02],[131.86,56.37],[132.11,56.32],[132.04,56.01],[132.32,55.92],[132.59,55.95],[133.04,56.41],[133.4,56.48],[133.51,56.4],[133.24,56.19],[133.2,55.95],[133.78,55.72],[136.26,56.05],[136.24,55.87],[135.89,55.75],[133.76,55.43],[133.09,55.53],[132.06,55.42],[131.72,54.94],[132.18,54.92],[132.44,54.81],[131.47,54.67]]],[[[109.73,54.21],[109.65,54.6],[110.15,55.12],[110.07,55.77],[110.22,55.91],[110.73,55.84],[110.8,55.66],[110.48,55.35],[109.91,54.23],[109.73,54.21]]],[[[113.48,55.05],[113.46,55.21],[113.96,55.23],[113.89,55.03],[113.48,55.05]]],[[[114.92,55.38],[114.74,55.5],[115.02,55.73],[115.22,55.47],[114.92,55.38]]],[[[116.94,55.49],[116.89,55.58],[117.73,55.83],[118.21,55.82],[118.11,55.63],[116.94,55.49]]],[[[115.03,56.09],[115.15,56.04],[114.04,55.46],[112.95,55.33],[112.5,55.56],[115.03,56.09]]],[[[111.14,55.78],[111.13,55.96],[111.41,56.08],[111.51,55.77],[111.14,55.78]]],[[[116.45,55.86],[116.21,55.95],[116.5,56.18],[119.2,56.91],[120.34,56.79],[120.09,56.44],[120.75,56.24],[120.27,55.95],[119.57,55.91],[119.41,55.95],[119.4,56.48],[119.09,56.37],[118.99,56.01],[118.79,55.97],[117.92,56.21],[116.45,55.86]]],[[[112.65,55.98],[112.91,56.24],[113.41,56.26],[113.67,56.43],[112.15,56.2],[111.92,56.34],[111.11,56.27],[110.57,56.49],[109.64,56.22],[109.06,56.2],[109.04,56.32],[109.38,56.48],[109.57,56.87],[110.4,57.02],[110.89,57.4],[111.1,57.34],[110.51,56.76],[111.38,57.18],[111.48,57.16],[111.17,56.66],[111.84,56.9],[112.3,56.58],[112.52,56.6],[112.66,56.84],[112.24,57.13],[112.38,57.18],[114.04,57.01],[114.25,57.25],[113.89,57.45],[113.92,57.64],[114.33,57.67],[115.07,57.4],[115.95,57.41],[114.65,57.02],[114.83,56.68],[113.78,55.93],[112.6,55.69],[112.04,55.81],[111.94,55.92],[112.05,56.06],[112.65,55.98]]],[[[124.55,56.86],[124.71,56.56],[124.65,56.3],[124.33,56.12],[124.22,56.36],[121.9,57.12],[122.16,57.33],[122.91,57.4],[124.06,56.9],[124.55,56.86]]],[[[137.06,57.05],[137.61,57.21],[137.35,56.93],[136.9,56.86],[136.55,57.01],[136.73,57.19],[137.06,57.05]]],[[[115.8,56.85],[116.46,57.13],[117.4,57.12],[117.52,57.24],[116.77,57.37],[116.85,57.58],[117.56,57.79],[117.86,57.78],[117.68,57.48],[118.27,57.64],[118.52,57.56],[117.89,57.11],[117.72,56.81],[116.6,56.44],[116.45,56.51],[116.65,56.7],[116.16,56.53],[115.8,56.85]]],[[[128.92,57.39],[128.17,57.24],[128.25,57.13],[128.02,57.0],[126.55,56.64],[126.44,56.33],[125.8,56.38],[126.14,56.82],[126.59,56.9],[126.74,57.21],[127.63,57.4],[127.89,57.72],[129.0,57.93],[129.95,58.31],[130.56,58.33],[130.8,58.19],[128.92,57.39]]],[[[132.52,57.38],[132.28,57.35],[131.56,57.69],[132.6,57.71],[132.52,57.38]]],[[[125.61,57.56],[125.42,57.45],[124.65,57.54],[124.96,57.78],[125.61,57.56]]],[[[138.46,57.75],[138.17,57.46],[137.59,57.52],[138.04,57.76],[138.46,57.75]]],[[[120.28,58.43],[120.44,58.48],[120.99,58.33],[120.68,57.82],[120.92,57.64],[120.12,57.06],[119.5,57.06],[119.39,57.56],[119.02,57.95],[119.61,57.88],[119.6,57.51],[119.72,57.47],[119.95,57.57],[119.88,57.93],[120.2,58.11],[120.28,58.43]]],[[[126.33,57.77],[126.04,57.9],[126.39,58.12],[126.81,58.07],[126.63,57.84],[126.33,57.77]]],[[[110.82,57.68],[110.71,57.91],[111.64,58.17],[111.91,58.67],[112.36,58.51],[112.09,58.11],[110.82,57.68]]],[[[138.97,58.11],[138.52,58.12],[138.61,58.33],[139.61,58.63],[139.86,58.56],[138.97,58.11]]],[[[125.48,58.4],[125.7,58.55],[126.26,58.32],[126.16,58.18],[125.65,58.18],[125.48,58.4]]],[[[115.79,58.95],[114.54,58.95],[114.72,59.13],[114.69,59.32],[114.94,59.43],[115.79,58.95]]],[[[140.41,59.75],[140.66,59.38],[140.38,59.17],[140.2,58.75],[139.83,58.81],[140.02,59.29],[139.93,59.63],[140.41,59.75]]],[[[116.17,59.51],[116.41,59.38],[116.22,59.26],[115.46,59.3],[115.81,59.53],[116.17,59.51]]],[[[146.28,59.75],[147.89,59.67],[148.23,59.47],[147.5,59.24],[146.4,59.47],[146.27,59.2],[145.94,59.14],[145.77,59.21],[145.95,59.38],[145.58,59.37],[146.28,59.75]]],[[[151.36,60.62],[152.86,60.59],[152.86,60.28],[152.6,60.14],[151.88,60.32],[150.91,60.28],[151.36,60.62]]],[[[150.21,60.16],[149.61,60.08],[149.1,60.4],[149.63,60.67],[149.72,60.97],[150.1,61.02],[150.67,60.63],[150.21,60.16]]],[[[138.61,60.66],[138.76,60.43],[138.21,60.5],[138.44,60.8],[138.69,60.82],[138.61,60.66]]],[[[139.34,60.74],[139.63,60.61],[139.15,60.51],[139.19,60.62],[138.94,60.74],[139.34,60.74]]],[[[148.94,60.99],[149.24,60.65],[148.95,60.59],[148.51,60.9],[148.94,60.99]]],[[[146.09,61.39],[146.67,61.29],[147.33,61.52],[147.58,61.47],[147.4,61.22],[147.51,61.14],[147.96,61.27],[148.28,61.0],[147.39,60.63],[147.02,60.77],[145.65,60.38],[145.48,60.51],[145.65,60.64],[146.49,61.0],[146.04,61.26],[146.09,61.39]]],[[[152.4,61.02],[152.96,60.79],[152.7,60.7],[151.12,61.21],[151.51,61.42],[152.48,61.17],[152.4,61.02]]],[[[139.71,60.89],[138.83,60.94],[139.57,61.28],[140.12,61.32],[140.62,61.03],[140.56,60.92],[139.89,61.14],[139.71,60.89]]],[[[151.34,61.81],[150.99,61.45],[150.48,61.48],[150.95,61.81],[151.34,61.81]]],[[[153.39,61.92],[153.1,61.65],[152.63,61.76],[153.12,62.03],[153.39,61.92]]],[[[146.07,62.25],[146.38,62.29],[147.36,61.81],[146.76,61.66],[146.59,61.95],[146.07,62.25]]],[[[146.14,62.56],[145.48,62.18],[145.85,61.52],[145.47,61.21],[144.77,61.26],[144.67,61.33],[144.8,61.48],[144.67,61.51],[144.38,61.26],[144.18,61.35],[144.41,61.84],[144.84,62.02],[144.01,62.11],[144.08,61.9],[143.54,61.94],[143.59,61.59],[143.31,61.47],[143.02,61.63],[143.0,61.94],[142.59,61.62],[142.43,61.88],[142.03,61.99],[141.84,61.89],[142.04,61.52],[141.76,61.42],[141.18,61.66],[141.28,62.07],[140.86,61.8],[140.65,61.83],[140.55,61.97],[140.9,62.17],[140.77,62.3],[140.53,62.26],[140.0,61.62],[139.67,61.46],[138.37,61.23],[138.21,61.35],[138.32,61.48],[139.46,61.88],[139.29,62.05],[138.48,62.11],[138.44,62.3],[139.21,62.41],[137.47,62.52],[137.38,62.67],[140.81,63.27],[141.15,63.21],[140.59,62.89],[140.63,62.77],[141.91,62.99],[142.73,62.81],[143.01,62.49],[143.01,62.27],[143.35,62.28],[143.48,62.58],[144.02,62.37],[145.12,62.36],[145.42,62.46],[145.07,62.95],[145.29,63.05],[146.14,62.56]]],[[[152.23,62.46],[152.72,62.53],[153.39,62.3],[152.34,62.02],[152.04,62.14],[152.23,62.46]]],[[[148.35,62.7],[148.06,62.58],[146.98,62.86],[148.0,62.94],[148.35,62.7]]],[[[149.32,62.78],[149.29,62.98],[148.9,63.25],[149.22,63.29],[149.9,62.87],[149.32,62.78]]],[[[137.84,63.3],[138.03,63.18],[137.89,62.93],[137.1,63.17],[136.86,63.39],[137.84,63.3]]],[[[135.98,63.66],[136.15,63.54],[135.94,63.34],[135.5,63.42],[135.98,63.66]]],[[[156.5,63.45],[156.24,63.72],[156.35,64.03],[156.59,64.04],[156.77,63.79],[157.24,63.67],[157.08,63.54],[157.25,63.34],[156.95,63.15],[156.34,63.24],[156.5,63.45]]],[[[136.56,63.64],[136.29,63.89],[136.83,64.1],[138.22,63.97],[138.42,63.8],[138.15,63.58],[137.74,63.76],[136.56,63.64]]],[[[142.89,64.2],[143.21,64.38],[144.21,64.18],[144.08,63.99],[144.83,63.55],[144.35,63.45],[143.45,63.68],[142.89,64.2]]],[[[141.17,63.63],[140.45,63.32],[138.85,63.09],[138.63,63.21],[138.86,63.35],[138.59,63.51],[138.88,63.64],[138.88,63.87],[139.48,64.01],[138.71,64.28],[138.12,64.19],[138.02,64.37],[137.35,64.19],[137.21,64.24],[137.29,64.4],[136.75,64.22],[136.52,64.27],[136.53,64.45],[137.33,65.6],[137.67,65.29],[137.28,65.06],[139.09,64.85],[139.5,65.09],[140.15,65.1],[140.23,65.01],[139.88,64.7],[140.82,64.53],[140.8,64.42],[139.85,64.29],[140.97,63.97],[139.96,63.55],[141.17,63.63]]],[[[156.91,64.62],[157.24,64.53],[156.93,64.26],[156.42,64.13],[155.89,64.22],[155.81,64.38],[155.9,64.58],[156.39,64.41],[156.91,64.62]]],[[[146.36,63.44],[146.44,63.61],[145.83,63.76],[146.36,63.83],[146.48,63.96],[146.39,64.04],[144.7,64.13],[145.0,64.45],[143.96,64.48],[143.48,64.97],[143.94,65.34],[143.6,65.88],[144.07,65.98],[144.38,65.87],[144.28,65.56],[144.86,65.51],[145.2,65.76],[146.55,65.41],[146.39,64.85],[147.23,64.67],[147.84,64.34],[147.94,63.98],[147.56,63.69],[147.87,63.27],[147.55,63.14],[146.36,63.44]]],[[[135.16,64.79],[135.34,64.97],[136.25,65.01],[136.25,64.81],[135.79,64.56],[136.23,64.54],[136.14,64.21],[135.41,64.28],[135.44,64.47],[135.16,64.79]]],[[[127.65,64.9],[127.46,64.82],[127.53,64.67],[127.37,64.53],[126.95,64.66],[126.74,65.09],[127.65,64.9]]],[[[136.38,65.24],[136.26,65.38],[136.44,65.49],[136.78,65.39],[136.38,65.24]]],[[[134.82,65.41],[134.05,65.18],[134.22,65.73],[134.72,65.57],[135.49,65.91],[135.69,65.82],[135.35,65.38],[134.82,65.41]]],[[[137.33,65.92],[137.71,65.83],[137.63,65.76],[137.06,65.83],[137.33,65.92]]],[[[136.16,65.72],[136.48,66.23],[136.97,66.25],[137.03,65.97],[136.24,65.64],[136.16,65.72]]],[[[155.23,66.08],[155.63,65.92],[154.75,65.82],[154.35,65.94],[155.23,66.08]]],[[[149.73,65.73],[149.59,65.33],[150.28,64.97],[149.07,64.6],[148.66,64.67],[149.32,65.07],[149.18,65.27],[148.5,64.93],[147.81,64.89],[147.33,65.37],[147.22,65.7],[144.09,66.47],[144.21,66.88],[143.55,67.26],[143.98,67.53],[144.15,67.32],[144.66,67.49],[144.99,67.33],[145.49,67.4],[145.1,66.98],[145.79,66.83],[147.16,66.2],[148.88,66.02],[148.88,65.89],[149.73,65.73]]],[[[133.89,66.08],[135.12,66.39],[135.45,66.16],[134.15,65.96],[133.89,66.08]]],[[[156.6,66.58],[156.96,66.4],[157.66,66.47],[157.44,66.24],[158.45,65.99],[157.26,65.92],[156.9,66.2],[155.04,66.26],[155.24,66.45],[156.6,66.58]]],[[[154.26,66.2],[153.64,66.36],[152.99,66.26],[152.96,66.4],[153.63,66.8],[153.86,66.66],[155.0,66.64],[154.26,66.2]]],[[[142.69,66.18],[141.78,66.36],[141.48,66.28],[142.13,65.98],[141.62,65.6],[142.81,65.04],[140.54,64.94],[140.34,65.38],[139.43,65.3],[139.22,65.36],[139.17,65.63],[138.62,65.92],[137.39,66.07],[136.93,66.4],[137.97,67.24],[135.65,68.04],[135.69,68.29],[136.01,68.43],[136.8,68.15],[137.24,68.2],[137.16,68.45],[136.61,68.72],[138.05,68.74],[137.83,68.49],[138.68,68.32],[138.58,67.99],[139.71,67.46],[140.39,67.37],[140.6,67.24],[140.54,66.84],[140.82,66.68],[142.92,66.33],[142.69,66.18]]],[[[142.96,67.74],[142.33,67.56],[142.26,67.24],[141.99,67.09],[141.4,67.1],[141.29,67.25],[141.37,67.44],[142.55,67.82],[142.96,67.74]]],[[[148.44,68.28],[149.36,67.96],[148.82,67.78],[148.91,67.5],[148.48,67.36],[148.28,67.58],[147.55,67.82],[148.44,68.28]]],[[[149.6,69.05],[148.77,68.77],[148.65,68.6],[148.14,68.65],[148.53,69.04],[149.4,69.16],[149.6,69.05]]],[[[126.32,68.99],[126.73,69.4],[127.24,69.37],[127.49,69.07],[126.71,68.89],[126.32,68.99]]],[[[133.32,69.56],[133.57,70.09],[134.37,70.06],[133.85,69.5],[133.92,69.28],[133.73,68.95],[132.94,68.47],[132.33,68.43],[132.17,68.69],[133.32,69.56]]],[[[110.31,69.58],[110.91,69.36],[110.53,69.21],[108.99,69.2],[109.14,69.41],[110.31,69.58]]],[[[113.14,69.31],[113.03,69.57],[113.64,69.55],[113.93,69.36],[113.8,69.22],[113.14,69.31]]],[[[111.97,69.33],[111.65,69.32],[111.01,69.84],[111.51,69.86],[111.96,69.6],[111.97,69.33]]],[[[119.78,70.17],[119.73,70.29],[120.31,70.3],[120.15,70.15],[119.78,70.17]]],[[[120.85,70.23],[121.61,70.44],[122.02,70.32],[120.99,70.1],[120.85,70.23]]],[[[115.29,70.72],[115.61,70.91],[116.45,70.76],[115.29,70.72]]],[[[137.47,71.43],[137.06,71.55],[137.92,71.6],[137.83,71.45],[137.47,71.43]]],[[[129.38,72.23],[129.28,72.16],[129.4,72.15],[128.66,72.12],[127.55,72.43],[126.65,72.43],[127.96,72.62],[128.7,72.46],[129.28,72.43],[129.38,72.23]]],[[[127.88,72.76],[129.29,72.71],[127.31,72.65],[127.88,72.76]]],[[[126.3,72.5],[126.45,72.78],[126.33,72.9],[126.78,73.09],[126.57,73.37],[126.66,73.52],[126.89,73.38],[127.04,73.45],[126.96,73.54],[128.12,73.43],[128.42,73.36],[128.33,73.27],[128.96,73.22],[128.75,73.08],[129.14,73.08],[126.53,72.53],[126.56,72.41],[126.3,72.5]]],[[[126.24,72.51],[126.39,72.4],[126.11,72.3],[124.76,72.67],[122.46,72.97],[123.17,72.92],[123.46,73.07],[123.37,73.15],[123.64,73.17],[123.22,73.44],[123.49,73.47],[123.35,73.55],[123.5,73.72],[123.98,73.65],[124.37,73.82],[125.19,73.73],[125.23,73.55],[125.63,73.58],[125.54,73.43],[126.32,73.57],[126.46,73.49],[126.26,73.41],[126.51,73.42],[126.71,73.08],[126.33,72.9],[126.28,72.88],[126.39,72.79],[126.24,72.51]]],[[[143.59,73.19],[139.83,73.42],[140.56,73.49],[141.15,73.89],[142.06,73.89],[143.47,73.52],[143.58,73.43],[143.43,73.34],[143.59,73.19]]],[[[136.13,73.88],[135.39,74.22],[136.16,74.08],[136.36,73.94],[136.13,73.88]]],[[[141.08,74.18],[141.11,74.07],[140.26,73.95],[139.97,74.15],[140.36,74.26],[141.08,74.18]]],[[[111.95,74.35],[112.02,74.54],[113.56,74.42],[112.72,74.08],[111.51,74.31],[111.95,74.35]]],[[[150.7,74.88],[149.44,74.71],[148.03,74.81],[146.18,75.23],[146.51,75.57],[147.01,75.28],[147.67,75.4],[148.45,75.36],[148.74,75.17],[150.89,75.13],[150.7,74.88]]],[[[143.68,75.86],[145.46,75.49],[144.85,75.41],[144.77,75.33],[144.92,75.24],[144.03,75.0],[142.66,75.23],[142.56,75.45],[143.12,75.67],[142.43,75.72],[142.52,75.68],[142.05,75.62],[142.48,75.21],[143.73,74.95],[142.42,74.81],[141.95,75.02],[139.96,74.78],[139.87,74.96],[139.57,74.98],[139.59,74.79],[139.29,74.64],[138.04,74.78],[136.93,75.31],[137.51,75.33],[137.19,75.36],[137.56,75.59],[137.17,75.72],[137.88,75.74],[137.46,75.88],[137.67,76.0],[138.23,76.01],[138.49,76.16],[138.52,76.04],[138.8,76.22],[141.0,75.61],[141.27,75.63],[140.99,75.75],[141.0,76.0],[141.8,76.01],[141.47,76.17],[142.49,75.89],[143.68,75.86]]],[[[135.92,75.5],[136.01,75.42],[135.41,75.44],[135.59,75.54],[135.48,75.7],[135.74,75.91],[136.14,75.59],[135.92,75.5]]],[[[149.27,76.64],[148.49,76.64],[149.53,76.77],[149.27,76.64]]],[[[107.86,78.08],[106.56,78.14],[107.69,78.2],[107.86,78.08]]],[[[105.56,78.55],[104.92,78.34],[99.51,77.99],[99.58,78.16],[100.22,78.35],[100.08,78.43],[100.37,78.48],[100.53,78.72],[101.36,78.8],[100.94,78.93],[101.68,78.99],[101.29,79.11],[101.79,79.34],[102.51,79.23],[102.44,79.4],[102.64,79.42],[103.4,79.29],[103.05,79.26],[102.62,78.86],[103.67,79.21],[104.72,78.94],[104.58,78.87],[104.76,78.76],[105.28,78.83],[105.56,78.55]]],[[[158.79,-79.88],[159.1,-79.84],[158.23,-79.83],[158.43,-79.72],[159.34,-79.8],[159.8,-79.71],[159.25,-79.9],[158.79,-79.88]]],[[[157.75,-79.58],[157.24,-79.58],[157.58,-79.7],[156.95,-79.55],[157.34,-79.48],[157.75,-79.58]]],[[[156.75,51.02],[156.49,51.32],[156.45,51.63],[157.14,51.82],[156.98,52.09],[157.42,52.28],[157.06,52.57],[157.48,53.13],[158.04,53.46],[158.22,52.98],[158.47,52.83],[158.1,52.62],[158.34,52.28],[157.71,52.37],[158.08,51.79],[156.66,50.88],[156.75,51.02]]],[[[157.53,65.73],[158.62,65.73],[158.82,65.6],[158.57,65.48],[157.53,65.73]]],[[[159.19,-82.25],[159.05,-82.3],[159.78,-82.37],[159.02,-82.33],[159.92,-82.42],[159.13,-82.41],[158.74,-82.25],[159.19,-82.25]]],[[[159.48,64.26],[159.87,64.36],[159.36,65.19],[160.04,65.31],[160.75,64.84],[160.45,64.62],[161.01,64.54],[160.83,64.27],[159.31,63.83],[158.39,63.3],[157.65,63.35],[157.61,63.48],[157.95,63.73],[157.63,64.25],[157.69,64.4],[158.15,64.5],[158.7,64.21],[158.95,64.31],[159.07,64.57],[159.49,64.46],[159.48,64.26]]],[[[161.16,-84.31],[161.29,-84.27],[159.97,-84.22],[162.22,-84.1],[161.99,-84.2],[162.57,-84.21],[161.54,-84.29],[161.16,-84.31]]],[[[160.65,-77.73],[161.26,-77.87],[160.77,-77.89],[160.31,-77.99],[160.1,-77.98],[160.34,-77.96],[160.37,-77.86],[160.2,-77.88],[160.01,-77.85],[160.65,-77.73]]],[[[161.21,-76.97],[160.79,-76.99],[160.62,-76.92],[160.8,-76.91],[160.67,-76.86],[160.78,-76.79],[160.29,-76.7],[160.62,-76.57],[161.05,-76.55],[161.11,-76.6],[160.99,-76.62],[160.9,-76.62],[160.85,-76.57],[160.64,-76.64],[160.85,-76.67],[161.25,-76.63],[161.04,-76.71],[161.49,-76.83],[161.12,-76.92],[161.21,-76.97]]],[[[160.68,55.16],[161.2,55.9],[161.87,56.28],[162.44,56.25],[162.04,56.11],[161.7,55.48],[161.72,55.22],[162.1,54.83],[160.34,54.76],[159.73,54.31],[159.24,54.45],[159.39,53.9],[158.51,53.88],[158.47,54.18],[158.7,54.52],[159.4,54.61],[160.68,55.16]]],[[[160.82,55.9],[160.61,56.03],[160.54,56.39],[160.99,56.42],[161.14,56.03],[160.82,55.9]]],[[[161.29,57.76],[161.21,57.66],[160.48,57.26],[159.69,56.22],[159.06,55.97],[158.86,55.3],[158.28,54.66],[158.01,53.82],[157.81,53.73],[157.47,53.93],[157.47,54.31],[157.16,54.52],[157.5,55.02],[157.2,55.22],[157.31,55.47],[157.19,55.73],[157.63,56.11],[157.66,56.52],[157.99,56.84],[157.84,57.14],[158.15,57.31],[158.31,57.07],[158.62,57.08],[158.85,57.42],[159.52,57.65],[159.53,57.95],[160.24,58.15],[160.02,58.4],[160.21,58.61],[159.94,58.87],[160.31,59.18],[160.35,59.45],[161.92,60.23],[161.89,60.41],[162.82,60.77],[163.63,60.84],[163.45,61.03],[163.99,61.35],[163.7,61.51],[164.04,61.77],[164.05,62.27],[164.52,62.47],[165.26,62.29],[165.06,62.45],[165.52,62.44],[164.36,62.7],[163.24,62.5],[163.35,62.37],[163.14,62.28],[163.14,62.05],[162.91,61.83],[163.3,61.68],[163.0,61.54],[162.74,61.74],[162.54,61.69],[162.59,61.59],[162.35,61.66],[160.75,60.74],[160.37,60.77],[160.16,60.61],[160.16,60.86],[160.42,61.03],[159.8,60.93],[159.92,61.26],[159.77,61.27],[160.14,61.39],[160.04,61.48],[160.38,61.77],[160.3,61.92],[159.54,61.63],[159.58,61.82],[159.18,61.92],[158.06,61.74],[157.45,61.81],[156.66,61.54],[156.63,61.21],[156.49,61.2],[156.28,61.51],[155.24,61.78],[155.15,61.73],[155.57,61.36],[155.51,61.18],[155.21,61.16],[154.95,61.46],[154.76,61.45],[154.63,60.94],[154.14,61.27],[153.75,60.84],[153.43,60.78],[152.58,61.3],[152.75,61.46],[153.76,61.49],[153.75,61.94],[154.79,61.93],[154.21,62.39],[154.65,62.68],[154.38,62.99],[154.7,63.44],[154.21,63.64],[154.37,63.78],[155.17,63.65],[155.17,63.39],[155.61,63.11],[155.41,62.97],[155.65,62.71],[155.05,62.3],[155.09,62.12],[155.53,61.96],[156.17,62.02],[156.3,62.11],[155.68,62.27],[156.18,62.39],[156.14,62.57],[156.82,62.66],[156.22,63.03],[158.27,62.9],[158.84,63.28],[160.74,63.78],[161.32,64.2],[161.72,64.19],[161.48,63.93],[162.05,64.11],[162.29,64.0],[162.12,63.85],[162.59,63.83],[162.71,64.0],[162.29,64.43],[162.6,64.61],[161.79,64.89],[163.17,65.04],[162.91,65.18],[162.85,65.42],[162.29,65.4],[162.43,65.57],[164.24,65.56],[163.9,65.35],[164.12,65.22],[164.45,65.47],[165.33,65.38],[165.1,65.66],[165.74,65.93],[165.42,66.07],[164.97,65.87],[164.02,65.91],[164.52,66.15],[164.35,66.2],[163.17,65.92],[161.35,66.16],[160.57,66.43],[160.79,66.52],[161.38,66.39],[161.29,66.53],[161.5,66.76],[160.93,67.05],[161.01,67.12],[162.44,67.08],[162.59,66.97],[162.1,66.87],[162.48,66.81],[162.85,66.46],[163.11,66.64],[163.94,66.4],[164.84,66.55],[165.44,66.2],[165.69,66.42],[166.41,66.36],[166.7,66.59],[167.64,66.49],[169.22,66.71],[169.0,66.88],[166.12,66.78],[165.86,66.98],[166.49,67.17],[165.22,67.22],[164.21,67.67],[164.01,67.64],[163.91,67.43],[163.39,67.43],[163.01,67.93],[164.59,67.98],[165.65,67.77],[166.02,67.54],[167.0,67.64],[167.67,67.14],[169.91,67.02],[169.88,67.24],[169.61,67.38],[168.47,67.58],[168.19,67.78],[168.73,68.1],[167.79,68.16],[167.82,68.32],[167.55,68.45],[166.63,68.43],[166.05,68.67],[165.25,68.61],[165.09,68.66],[165.36,68.86],[165.3,69.03],[165.01,69.09],[164.24,68.99],[163.0,69.25],[162.18,69.15],[162.22,69.42],[162.05,69.51],[162.19,69.65],[164.02,69.76],[164.67,69.54],[166.75,69.5],[167.81,69.8],[168.24,69.57],[168.34,69.23],[169.24,69.15],[169.61,68.8],[170.58,68.77],[170.48,68.92],[170.76,68.84],[171.02,69.12],[170.63,69.51],[170.14,69.6],[170.56,69.77],[170.57,70.07],[170.45,70.11],[172.7,69.98],[173.29,69.76],[173.47,69.83],[173.2,69.89],[176.03,69.87],[178.75,69.41],[179.07,69.32],[178.67,69.3],[179.3,69.27],[180.0,68.98],[180.0,65.4],[179.85,65.34],[180.0,65.33],[180.0,65.07],[178.9,64.7],[178.0,64.66],[176.94,65.07],[176.32,65.04],[176.95,65.04],[177.3,64.82],[176.08,64.94],[175.03,64.76],[176.14,64.89],[176.41,64.69],[176.12,64.56],[177.38,64.77],[177.42,64.45],[177.8,64.25],[178.26,64.38],[178.59,64.03],[178.38,64.0],[178.67,63.95],[178.76,63.64],[178.63,63.57],[179.41,63.13],[179.28,63.04],[179.59,62.75],[179.12,62.47],[179.15,62.33],[177.68,62.52],[177.59,62.65],[177.27,62.57],[177.42,62.79],[177.2,62.7],[176.99,62.87],[176.93,62.67],[177.14,62.56],[175.14,62.13],[175.13,62.01],[174.54,61.96],[174.5,61.82],[173.95,61.81],[173.83,61.66],[173.49,61.73],[173.05,61.37],[172.61,61.41],[172.86,61.3],[172.21,61.19],[172.3,61.03],[171.99,61.04],[171.98,60.83],[171.89,60.92],[171.25,60.59],[170.47,60.46],[170.58,60.32],[170.2,59.93],[169.19,60.63],[166.98,60.41],[166.17,59.8],[166.08,59.94],[166.3,60.47],[166.16,60.5],[164.87,60.11],[165.05,60.02],[164.84,59.82],[164.6,60.37],[163.78,60.2],[163.8,60.05],[163.57,60.01],[163.29,59.63],[162.9,59.48],[162.17,58.77],[161.48,58.61],[161.4,58.33],[161.09,58.09],[161.29,57.76]]],[[[162.31,-77.63],[162.49,-77.67],[163.05,-77.62],[162.57,-77.6],[162.67,-77.57],[162.69,-77.53],[162.75,-77.57],[163.34,-77.59],[163.24,-77.54],[163.65,-77.49],[163.58,-77.39],[163.86,-77.49],[163.5,-77.57],[163.7,-77.61],[163.65,-77.65],[162.49,-77.82],[161.29,-77.81],[161.03,-77.67],[160.45,-77.67],[160.66,-77.63],[160.49,-77.63],[160.53,-77.62],[160.4,-77.61],[160.36,-77.57],[159.88,-77.58],[160.18,-77.53],[160.68,-77.57],[160.5,-77.44],[160.26,-77.43],[160.75,-77.4],[160.4,-77.33],[160.42,-77.22],[160.68,-77.21],[160.58,-77.18],[160.86,-77.17],[160.91,-77.24],[160.51,-77.27],[160.77,-77.33],[160.9,-77.34],[160.7,-77.29],[160.86,-77.28],[161.07,-77.2],[161.37,-77.24],[160.88,-77.28],[161.01,-77.31],[161.52,-77.29],[161.55,-77.21],[161.24,-77.2],[161.72,-77.17],[162.15,-77.24],[161.91,-77.31],[162.14,-77.27],[162.03,-77.32],[162.48,-77.29],[162.17,-77.32],[162.54,-77.39],[163.04,-77.36],[162.8,-77.52],[162.41,-77.49],[162.48,-77.52],[162.57,-77.52],[162.31,-77.63]]],[[[161.32,56.61],[161.76,56.82],[161.75,57.38],[162.67,57.37],[162.77,56.67],[161.74,56.46],[161.32,56.61]]],[[[162.59,-74.64],[162.79,-74.69],[162.72,-74.74],[162.4,-74.69],[162.5,-74.63],[162.4,-74.62],[162.63,-74.59],[162.33,-74.34],[162.76,-74.33],[162.65,-74.36],[162.99,-74.43],[162.83,-74.45],[162.6,-74.36],[162.73,-74.44],[162.61,-74.46],[162.6,-74.53],[162.77,-74.58],[162.64,-74.61],[162.85,-74.65],[162.59,-74.64]]],[[[162.52,-78.21],[163.33,-78.24],[162.94,-78.15],[163.5,-78.15],[163.71,-78.11],[163.35,-78.12],[163.71,-78.1],[163.42,-78.09],[163.79,-78.05],[163.55,-77.98],[163.77,-77.89],[164.37,-77.85],[164.57,-77.94],[163.44,-78.25],[163.63,-78.28],[163.53,-78.35],[162.73,-78.33],[163.1,-78.39],[162.96,-78.4],[162.81,-78.39],[162.52,-78.3],[162.2,-78.32],[162.45,-78.28],[162.52,-78.21]]],[[[162.61,-78.19],[163.08,-78.22],[162.45,-78.19],[162.73,-78.13],[162.39,-78.05],[162.69,-78.05],[162.64,-78.04],[162.69,-78.01],[162.88,-78.04],[162.79,-78.09],[162.93,-78.05],[163.03,-78.08],[162.78,-78.11],[162.99,-78.11],[162.83,-78.15],[162.94,-78.15],[162.61,-78.19]]],[[[162.76,-77.97],[162.96,-77.97],[162.69,-78.01],[162.76,-77.97]]],[[[162.93,-78.04],[163.24,-78.03],[162.93,-78.05],[162.93,-78.04]]],[[[164.29,-84.72],[164.82,-84.65],[165.14,-84.67],[165.79,-84.62],[164.54,-84.75],[164.29,-84.72]]],[[[164.84,-84.58],[165.37,-84.61],[164.59,-84.61],[164.14,-84.65],[162.87,-84.59],[163.13,-84.57],[163.64,-84.61],[164.18,-84.57],[164.15,-84.62],[164.84,-84.58]]],[[[163.7,-84.34],[165.5,-84.34],[163.87,-84.48],[164.32,-84.5],[164.08,-84.52],[163.64,-84.45],[164.14,-84.38],[163.7,-84.34]]],[[[164.29,-84.52],[164.19,-84.54],[164.08,-84.52],[164.29,-84.52]]],[[[167.76,-85.24],[166.39,-85.27],[166.18,-85.22],[166.47,-85.16],[164.71,-85.23],[165.27,-85.24],[165.08,-85.28],[165.63,-85.35],[165.5,-85.37],[164.39,-85.25],[164.64,-85.19],[167.07,-85.07],[167.76,-85.24]]],[[[165.89,-78.51],[166.45,-78.53],[165.59,-78.46],[165.53,-78.43],[166.97,-78.52],[167.24,-78.65],[166.94,-78.69],[167.09,-78.62],[165.89,-78.51]]],[[[166.25,-50.84],[165.9,-50.85],[166.15,-50.53],[166.3,-50.57],[166.25,-50.84]]],[[[167.59,-85.32],[168.23,-85.42],[166.46,-85.41],[166.71,-85.39],[167.59,-85.32]]],[[[167.82,69.84],[168.32,70.0],[169.45,69.83],[169.29,69.6],[168.61,69.58],[167.82,69.84]]],[[[171.72,-85.4],[172.32,-85.49],[171.98,-85.52],[171.16,-85.51],[170.93,-85.45],[171.72,-85.4]]],[[[172.79,-85.4],[173.2,-85.45],[172.96,-85.46],[173.06,-85.5],[172.88,-85.46],[172.29,-85.47],[171.88,-85.4],[172.79,-85.4]]],[[[169.73,-84.94],[170.22,-84.9],[170.57,-84.92],[169.61,-85.04],[169.73,-84.94]]],[[[169.53,-85.05],[170.4,-85.04],[170.71,-85.15],[171.07,-85.15],[170.04,-85.24],[169.06,-84.95],[169.34,-84.94],[169.61,-85.04],[169.53,-85.05]]],[[[179.0,-84.79],[179.16,-84.83],[178.48,-84.91],[178.18,-84.81],[179.0,-84.79]]],[[[178.9,51.61],[179.47,51.37],[179.26,51.36],[178.63,51.64],[178.9,51.61]]],[[[172.9,52.76],[172.46,52.93],[172.75,53.01],[173.43,52.83],[172.9,52.76]]],[[[178.79,70.8],[178.62,71.03],[180.0,71.53],[180.0,71.0],[178.79,70.8]]]]}},{"type":"Feature","properties":{"biome":"Mediterranean Forests, Woodlands & Scrub","style":{"fillColor":"#FE0000"}},"geometry":{"type":"MultiPolygon","coordinates":[[[[-69.32,-26.97],[-69.72,-27.66],[-69.73,-28.15],[-70.22,-28.75],[-70.53,-29.66],[-70.39,-29.62],[-70.13,-29.89],[-70.11,-30.18],[-70.46,-30.04],[-70.3,-30.47],[-70.57,-30.29],[-70.6,-30.57],[-70.41,-30.75],[-70.42,-31.0],[-70.83,-31.38],[-70.46,-31.95],[-70.62,-32.19],[-70.52,-32.63],[-70.42,-32.56],[-70.35,-32.82],[-70.13,-32.95],[-70.49,-33.09],[-70.82,-32.79],[-71.33,-33.08],[-70.98,-33.45],[-70.81,-33.03],[-70.58,-33.55],[-71.17,-35.53],[-71.75,-36.32],[-71.98,-37.68],[-71.74,-37.82],[-72.2,-38.73],[-72.08,-39.1],[-72.25,-39.48],[-72.69,-39.3],[-73.16,-38.71],[-72.89,-38.59],[-72.57,-38.08],[-72.73,-37.19],[-72.36,-36.14],[-71.87,-35.66],[-72.02,-35.5],[-71.62,-34.91],[-71.91,-34.76],[-71.72,-34.27],[-71.94,-34.05],[-71.64,-33.67],[-71.76,-33.1],[-71.56,-33.0],[-71.41,-32.39],[-71.72,-30.6],[-71.65,-30.26],[-71.39,-30.18],[-71.28,-29.92],[-71.52,-28.91],[-70.91,-27.62],[-70.97,-27.17],[-70.81,-27.05],[-70.63,-26.33],[-70.74,-25.82],[-70.45,-25.36],[-70.58,-24.54],[-70.39,-23.61],[-70.62,-23.5],[-70.58,-23.08],[-70.31,-22.96],[-70.37,-26.06],[-70.28,-26.24],[-69.93,-26.27],[-69.43,-25.18],[-69.19,-25.5],[-69.09,-26.32],[-69.41,-26.76],[-69.32,-26.97]]],[[[-15.59,27.73],[-15.69,27.75],[-15.82,28.01],[-15.41,28.17],[-15.39,27.86],[-15.59,27.73]]],[[[-16.13,28.56],[-16.7,28.0],[-16.91,28.34],[-16.13,28.56]]],[[[-14.5,28.06],[-14.22,28.21],[-13.88,28.75],[-13.92,28.24],[-14.5,28.06]]],[[[-13.54,28.95],[-13.87,28.85],[-13.79,29.05],[-13.42,29.26],[-13.54,28.95]]],[[[-9.57,28.68],[-9.68,28.44],[-9.44,28.43],[-12.68,27.67],[-13.45,27.01],[-12.95,27.92],[-12.23,28.05],[-12.3,27.97],[-11.52,28.3],[-10.22,29.31],[-9.62,30.27],[-9.89,30.64],[-9.85,31.39],[-9.29,32.15],[-9.24,31.88],[-9.27,32.55],[-8.52,33.26],[-6.83,34.04],[-5.9,35.81],[-5.28,35.91],[-5.23,35.56],[-4.43,35.16],[-3.7,35.3],[-3.34,35.19],[-2.96,35.45],[-2.92,35.18],[-2.81,35.11],[-2.91,35.25],[-2.63,35.1],[-1.95,35.08],[-1.29,35.36],[-0.94,35.73],[-0.63,35.72],[-0.37,35.91],[-0.11,35.79],[0.35,36.2],[1.35,36.55],[2.55,36.59],[2.9,36.8],[4.79,36.89],[4.73,36.46],[5.46,36.31],[6.23,36.59],[6.4,36.91],[7.14,36.91],[7.21,37.09],[7.85,36.84],[8.47,36.9],[9.21,37.24],[9.87,37.33],[9.76,37.22],[9.81,37.15],[9.88,37.27],[10.28,37.19],[10.13,37.15],[10.37,36.72],[11.08,37.05],[11.12,36.84],[10.47,36.19],[10.66,35.82],[11.05,35.63],[11.16,35.23],[10.73,34.65],[10.52,35.07],[10.69,34.65],[10.11,34.31],[10.04,34.08],[10.04,34.5],[10.25,34.72],[9.97,34.8],[9.94,34.53],[9.64,34.41],[9.79,34.25],[9.66,34.05],[8.19,34.22],[7.0,34.77],[5.65,34.69],[3.78,33.6],[0.77,32.82],[-1.68,31.87],[-2.18,31.85],[-2.17,32.1],[-2.46,32.11],[-2.32,32.28],[-2.84,32.22],[-4.46,31.91],[-5.33,31.56],[-5.03,31.38],[-5.41,30.93],[-5.72,30.86],[-5.66,30.76],[-6.44,30.79],[-6.38,31.12],[-7.1,30.94],[-6.88,30.75],[-6.97,30.64],[-7.79,29.88],[-8.06,29.89],[-8.31,29.51],[-9.57,28.68]],[[8.27,36.37],[9.32,36.69],[8.81,36.96],[8.27,36.37]],[[7.33,36.65],[7.64,36.68],[7.68,36.84],[7.32,36.86],[7.33,36.65]],[[-4.03,33.6],[-4.22,33.84],[-4.46,33.53],[-4.12,33.31],[-3.82,33.67],[-4.03,33.6]],[[-5.87,35.65],[-5.03,34.9],[-4.29,34.79],[-4.29,34.98],[-4.88,35.08],[-5.51,35.73],[-5.87,35.65]],[[-6.83,31.34],[-6.62,31.31],[-5.98,31.53],[-5.75,31.87],[-5.64,31.7],[-5.38,32.08],[-4.59,32.57],[-4.98,32.57],[-5.92,32.18],[-5.88,31.89],[-6.22,31.86],[-6.83,31.34]],[[-5.23,32.92],[-4.65,33.31],[-5.1,33.52],[-5.55,32.97],[-5.23,32.92]]],[[[-117.23,32.7],[-117.17,32.7],[-117.21,32.73],[-117.24,32.72],[-117.24,32.67],[-117.26,32.75],[-117.21,32.77],[-117.21,32.79],[-117.33,33.12],[-117.39,33.21],[-117.49,33.32],[-118.12,33.75],[-118.41,33.74],[-118.53,34.03],[-119.13,34.1],[-119.56,34.41],[-120.45,34.44],[-120.64,34.56],[-120.64,35.14],[-121.3,35.7],[-121.9,36.3],[-121.98,36.58],[-121.79,36.8],[-122.18,37.0],[-121.58,36.89],[-122.5,37.63],[-122.41,37.81],[-122.36,37.59],[-122.09,37.44],[-121.94,37.45],[-122.11,37.5],[-122.21,37.76],[-122.42,37.93],[-122.26,38.06],[-122.41,38.16],[-122.47,37.84],[-122.63,37.88],[-123.19,38.49],[-122.89,38.39],[-122.91,38.58],[-123.22,38.7],[-123.24,38.9],[-123.54,39.13],[-123.27,39.06],[-123.22,39.34],[-122.7,39.09],[-122.94,39.39],[-122.85,39.47],[-122.8,39.28],[-122.59,39.22],[-122.73,39.34],[-122.66,39.63],[-122.86,39.81],[-122.64,39.76],[-122.8,39.87],[-122.68,40.02],[-122.93,40.44],[-122.56,40.51],[-122.47,40.73],[-121.91,40.67],[-122.01,40.46],[-121.63,40.23],[-121.75,39.88],[-121.34,39.6],[-121.02,38.94],[-120.69,38.63],[-120.67,38.24],[-120.4,38.11],[-120.12,37.59],[-119.03,36.87],[-119.23,36.86],[-118.81,36.5],[-118.87,36.28],[-118.74,36.25],[-118.59,35.74],[-118.67,35.56],[-118.49,35.92],[-118.31,35.73],[-118.68,35.5],[-118.52,35.32],[-118.67,35.05],[-118.69,35.0],[-118.92,34.91],[-117.87,34.41],[-116.57,34.27],[-116.48,34.14],[-116.77,33.93],[-117.01,33.99],[-116.62,33.85],[-116.37,33.53],[-116.57,33.5],[-116.47,33.28],[-116.6,33.19],[-116.36,32.75],[-115.85,32.42],[-115.46,31.34],[-115.73,31.33],[-115.27,31.0],[-115.25,30.64],[-115.58,30.78],[-116.21,31.56],[-116.64,31.73],[-117.23,32.7]],[[-117.13,32.61],[-117.11,32.6],[-117.12,32.67],[-117.17,32.7],[-117.13,32.61]],[[-118.79,35.16],[-118.59,35.29],[-118.91,35.68],[-118.92,36.06],[-119.11,36.29],[-119.01,36.42],[-119.24,36.51],[-119.35,36.77],[-119.43,36.69],[-119.51,36.92],[-119.68,36.87],[-119.98,37.09],[-120.47,37.67],[-120.77,37.68],[-120.69,37.82],[-121.04,38.06],[-121.09,38.46],[-121.2,38.45],[-121.12,38.68],[-121.3,38.78],[-121.57,39.65],[-121.76,39.68],[-122.16,40.22],[-122.45,39.92],[-122.27,39.64],[-122.3,39.12],[-121.87,38.76],[-122.07,38.8],[-121.97,38.33],[-121.69,38.16],[-121.82,38.07],[-122.03,38.24],[-122.13,38.05],[-121.68,38.0],[-121.77,37.95],[-121.18,37.45],[-120.85,36.77],[-119.95,35.99],[-119.88,35.76],[-120.16,35.7],[-119.71,35.35],[-119.68,35.35],[-119.34,35.17],[-119.63,35.23],[-119.29,34.95],[-118.67,35.05],[-118.79,35.16]]],[[[-119.51,35.34],[-119.32,35.27],[-119.68,35.35],[-119.51,35.34]]],[[[11.53,33.17],[11.33,33.1],[11.4,32.72],[10.17,32.89],[9.81,33.94],[10.76,33.48],[11.07,33.61],[11.1,33.36],[11.3,33.28],[11.14,33.32],[11.18,33.21],[11.45,33.18],[11.34,33.26],[11.53,33.17]]],[[[-2.15,36.74],[-4.39,36.72],[-4.65,36.5],[-5.17,36.41],[-5.59,36.02],[-6.04,36.19],[-6.45,36.72],[-6.36,36.84],[-6.96,37.23],[-7.87,37.01],[-8.54,37.12],[-8.98,37.02],[-8.75,37.72],[-8.92,38.47],[-8.67,38.41],[-8.75,38.56],[-9.22,38.4],[-9.29,38.65],[-8.99,38.64],[-9.0,38.9],[-9.15,38.68],[-9.47,38.7],[-9.41,39.35],[-9.19,39.39],[-8.59,40.72],[-8.35,40.24],[-7.54,40.65],[-7.55,41.03],[-8.35,41.09],[-7.64,41.2],[-7.44,41.34],[-7.72,41.2],[-7.51,41.73],[-7.94,41.98],[-7.28,42.04],[-7.26,42.32],[-7.78,42.45],[-7.46,42.67],[-7.03,42.47],[-6.64,42.79],[-4.31,42.88],[-3.61,42.8],[-2.9,42.5],[-3.1,42.6],[-2.03,42.7],[-1.41,42.6],[-1.47,42.76],[-1.32,42.9],[-1.29,42.62],[-0.81,42.58],[-0.97,42.54],[-0.87,42.43],[-0.35,42.55],[-0.31,42.39],[-0.48,42.34],[-0.21,42.26],[0.08,42.5],[0.56,42.37],[0.56,42.23],[0.75,42.37],[0.82,42.02],[0.89,42.26],[1.08,42.26],[1.18,42.14],[1.07,42.0],[1.45,42.08],[1.5,41.96],[1.47,42.12],[1.77,42.09],[1.81,42.25],[2.62,42.36],[2.53,42.58],[2.23,42.55],[2.44,42.79],[2.0,42.82],[2.34,43.24],[1.98,43.4],[2.79,43.45],[2.5,43.55],[2.69,43.61],[2.52,43.65],[2.65,43.99],[2.24,43.94],[2.74,44.07],[2.39,44.43],[3.78,44.58],[3.36,44.02],[3.79,44.06],[3.71,44.19],[3.93,44.19],[4.67,44.93],[4.78,45.6],[4.85,45.1],[5.2,45.0],[5.05,44.77],[5.29,44.87],[5.48,44.63],[5.81,44.55],[5.86,44.76],[5.94,44.6],[6.37,44.56],[6.62,44.69],[6.36,44.48],[6.52,44.22],[6.43,44.1],[6.65,44.26],[6.67,44.05],[6.76,44.2],[7.08,44.08],[6.91,44.28],[7.3,44.06],[7.62,44.15],[7.8,44.02],[7.73,44.14],[8.26,44.42],[7.46,44.31],[7.32,44.76],[7.4,44.96],[7.5,45.0],[7.47,44.83],[7.36,44.82],[7.7,44.56],[7.52,44.42],[7.62,44.35],[7.95,45.05],[8.39,45.06],[8.14,44.83],[8.78,44.79],[9.13,45.03],[9.68,44.95],[12.56,44.08],[13.52,43.62],[14.03,42.65],[14.72,42.09],[15.18,41.91],[16.18,41.88],[15.89,41.57],[16.0,41.43],[18.03,40.64],[18.52,40.14],[18.39,39.8],[18.09,39.89],[17.85,40.27],[17.2,40.4],[17.31,40.48],[16.85,40.36],[16.48,39.77],[17.14,39.38],[17.16,38.93],[16.6,38.8],[16.58,38.43],[16.06,37.91],[15.66,37.95],[15.63,38.2],[15.93,38.52],[15.83,38.63],[16.13,38.7],[16.21,38.89],[15.67,40.01],[15.27,40.0],[14.9,40.22],[15.01,40.41],[14.74,40.65],[14.34,40.54],[14.44,40.72],[14.04,40.76],[13.77,41.18],[13.04,41.2],[11.61,42.3],[11.08,42.39],[11.16,42.55],[10.73,42.8],[10.74,42.92],[10.5,42.92],[10.5,43.29],[10.18,43.93],[8.75,44.42],[8.0,43.85],[7.25,43.7],[7.13,43.54],[6.87,43.65],[7.05,43.54],[6.34,43.07],[4.07,43.55],[3.06,43.1],[3.05,42.59],[3.31,42.31],[3.12,42.2],[3.21,41.9],[2.15,41.3],[1.06,41.07],[0.75,40.85],[0.9,40.72],[0.56,40.59],[-0.34,39.47],[-0.16,38.97],[0.23,38.72],[-0.51,38.33],[-0.87,37.71],[-0.79,37.65],[-1.42,37.54],[-0.74,37.63],[-0.75,37.76],[-0.69,37.63],[-1.68,37.36],[-2.15,36.74]],[[14.21,41.59],[14.67,41.3],[14.41,41.77],[14.49,42.02],[14.21,42.19],[13.89,42.04],[13.6,42.21],[13.46,42.34],[13.75,42.27],[13.81,42.39],[13.56,42.59],[13.61,42.72],[13.18,43.0],[12.82,42.62],[12.91,42.49],[13.29,42.65],[13.09,41.94],[13.72,41.76],[13.91,41.53],[14.21,41.59]],[[11.1,44.21],[10.94,44.09],[11.37,44.03],[11.91,43.61],[12.02,43.64],[11.93,43.87],[11.1,44.21]],[[9.83,44.28],[9.99,44.38],[10.59,44.09],[10.8,44.14],[9.62,44.73],[9.16,44.73],[9.14,44.61],[9.83,44.28]]],[[[3.18,39.96],[3.16,39.77],[3.48,39.71],[3.08,39.26],[2.71,39.54],[2.36,39.55],[3.18,39.96]]],[[[9.53,39.09],[9.1,39.2],[8.99,38.96],[8.64,38.85],[8.36,39.21],[8.46,39.76],[8.56,39.68],[8.37,40.03],[8.48,40.27],[8.29,40.58],[8.15,40.54],[8.2,40.96],[8.54,40.81],[9.23,41.26],[9.53,41.15],[9.51,41.0],[9.67,40.98],[9.51,40.91],[9.72,40.82],[9.84,40.51],[9.63,40.24],[9.74,40.06],[9.53,39.09]]],[[[8.54,42.36],[8.72,42.57],[9.3,42.67],[9.36,43.0],[9.48,42.98],[9.58,42.16],[9.19,41.36],[8.78,41.56],[8.9,41.69],[8.67,41.74],[8.8,41.9],[8.62,41.9],[8.75,42.03],[8.54,42.36]]],[[[18.44,-33.7],[17.97,-33.14],[18.13,-33.19],[18.03,-33.1],[18.0,-32.97],[17.89,-33.04],[17.85,-32.83],[17.92,-32.71],[18.25,-32.68],[18.32,-32.32],[18.46,-32.38],[18.35,-32.09],[18.56,-32.09],[18.33,-31.93],[18.36,-31.65],[18.71,-31.97],[18.8,-31.87],[19.08,-32.06],[19.03,-31.89],[19.16,-31.91],[19.17,-32.23],[19.36,-32.15],[19.37,-32.19],[19.48,-32.25],[19.19,-32.24],[19.45,-32.81],[19.39,-32.56],[19.72,-32.88],[19.72,-33.21],[19.5,-33.23],[19.74,-33.28],[19.71,-33.25],[19.73,-33.22],[19.74,-33.25],[19.78,-33.26],[19.89,-33.24],[20.04,-33.18],[20.02,-33.17],[20.07,-33.17],[20.0,-33.14],[20.27,-33.15],[20.24,-33.19],[20.09,-33.24],[20.39,-33.18],[20.34,-33.2],[20.81,-33.25],[20.74,-33.26],[20.69,-33.29],[20.92,-33.31],[20.9,-33.34],[20.65,-33.34],[20.78,-33.4],[20.73,-33.45],[20.36,-33.49],[20.33,-33.47],[20.43,-33.45],[20.48,-33.41],[20.2,-33.45],[20.15,-33.36],[20.37,-33.32],[20.19,-33.31],[20.28,-33.26],[20.14,-33.27],[20.09,-33.3],[20.11,-33.35],[20.08,-33.36],[20.07,-33.37],[20.12,-33.38],[19.99,-33.38],[19.91,-33.45],[20.0,-33.46],[19.99,-33.47],[19.93,-33.5],[19.98,-33.49],[20.05,-33.53],[20.06,-33.53],[20.1,-33.51],[20.15,-33.5],[20.14,-33.49],[20.21,-33.47],[20.22,-33.49],[20.23,-33.47],[20.3,-33.47],[20.27,-33.5],[20.32,-33.51],[19.93,-33.62],[20.31,-33.6],[20.24,-33.68],[20.31,-33.64],[20.34,-33.66],[20.33,-33.7],[20.41,-33.68],[20.6,-33.76],[20.87,-33.8],[20.77,-33.89],[21.04,-33.92],[21.65,-33.9],[21.53,-33.91],[21.66,-33.93],[21.84,-33.8],[21.74,-33.74],[22.16,-33.82],[22.34,-33.8],[22.53,-33.71],[22.69,-33.74],[22.83,-33.72],[22.45,-33.58],[23.09,-33.52],[23.09,-33.5],[23.61,-33.49],[22.28,-33.44],[22.65,-33.47],[22.15,-33.63],[22.02,-33.5],[21.66,-33.52],[21.7,-33.65],[22.08,-33.65],[22.04,-33.72],[21.43,-33.72],[21.25,-33.61],[21.51,-33.48],[21.31,-33.54],[21.2,-33.52],[21.15,-33.47],[21.14,-33.49],[21.11,-33.47],[21.11,-33.46],[20.84,-33.44],[21.35,-33.34],[21.25,-33.35],[21.06,-33.29],[22.27,-33.21],[22.13,-33.23],[22.32,-33.22],[22.73,-33.29],[23.09,-33.29],[22.67,-33.31],[22.49,-33.27],[22.49,-33.26],[22.27,-33.28],[22.39,-33.29],[22.48,-33.31],[22.54,-33.36],[22.96,-33.42],[23.36,-33.38],[23.17,-33.36],[23.43,-33.27],[24.02,-33.5],[23.68,-33.47],[24.31,-33.54],[24.48,-33.43],[24.87,-33.5],[24.87,-33.37],[24.55,-33.39],[24.66,-33.37],[24.38,-33.33],[24.43,-33.31],[24.44,-33.31],[24.77,-33.3],[24.83,-33.31],[24.88,-33.35],[24.92,-33.27],[24.61,-33.22],[24.39,-33.15],[24.48,-32.83],[24.66,-32.87],[24.78,-32.69],[25.37,-32.88],[25.41,-32.65],[25.18,-32.35],[24.72,-32.36],[24.7,-32.1],[24.49,-32.01],[24.92,-31.61],[24.95,-31.73],[24.79,-31.74],[24.97,-31.8],[25.0,-32.16],[25.25,-32.13],[25.11,-32.22],[25.27,-32.18],[25.25,-32.31],[25.32,-32.15],[25.37,-32.26],[25.62,-32.13],[25.61,-32.45],[25.66,-32.46],[25.74,-32.5],[25.63,-32.53],[25.78,-32.52],[25.75,-32.46],[25.92,-32.38],[25.82,-32.59],[25.95,-32.49],[25.93,-32.35],[26.18,-32.3],[26.1,-32.6],[25.93,-32.61],[26.26,-32.68],[26.26,-32.52],[26.79,-32.96],[27.23,-32.85],[27.47,-32.99],[27.35,-32.87],[27.38,-32.76],[27.42,-32.9],[27.75,-32.91],[27.62,-32.82],[27.61,-32.72],[27.67,-32.84],[27.92,-32.87],[27.7,-32.68],[27.95,-32.84],[27.91,-32.6],[28.05,-32.83],[28.26,-32.65],[28.32,-32.66],[28.35,-32.69],[26.87,-33.63],[26.49,-33.76],[25.83,-33.7],[25.63,-34.05],[25.07,-33.95],[24.84,-34.21],[24.49,-34.17],[23.87,-33.9],[23.79,-33.94],[23.79,-33.87],[23.75,-33.94],[23.69,-33.88],[23.71,-33.93],[23.35,-33.91],[23.33,-33.97],[22.81,-33.83],[22.27,-33.92],[22.4,-34.06],[21.87,-34.36],[20.9,-34.37],[20.01,-34.83],[19.3,-34.63],[19.29,-34.42],[19.14,-34.42],[19.04,-34.34],[18.83,-34.39],[18.78,-34.08],[18.43,-34.14],[18.47,-34.36],[18.31,-34.04],[18.44,-33.7]],[[23.07,-33.69],[23.37,-33.52],[22.83,-33.72],[23.07,-33.69]],[[22.52,-33.39],[22.93,-33.43],[22.96,-33.42],[22.52,-33.39]]],[[[24.62,-33.27],[24.63,-33.27],[24.77,-33.3],[24.62,-33.27]]],[[[16.17,31.25],[14.91,31.36],[14.45,31.83],[14.14,31.89],[10.93,31.85],[12.23,32.34],[11.59,32.78],[11.72,33.12],[12.31,32.83],[13.39,32.9],[15.21,32.38],[15.65,31.46],[16.17,31.25]]],[[[12.64,37.56],[12.42,37.79],[12.5,38.01],[12.73,38.18],[12.9,38.02],[13.3,38.21],[13.64,38.0],[14.23,38.0],[15.63,38.26],[15.07,37.48],[15.32,37.01],[15.07,36.65],[14.48,36.78],[14.21,37.06],[13.73,37.14],[13.14,37.48],[12.64,37.56]]],[[[14.84,45.12],[14.95,44.97],[14.93,44.69],[15.26,44.4],[16.23,44.1],[16.88,43.5],[17.07,43.5],[16.74,43.91],[17.01,43.85],[17.22,43.6],[17.1,43.55],[17.29,43.46],[17.74,43.36],[17.77,43.53],[18.04,43.1],[18.53,43.02],[18.51,42.78],[18.95,42.83],[19.08,42.62],[19.57,42.43],[19.39,42.35],[19.57,42.31],[19.82,41.93],[19.72,42.1],[19.91,42.27],[20.22,42.46],[20.47,42.32],[20.48,41.69],[21.04,41.29],[21.38,40.78],[21.65,40.73],[22.02,40.91],[22.2,40.47],[22.4,40.49],[22.42,40.35],[22.5,41.05],[22.29,41.77],[23.75,41.08],[25.64,41.23],[25.92,40.99],[27.22,40.65],[26.64,40.4],[26.17,40.03],[26.22,40.31],[26.83,40.62],[26.14,40.58],[26.07,40.82],[25.1,41.0],[24.71,40.83],[24.43,40.93],[23.71,40.68],[23.88,40.41],[24.39,40.14],[23.95,40.37],[23.71,40.33],[23.98,40.11],[23.94,39.94],[23.67,40.23],[23.36,40.24],[23.72,39.92],[23.36,39.97],[23.31,40.22],[22.82,40.48],[22.94,40.62],[22.65,40.54],[22.61,40.02],[23.35,39.18],[23.07,39.09],[23.21,39.19],[22.95,39.35],[22.82,39.21],[23.06,39.03],[22.51,38.87],[23.32,38.65],[23.33,38.51],[24.06,38.19],[24.03,37.64],[23.57,38.04],[23.01,37.93],[22.86,38.04],[23.22,38.13],[22.65,38.39],[22.58,38.28],[22.4,38.44],[22.38,38.34],[21.94,38.41],[21.49,38.3],[21.34,38.44],[21.14,38.31],[21.15,38.41],[21.0,38.64],[20.73,38.81],[20.85,38.97],[21.16,38.87],[21.14,38.99],[20.8,39.12],[20.71,38.97],[19.98,39.7],[20.01,39.88],[19.31,40.42],[19.49,40.34],[19.36,40.81],[19.54,40.92],[19.4,41.39],[19.62,41.59],[19.61,41.79],[19.18,41.92],[18.56,42.4],[18.77,42.48],[18.56,42.45],[18.53,42.38],[18.11,42.67],[17.01,43.03],[17.68,42.85],[16.89,43.39],[16.38,43.54],[15.95,43.49],[15.89,43.73],[15.13,44.18],[15.24,44.32],[15.5,44.26],[15.3,44.34],[14.95,44.59],[14.88,44.69],[14.83,45.1],[14.54,45.29],[14.28,45.32],[13.9,44.77],[13.47,45.49],[13.78,45.6],[13.55,45.77],[13.37,45.68],[13.63,45.98],[13.96,45.9],[14.37,45.48],[13.94,45.58],[13.93,45.43],[14.19,45.21],[14.23,45.46],[14.55,45.33],[14.84,45.12]]],[[[18.93,-31.74],[18.94,-31.73],[18.99,-31.72],[18.96,-31.6],[19.0,-31.61],[18.93,-31.5],[19.04,-31.44],[19.0,-31.12],[19.14,-31.22],[19.24,-31.44],[19.21,-31.45],[19.21,-31.57],[19.08,-31.36],[19.25,-31.79],[19.2,-31.91],[19.04,-31.87],[19.09,-31.75],[19.0,-31.87],[18.63,-31.8],[18.67,-31.71],[18.79,-31.75],[18.77,-31.67],[18.83,-31.68],[18.96,-31.8],[18.99,-31.77],[18.97,-31.77],[18.97,-31.76],[18.93,-31.74]]],[[[20.11,39.36],[19.88,39.44],[19.66,39.8],[19.95,39.78],[19.84,39.71],[20.11,39.36]]],[[[20.83,-32.25],[20.76,-32.54],[20.87,-32.42],[20.8,-32.57],[21.02,-32.6],[21.08,-32.48],[21.19,-32.72],[20.66,-32.82],[20.78,-32.9],[20.56,-32.91],[20.73,-33.02],[20.35,-33.06],[20.42,-32.94],[20.25,-32.87],[20.48,-32.94],[20.71,-32.68],[20.35,-32.43],[20.32,-32.29],[20.5,-32.34],[20.49,-32.27],[20.4,-32.29],[20.34,-32.23],[20.26,-32.32],[20.16,-32.09],[20.69,-32.35],[20.83,-32.25]]],[[[21.53,-32.35],[21.19,-32.47],[21.04,-32.33],[21.2,-32.24],[21.4,-32.36],[21.46,-32.25],[21.3,-32.2],[21.48,-32.19],[21.53,-32.35]]],[[[22.13,32.93],[23.11,32.63],[23.17,32.31],[22.65,32.18],[22.01,32.25],[21.2,32.05],[20.78,31.79],[20.13,30.98],[19.94,31.87],[20.1,32.19],[20.56,32.54],[22.13,32.93]]],[[[20.33,38.17],[20.54,38.47],[20.78,38.06],[20.49,38.11],[20.44,38.28],[20.33,38.17]]],[[[23.12,37.46],[22.73,37.57],[23.21,36.46],[22.63,36.82],[22.48,36.4],[22.12,37.04],[21.94,37.0],[21.89,36.74],[21.7,36.83],[21.56,37.17],[21.66,37.4],[21.1,37.88],[21.37,38.21],[21.63,38.15],[21.91,38.33],[22.95,37.95],[23.31,37.54],[23.41,37.63],[23.39,37.52],[23.51,37.44],[23.28,37.42],[23.18,37.3],[23.12,37.46]]],[[[23.41,-34.11],[23.06,-34.08],[23.23,-33.99],[23.77,-34.0],[23.41,-34.11]]],[[[23.86,-33.18],[23.69,-33.17],[23.6,-33.16],[23.6,-33.12],[23.58,-33.1],[23.45,-33.08],[23.74,-33.04],[24.06,-33.1],[23.9,-33.12],[24.08,-33.12],[24.26,-33.14],[24.22,-33.14],[24.25,-33.17],[24.23,-33.23],[24.27,-33.26],[23.84,-33.14],[23.86,-33.18]]],[[[23.64,38.4],[23.22,38.83],[22.84,38.85],[23.33,39.04],[23.6,38.77],[24.15,38.66],[24.25,38.2],[24.6,38.14],[24.56,37.99],[24.34,37.97],[24.04,38.37],[23.64,38.4]]],[[[26.12,34.99],[24.74,34.92],[24.73,35.07],[24.38,35.18],[23.52,35.26],[23.59,35.59],[23.72,35.48],[23.75,35.65],[23.88,35.5],[24.17,35.56],[24.32,35.34],[25.75,35.33],[25.8,35.11],[26.29,35.3],[26.12,34.99]]],[[[27.92,36.35],[28.24,36.43],[28.09,36.05],[27.76,35.88],[27.69,36.15],[27.92,36.35]]],[[[29.1,36.68],[28.93,36.75],[28.85,36.59],[28.46,36.88],[28.03,36.56],[28.12,36.81],[27.68,36.66],[27.37,36.68],[28.03,36.79],[28.03,36.93],[28.33,37.05],[27.27,36.97],[27.25,37.12],[27.47,37.08],[27.61,37.27],[27.46,37.25],[27.42,37.41],[27.19,37.35],[27.22,37.59],[27.01,37.66],[27.24,37.73],[27.27,37.96],[26.23,38.27],[26.51,38.42],[26.39,38.45],[26.42,38.68],[26.68,38.31],[26.71,38.43],[26.81,38.36],[27.17,38.45],[26.72,38.65],[27.07,38.88],[26.82,38.94],[26.89,39.09],[26.61,39.28],[26.67,39.28],[26.86,39.48],[26.94,39.49],[26.94,39.57],[26.06,39.48],[26.18,40.0],[26.41,40.2],[27.29,40.48],[27.77,40.32],[27.88,40.38],[27.7,40.48],[28.04,40.49],[27.96,40.36],[29.06,40.37],[29.14,40.48],[29.24,40.42],[28.82,40.28],[29.74,40.06],[30.28,40.22],[30.7,40.05],[30.49,40.0],[30.69,39.92],[31.2,39.92],[31.1,39.77],[31.22,39.64],[31.55,39.71],[32.0,39.35],[31.54,39.27],[31.01,39.5],[30.56,39.3],[30.66,39.57],[30.29,39.57],[30.62,38.97],[30.96,38.9],[31.08,39.27],[31.43,38.92],[31.29,38.71],[30.98,38.7],[30.93,38.28],[31.03,38.44],[31.46,37.58],[31.7,37.66],[31.66,37.5],[32.33,37.01],[32.25,37.49],[32.45,37.07],[32.76,36.99],[32.76,37.27],[33.38,37.1],[33.24,36.99],[33.46,36.77],[34.17,37.27],[33.92,37.34],[34.01,37.42],[34.9,37.66],[35.02,37.78],[34.87,37.98],[35.12,37.94],[35.29,38.12],[35.6,38.12],[35.55,37.97],[35.69,37.99],[36.17,38.45],[36.53,38.54],[36.5,38.26],[36.93,38.1],[36.89,37.94],[37.09,38.0],[36.96,37.57],[37.28,37.56],[37.04,37.39],[37.72,37.77],[36.86,37.1],[36.84,36.87],[37.9,37.78],[38.94,37.8],[39.92,38.29],[39.95,38.43],[40.11,38.23],[39.87,38.08],[40.3,37.74],[41.22,37.8],[41.09,38.04],[40.15,38.12],[40.55,38.22],[42.05,37.92],[41.95,37.51],[42.65,37.24],[42.68,37.06],[42.45,36.81],[41.94,36.87],[41.07,36.7],[39.96,36.95],[38.55,36.37],[38.4,36.74],[38.24,36.42],[37.57,36.1],[37.66,35.87],[37.83,35.87],[37.77,36.05],[37.91,36.0],[37.85,35.53],[37.38,35.42],[37.29,34.97],[36.99,34.56],[37.07,34.24],[36.61,33.7],[36.24,33.62],[35.87,33.14],[35.83,32.77],[36.05,32.59],[36.09,32.21],[35.87,31.41],[35.69,32.15],[36.06,32.21],[35.68,32.19],[35.69,32.64],[35.82,32.63],[35.66,32.69],[35.27,31.46],[35.05,31.34],[34.91,31.51],[34.51,31.55],[34.24,31.3],[34.71,31.93],[35.66,34.28],[35.99,34.54],[35.88,34.91],[35.97,35.26],[35.73,35.58],[35.81,35.85],[36.03,35.85],[35.9,35.9],[36.1,36.0],[35.92,35.93],[35.79,36.33],[36.22,36.64],[36.26,37.15],[36.21,36.72],[36.02,36.93],[35.35,36.54],[34.67,36.81],[33.96,36.21],[33.88,36.31],[33.69,36.13],[32.81,36.02],[31.37,36.8],[30.7,36.89],[30.46,36.77],[30.59,36.81],[30.4,36.2],[30.27,36.3],[29.78,36.13],[29.28,36.28],[29.02,36.55],[29.1,36.68]],[[41.81,37.68],[40.34,37.6],[40.57,37.41],[41.07,37.39],[41.17,37.55],[41.67,37.55],[41.43,37.45],[41.42,37.21],[41.89,37.38],[41.81,37.68]]],[[[25.83,38.55],[26.16,38.54],[26.0,38.14],[25.86,38.24],[26.0,38.35],[25.83,38.55]]],[[[26.52,38.97],[26.08,39.08],[26.27,39.21],[26.06,39.09],[25.82,39.19],[26.36,39.38],[26.61,39.01],[26.47,39.12],[26.52,38.97]]],[[[25.03,39.86],[25.03,39.99],[25.43,40.01],[25.34,39.79],[25.03,39.86]]],[[[35.72,30.89],[35.4,29.92],[35.39,30.24],[35.52,30.78],[35.72,30.89]]],[[[35.72,30.92],[35.65,30.95],[35.77,31.38],[35.93,31.24],[35.72,30.92]]],[[[30.94,31.57],[29.93,30.88],[29.11,30.82],[30.94,31.57]]],[[[37.02,32.43],[36.83,32.26],[36.57,32.36],[36.7,32.99],[37.02,32.43]]],[[[32.85,35.14],[32.93,35.4],[33.65,35.35],[34.6,35.7],[33.93,35.27],[34.1,34.95],[33.7,34.97],[33.04,34.56],[32.5,34.7],[32.28,35.1],[32.85,35.14]]],[[[28.78,40.53],[29.0,40.65],[29.9,40.72],[28.9,40.52],[29.03,40.48],[28.78,40.53]]],[[[29.16,41.22],[29.14,41.09],[29.91,40.77],[29.27,40.81],[29.02,41.01],[29.16,41.22]]],[[[117.33,-35.02],[117.33,-35.04],[117.27,-35.02],[117.19,-35.02],[117.16,-35.03],[117.15,-35.06],[117.14,-35.05],[117.1,-35.03],[116.96,-35.02],[116.94,-35.03],[116.92,-35.05],[116.92,-35.06],[116.77,-35.01],[116.63,-35.06],[116.25,-34.88],[116.14,-34.84],[116.0,-34.84],[115.95,-34.73],[115.84,-34.61],[115.61,-34.44],[115.03,-34.27],[115.03,-33.63],[115.01,-33.56],[115.01,-33.55],[115.0,-33.53],[115.37,-33.64],[115.67,-33.31],[115.61,-32.68],[115.78,-32.19],[115.69,-31.65],[115.06,-30.51],[114.87,-29.12],[114.17,-28.11],[113.96,-27.23],[113.16,-26.15],[113.27,-26.24],[113.3,-26.04],[113.32,-26.26],[113.38,-26.2],[113.36,-26.02],[113.48,-26.48],[113.5,-26.47],[113.53,-26.36],[113.52,-26.32],[113.49,-26.31],[113.54,-26.28],[113.56,-26.58],[113.63,-26.46],[113.63,-26.57],[113.66,-26.67],[113.89,-26.5],[113.88,-26.34],[113.82,-26.27],[113.86,-26.21],[114.27,-26.74],[114.72,-26.59],[114.56,-26.91],[115.02,-26.5],[115.4,-26.77],[115.26,-27.32],[116.63,-28.11],[116.8,-28.0],[116.97,-28.14],[117.27,-28.07],[117.39,-28.25],[117.23,-28.39],[117.42,-28.69],[117.35,-28.84],[117.69,-29.11],[117.67,-29.39],[118.58,-29.43],[118.64,-29.25],[118.95,-29.16],[118.88,-29.22],[118.93,-29.42],[119.04,-29.33],[119.16,-29.37],[119.0,-29.43],[119.07,-29.54],[119.29,-29.48],[119.14,-29.69],[118.87,-29.67],[119.84,-29.81],[119.99,-29.96],[120.54,-29.9],[121.61,-30.79],[122.04,-30.55],[122.38,-30.73],[123.35,-30.53],[123.77,-30.64],[124.08,-30.47],[124.11,-30.75],[124.38,-30.72],[124.14,-30.96],[124.34,-31.16],[123.99,-31.36],[124.08,-31.63],[123.75,-31.81],[123.94,-31.97],[123.68,-32.3],[123.8,-32.53],[124.42,-32.57],[124.95,-32.28],[126.6,-31.92],[126.47,-32.02],[126.9,-31.77],[129.21,-31.54],[129.44,-31.64],[127.33,-32.26],[126.04,-32.27],[124.24,-33.02],[123.98,-33.56],[123.53,-33.94],[123.47,-33.91],[123.41,-33.89],[123.37,-33.9],[123.16,-34.02],[123.17,-33.99],[123.15,-33.97],[123.16,-33.95],[123.13,-33.9],[123.02,-33.86],[122.37,-33.91],[122.11,-34.02],[122.08,-33.9],[122.0,-33.83],[121.36,-33.82],[120.04,-33.92],[119.82,-33.98],[119.59,-34.14],[119.5,-34.32],[119.58,-34.39],[119.42,-34.37],[119.25,-34.53],[119.07,-34.46],[118.91,-34.47],[118.44,-34.76],[118.4,-34.92],[118.33,-34.9],[118.21,-34.91],[118.17,-34.94],[118.17,-34.97],[118.18,-34.97],[118.19,-34.97],[118.21,-34.98],[118.2,-35.02],[118.17,-35.0],[118.11,-34.99],[117.84,-35.02],[117.89,-35.08],[117.68,-35.04],[117.33,-35.02]],[[117.53,-35.02],[117.36,-34.88],[117.46,-34.97],[117.37,-34.97],[117.36,-34.98],[117.36,-34.99],[117.35,-34.99],[117.34,-34.99],[117.33,-35.01],[117.33,-35.02],[117.53,-35.02]]],[[[135.18,-32.64],[135.66,-32.82],[136.39,-32.83],[136.5,-33.03],[137.07,-33.12],[137.12,-33.29],[137.38,-33.38],[137.21,-33.66],[136.93,-33.67],[136.59,-33.9],[136.37,-34.06],[136.22,-34.31],[136.11,-34.36],[136.13,-34.41],[136.1,-34.41],[136.1,-34.54],[135.93,-34.53],[135.79,-34.81],[135.98,-34.78],[136.0,-34.73],[136.0,-34.99],[135.95,-35.01],[135.93,-34.95],[135.87,-34.92],[135.86,-34.93],[135.86,-34.9],[135.85,-34.89],[135.77,-34.86],[135.62,-34.94],[135.6,-34.88],[135.48,-34.75],[135.32,-34.69],[135.34,-34.63],[135.26,-34.55],[135.17,-34.56],[135.11,-34.59],[135.21,-34.43],[135.36,-34.64],[135.38,-34.65],[135.39,-34.64],[135.44,-34.63],[135.45,-34.61],[135.47,-34.62],[135.49,-34.61],[135.51,-34.62],[135.52,-34.61],[135.41,-34.51],[135.39,-34.59],[135.35,-34.28],[135.18,-33.88],[134.83,-33.63],[134.86,-33.54],[134.85,-33.44],[134.71,-33.18],[134.56,-33.16],[134.6,-33.2],[134.51,-33.16],[134.45,-33.15],[134.37,-33.18],[134.36,-33.15],[134.33,-33.2],[134.06,-32.91],[134.06,-32.72],[134.29,-32.7],[134.18,-32.48],[133.85,-32.54],[133.95,-32.39],[133.63,-32.09],[133.13,-32.21],[133.06,-32.11],[132.75,-31.95],[132.09,-31.93],[132.14,-31.74],[132.27,-31.86],[133.02,-31.76],[134.27,-32.07],[135.18,-32.64]],[[134.36,-33.13],[134.27,-33.03],[134.28,-33.11],[134.36,-33.15],[134.36,-33.13]]],[[[141.31,-37.68],[141.5,-37.77],[141.41,-37.87],[141.69,-37.88],[141.29,-38.04],[141.65,-38.15],[141.67,-38.25],[141.35,-38.18],[141.65,-38.39],[141.38,-38.39],[141.14,-38.12],[140.4,-37.92],[140.12,-37.53],[139.81,-37.28],[139.67,-36.96],[139.84,-36.62],[139.66,-36.13],[139.68,-36.26],[139.34,-35.86],[138.71,-35.51],[138.1,-35.63],[138.44,-35.35],[138.56,-34.8],[138.43,-34.63],[138.33,-34.52],[138.27,-34.48],[138.22,-34.31],[138.15,-34.27],[138.16,-34.21],[138.08,-34.13],[137.76,-35.11],[137.42,-35.1],[136.88,-35.3],[136.82,-35.24],[136.85,-35.23],[136.85,-35.19],[136.89,-35.19],[136.94,-35.13],[137.01,-34.9],[137.45,-34.91],[137.45,-34.14],[137.98,-33.56],[137.88,-33.32],[137.81,-33.27],[138.05,-33.12],[137.93,-32.75],[138.23,-33.32],[137.82,-32.5],[137.89,-32.07],[138.34,-31.43],[138.12,-30.82],[138.15,-30.37],[138.49,-30.61],[138.37,-30.4],[138.69,-30.4],[138.5,-30.12],[138.79,-30.15],[138.89,-29.96],[139.14,-30.07],[139.22,-29.82],[139.54,-29.76],[139.74,-29.92],[139.3,-30.63],[139.45,-30.87],[139.2,-31.19],[139.36,-31.4],[139.2,-31.52],[139.28,-31.67],[139.07,-31.78],[139.39,-31.81],[139.32,-31.96],[139.99,-32.04],[139.84,-32.28],[140.14,-32.15],[140.73,-32.26],[140.6,-32.59],[141.16,-32.61],[141.19,-32.78],[141.61,-32.72],[141.83,-32.63],[141.77,-32.44],[141.94,-32.47],[142.13,-32.83],[142.0,-33.16],[141.64,-33.09],[141.79,-33.25],[141.68,-33.28],[141.8,-33.45],[141.73,-33.45],[141.66,-33.88],[141.77,-34.06],[141.62,-34.13],[141.37,-33.9],[141.17,-34.07],[140.89,-33.89],[140.56,-34.24],[139.75,-34.05],[140.31,-34.2],[140.58,-34.5],[140.94,-33.97],[141.29,-34.26],[142.01,-34.13],[142.33,-34.4],[142.35,-34.77],[142.63,-34.78],[142.77,-34.59],[142.88,-34.73],[143.16,-34.71],[143.34,-34.86],[143.25,-34.92],[143.35,-35.17],[143.7,-35.53],[143.34,-35.87],[143.38,-36.39],[143.18,-36.78],[142.96,-36.66],[143.01,-36.81],[142.79,-36.9],[143.15,-36.91],[142.61,-36.97],[142.8,-37.08],[142.66,-37.15],[142.82,-37.18],[142.76,-37.29],[142.4,-36.86],[141.81,-37.16],[141.62,-37.09],[141.56,-37.17],[141.21,-37.07],[141.08,-37.11],[141.32,-37.17],[141.14,-37.26],[141.31,-37.68]],[[140.85,-38.0],[140.93,-37.78],[140.4,-37.55],[140.85,-38.0]]],[[[143.6,-35.78],[143.77,-35.67],[143.69,-36.17],[143.41,-36.14],[143.6,-35.78]]],[[[137.21,-35.97],[137.13,-36.03],[136.85,-36.02],[136.71,-36.06],[136.71,-36.03],[136.67,-35.98],[136.53,-35.89],[136.59,-35.75],[137.63,-35.56],[137.57,-35.62],[137.64,-35.64],[137.58,-35.71],[137.58,-35.73],[138.13,-35.84],[137.21,-35.97]]],[[[143.23,-34.72],[143.55,-34.66],[143.75,-34.86],[143.75,-35.01],[143.23,-34.72]]],[[[143.58,-34.4],[143.61,-34.61],[143.37,-34.68],[143.37,-34.52],[143.29,-34.4],[143.58,-34.4]]],[[[145.89,-33.84],[145.72,-34.15],[145.4,-33.71],[145.84,-33.36],[145.89,-33.84]]],[[[141.91,-33.42],[141.79,-33.28],[142.03,-33.36],[142.07,-33.0],[142.26,-32.99],[142.19,-33.13],[142.53,-33.4],[142.38,-33.68],[141.93,-33.81],[141.96,-33.89],[141.79,-34.08],[141.74,-33.63],[141.91,-33.42]]],[[[144.34,-31.8],[144.22,-31.82],[144.21,-32.06],[144.5,-32.02],[144.37,-32.1],[144.5,-32.19],[144.83,-32.02],[144.8,-32.2],[144.96,-32.14],[145.06,-32.28],[145.36,-31.93],[145.53,-32.07],[145.41,-32.2],[145.56,-32.65],[145.28,-32.81],[145.17,-32.65],[145.13,-32.85],[145.3,-32.84],[145.41,-33.06],[145.69,-32.75],[145.97,-33.03],[146.1,-32.66],[146.24,-33.15],[146.03,-33.37],[144.8,-32.8],[144.28,-33.1],[143.93,-32.98],[143.89,-33.19],[144.28,-33.14],[144.54,-33.32],[143.96,-33.42],[144.05,-33.71],[143.84,-33.64],[143.48,-33.82],[143.38,-34.02],[143.53,-34.04],[143.23,-34.39],[143.29,-34.63],[142.95,-34.65],[142.84,-34.51],[142.52,-34.71],[142.29,-34.16],[141.93,-34.01],[142.03,-33.81],[142.27,-33.8],[142.38,-33.68],[142.64,-33.4],[142.32,-33.16],[142.54,-32.44],[143.39,-32.36],[143.24,-32.07],[143.41,-31.67],[143.81,-31.57],[144.12,-31.7],[144.15,-31.43],[144.38,-31.35],[144.34,-31.18],[144.52,-31.18],[144.66,-30.9],[145.13,-30.91],[145.07,-31.23],[144.85,-31.46],[144.61,-31.42],[144.62,-31.74],[144.48,-31.74],[144.58,-31.83],[144.34,-31.96],[144.34,-31.8]]],[[[137.6,-29.83],[137.99,-29.68],[138.26,-30.07],[138.13,-30.33],[137.55,-30.04],[137.6,-29.83]]]]}},{"type":"Feature","properties":{"biome":"Deserts & Xeric Shrublands","style":{"fillColor":"#CC6767"}},"geometry":{"type":"MultiPolygon","coordinates":[[[[-70.12,-19.99],[-70.36,-18.79],[-70.3,-18.43],[-71.38,-17.71],[-71.52,-17.26],[-75.14,-15.42],[-75.51,-14.92],[-75.92,-14.66],[-76.4,-13.91],[-76.26,-13.87],[-76.21,-13.4],[-76.84,-12.32],[-77.17,-12.09],[-77.3,-11.52],[-77.66,-11.3],[-77.67,-10.95],[-78.2,-10.11],[-78.97,-8.25],[-79.36,-7.86],[-79.98,-6.74],[-81.11,-6.06],[-81.11,-5.84],[-80.84,-5.84],[-80.78,-5.54],[-81.19,-5.22],[-81.16,-5.08],[-80.99,-5.08],[-80.52,-6.0],[-79.8,-6.32],[-79.39,-6.77],[-79.31,-7.33],[-78.96,-7.57],[-78.69,-7.47],[-78.39,-7.76],[-78.5,-7.94],[-78.3,-8.06],[-78.31,-8.37],[-78.21,-7.99],[-77.81,-8.15],[-78.0,-8.49],[-77.74,-8.59],[-77.84,-8.73],[-77.43,-9.77],[-77.93,-8.83],[-78.1,-8.87],[-77.36,-10.25],[-77.1,-10.0],[-76.97,-10.65],[-77.18,-10.9],[-76.77,-10.6],[-76.62,-10.93],[-76.85,-11.04],[-76.54,-11.33],[-76.65,-11.62],[-76.26,-11.74],[-76.39,-12.16],[-76.19,-12.1],[-76.07,-12.4],[-75.92,-12.09],[-75.8,-12.12],[-75.79,-13.06],[-75.4,-12.94],[-75.47,-13.23],[-75.26,-13.06],[-75.31,-13.44],[-75.18,-13.45],[-75.31,-13.59],[-75.12,-13.66],[-75.1,-13.86],[-75.0,-13.75],[-74.75,-13.85],[-74.71,-14.24],[-74.53,-14.16],[-74.39,-14.73],[-74.32,-14.34],[-73.94,-14.63],[-74.06,-14.76],[-73.93,-14.95],[-73.82,-14.83],[-73.63,-14.96],[-73.72,-14.78],[-73.59,-14.67],[-73.09,-14.68],[-73.31,-14.87],[-73.17,-15.18],[-72.45,-14.89],[-72.97,-15.34],[-72.72,-15.7],[-72.39,-15.58],[-72.38,-15.19],[-72.16,-15.48],[-71.63,-15.5],[-71.43,-15.35],[-71.34,-15.46],[-71.53,-15.62],[-72.22,-15.85],[-71.64,-15.88],[-71.53,-16.16],[-71.4,-16.01],[-71.22,-16.09],[-71.37,-16.38],[-71.11,-16.66],[-70.59,-15.98],[-70.67,-16.44],[-70.49,-16.59],[-70.71,-16.58],[-70.68,-16.89],[-70.53,-17.13],[-70.23,-17.11],[-69.94,-17.38],[-69.05,-20.05],[-68.89,-20.74],[-68.88,-22.2],[-68.43,-22.29],[-68.85,-23.25],[-68.75,-23.7],[-69.27,-24.67],[-69.24,-24.95],[-70.05,-26.31],[-70.28,-26.24],[-70.37,-25.98],[-70.38,-23.65],[-70.06,-21.43],[-70.21,-20.81],[-70.12,-19.99]]],[[[-90.24,-0.74],[-90.53,-0.69],[-90.51,-0.53],[-90.25,-0.48],[-90.24,-0.74]]],[[[-91.42,-0.03],[-91.59,-0.01],[-91.36,0.17],[-90.78,-0.75],[-90.9,-0.95],[-91.42,-1.01],[-91.51,-0.9],[-91.33,-0.69],[-91.07,-0.61],[-91.42,-0.03]]],[[[-64.68,10.08],[-64.36,10.39],[-64.36,10.33],[-63.68,10.37],[-64.34,10.35],[-63.64,10.49],[-64.23,10.5],[-64.26,10.66],[-62.13,10.7],[-62.32,10.54],[-62.78,10.61],[-63.08,10.51],[-63.04,9.95],[-63.87,9.74],[-64.84,8.89],[-65.34,8.73],[-67.06,9.06],[-67.73,9.49],[-68.18,9.51],[-68.58,9.78],[-69.35,9.97],[-69.52,9.83],[-69.4,10.01],[-69.76,9.65],[-70.03,9.61],[-69.84,9.93],[-70.04,9.87],[-69.97,10.03],[-70.1,9.9],[-70.27,10.4],[-70.04,10.45],[-70.18,10.97],[-70.48,11.1],[-71.25,10.76],[-71.53,10.69],[-71.59,10.8],[-69.99,11.51],[-69.79,11.43],[-69.81,11.7],[-70.23,11.62],[-70.3,11.87],[-70.03,12.2],[-69.56,11.42],[-70.16,11.2],[-69.81,11.05],[-69.91,10.77],[-69.47,10.4],[-69.47,10.08],[-68.81,10.23],[-68.65,10.44],[-68.82,10.53],[-68.37,10.75],[-68.12,10.33],[-67.93,10.47],[-66.77,10.61],[-66.84,10.43],[-66.08,10.4],[-64.68,10.08]],[[-63.27,10.27],[-63.68,10.21],[-63.44,10.01],[-63.21,10.1],[-63.27,10.27]],[[-64.29,9.94],[-63.83,10.08],[-64.22,10.22],[-64.4,10.03],[-64.29,9.94]],[[-65.68,9.93],[-65.71,10.07],[-66.66,10.12],[-66.76,9.91],[-65.92,9.82],[-65.68,9.93]],[[-67.66,10.47],[-67.87,10.4],[-67.23,10.23],[-67.02,10.4],[-67.14,10.51],[-67.66,10.47]],[[-68.54,10.28],[-68.73,9.99],[-68.19,10.08],[-68.28,10.26],[-68.54,10.28]]],[[[-75.37,10.38],[-75.51,10.58],[-74.86,11.08],[-74.72,10.81],[-74.78,10.5],[-74.97,10.49],[-75.29,10.05],[-75.21,9.62],[-75.42,9.32],[-75.78,9.4],[-75.52,9.58],[-75.7,9.7],[-75.37,10.38]]],[[[-64.0,10.87],[-64.41,10.97],[-64.21,11.08],[-64.05,10.99],[-63.89,11.17],[-63.78,10.97],[-64.0,10.87]]],[[[-74.21,10.87],[-74.23,11.22],[-74.09,11.33],[-73.84,11.24],[-74.06,11.23],[-74.15,11.12],[-74.03,11.04],[-74.21,10.87]]],[[[-73.27,10.2],[-73.21,10.0],[-73.54,9.88],[-73.57,10.25],[-73.1,10.84],[-73.34,11.27],[-72.24,11.9],[-72.18,12.22],[-71.93,12.16],[-71.66,12.46],[-71.24,12.32],[-71.11,12.05],[-71.38,11.75],[-71.99,11.54],[-72.01,11.16],[-71.58,10.71],[-71.63,10.44],[-71.81,10.38],[-72.2,11.16],[-72.48,11.19],[-72.92,10.82],[-73.27,10.2]]],[[[-90.21,14.98],[-89.18,15.27],[-89.4,15.14],[-89.57,14.73],[-89.55,14.84],[-89.84,14.75],[-89.83,14.88],[-90.21,14.98]]],[[[-97.4,18.2],[-97.54,18.05],[-97.93,18.45],[-98.07,18.4],[-97.86,18.58],[-98.05,18.9],[-97.9,19.08],[-97.53,18.92],[-98.01,19.44],[-97.65,19.36],[-97.7,19.56],[-97.3,19.62],[-97.24,19.44],[-97.44,19.0],[-97.3,18.91],[-97.39,18.6],[-97.16,18.14],[-97.4,18.2]]],[[[-99.48,19.33],[-99.42,19.12],[-99.56,19.11],[-99.77,19.22],[-99.97,19.44],[-99.94,19.74],[-99.66,19.78],[-99.48,19.33]]],[[[-75.96,19.96],[-76.86,19.94],[-75.79,20.07],[-75.44,19.91],[-75.96,19.96]]],[[[-74.24,20.32],[-74.13,20.2],[-74.28,20.07],[-75.16,19.89],[-75.11,20.07],[-75.44,19.91],[-75.16,20.15],[-74.29,20.11],[-74.24,20.32]]],[[[-98.83,20.31],[-99.04,20.79],[-99.25,20.74],[-99.14,20.96],[-98.28,20.23],[-98.35,20.03],[-98.86,20.63],[-98.83,20.31]]],[[[-16.78,22.21],[-16.49,22.32],[-15.71,23.89],[-15.98,23.62],[-15.9,23.82],[-14.89,24.7],[-14.49,26.14],[-13.62,26.68],[-13.19,27.16],[-13.32,26.87],[-12.68,27.67],[-9.44,28.43],[-9.68,28.44],[-9.57,28.68],[-8.31,29.51],[-8.06,29.89],[-7.7,29.94],[-6.9,30.68],[-7.12,30.88],[-7.01,31.0],[-6.38,31.12],[-6.5,30.82],[-5.66,30.76],[-5.72,30.86],[-5.31,31.02],[-5.03,31.38],[-5.33,31.56],[-4.46,31.91],[-2.84,32.22],[-2.32,32.28],[-2.46,32.11],[-2.17,32.1],[-2.18,31.85],[-1.68,31.87],[0.77,32.82],[3.78,33.6],[5.65,34.69],[6.75,34.8],[8.19,34.22],[9.66,34.05],[9.79,34.25],[9.64,34.41],[9.94,34.53],[9.97,34.8],[10.25,34.72],[10.04,34.5],[10.01,34.0],[10.45,33.63],[10.38,33.61],[9.81,33.94],[10.17,32.89],[11.8,32.75],[12.23,32.34],[10.93,31.85],[14.14,31.89],[14.45,31.83],[14.91,31.36],[17.39,31.08],[19.18,30.26],[19.77,30.52],[20.78,31.79],[22.01,32.25],[22.65,32.18],[23.17,32.31],[23.33,32.16],[24.98,31.96],[25.28,31.5],[25.9,31.62],[26.98,31.44],[29.26,30.78],[30.11,30.97],[30.08,30.82],[30.76,30.6],[31.08,29.9],[31.11,29.58],[30.6,28.24],[30.78,27.38],[31.8,26.15],[32.48,25.88],[32.34,25.32],[32.73,24.73],[32.76,23.54],[32.92,23.62],[33.08,24.56],[32.92,25.23],[32.68,25.51],[32.9,25.78],[32.84,26.19],[32.15,26.29],[31.23,27.33],[30.93,28.4],[31.41,29.58],[31.24,30.12],[31.74,30.46],[32.36,30.55],[32.77,30.97],[32.56,29.96],[32.29,29.58],[32.57,29.37],[32.87,28.57],[33.59,27.84],[33.5,27.65],[33.85,27.25],[33.94,26.67],[35.14,24.51],[35.79,23.91],[35.47,23.93],[35.49,23.49],[35.67,22.94],[35.76,22.84],[35.76,22.91],[35.95,22.68],[36.25,22.61],[36.43,22.36],[36.89,22.06],[36.97,21.39],[37.32,21.06],[37.11,21.22],[37.2,19.63],[37.39,19.02],[36.31,19.11],[35.62,18.65],[34.85,18.65],[34.43,19.1],[33.81,20.36],[33.58,20.51],[32.91,20.42],[32.49,19.89],[32.66,19.47],[33.38,18.79],[33.43,18.53],[32.76,18.04],[32.13,17.8],[30.97,17.99],[25.68,17.94],[25.05,17.52],[23.83,17.52],[23.81,17.51],[23.76,17.05],[23.46,16.95],[23.4,16.71],[23.03,16.44],[23.45,16.28],[22.99,16.31],[23.11,15.92],[22.92,15.91],[22.52,16.29],[22.61,16.44],[22.34,16.4],[22.6,16.65],[22.56,16.9],[22.36,16.8],[22.2,17.08],[22.02,17.01],[21.86,17.22],[21.94,17.45],[22.13,17.42],[21.96,17.47],[20.9,17.33],[19.92,17.02],[19.61,17.15],[19.02,18.15],[18.53,18.34],[17.26,17.84],[15.05,17.39],[13.73,16.68],[13.36,16.63],[11.14,16.73],[9.94,17.17],[9.3,17.77],[9.19,17.5],[9.03,17.65],[8.92,17.39],[8.73,17.32],[8.61,17.46],[8.6,17.28],[8.21,17.87],[8.27,17.97],[8.45,17.81],[8.59,18.01],[8.36,18.18],[8.67,18.37],[8.62,18.52],[7.13,18.76],[4.43,20.29],[3.48,20.53],[1.72,20.56],[0.61,20.43],[-1.28,18.6],[-2.53,18.01],[-3.52,17.84],[-4.68,17.87],[-5.7,18.09],[-7.36,18.95],[-9.51,19.79],[-11.13,20.18],[-12.09,20.74],[-12.44,20.45],[-12.02,20.55],[-12.19,20.14],[-12.41,20.15],[-12.33,20.01],[-12.13,20.17],[-12.16,20.07],[-11.97,20.09],[-12.21,19.81],[-12.47,19.78],[-12.16,19.68],[-12.37,19.57],[-12.53,19.84],[-12.59,19.69],[-12.57,19.85],[-12.75,19.81],[-12.44,20.12],[-12.65,20.04],[-12.76,20.22],[-12.73,20.0],[-13.01,19.87],[-12.84,20.03],[-12.94,19.98],[-12.84,20.26],[-13.01,20.05],[-12.92,20.4],[-13.04,20.03],[-13.2,20.2],[-12.84,20.58],[-13.0,20.84],[-13.19,20.33],[-13.0,21.23],[-13.83,20.46],[-14.3,19.41],[-14.58,19.13],[-15.58,19.17],[-15.5,19.09],[-15.47,18.99],[-15.74,17.94],[-16.07,17.59],[-16.06,18.45],[-16.23,19.02],[-16.54,19.38],[-16.41,19.39],[-16.29,19.53],[-16.47,19.42],[-16.25,19.78],[-16.2,20.21],[-16.49,20.73],[-16.53,20.56],[-16.68,20.68],[-16.66,20.73],[-16.83,20.99],[-16.84,21.0],[-16.85,21.03],[-16.76,20.97],[-16.85,21.27],[-16.92,21.26],[-17.02,21.05],[-17.04,20.77],[-17.1,20.83],[-16.78,22.21]],[[8.41,34.07],[8.1,33.91],[7.71,33.87],[7.82,33.66],[8.56,33.33],[9.09,33.52],[8.9,33.86],[9.2,33.79],[9.82,33.95],[9.66,34.05],[8.41,34.07]],[[27.87,29.32],[27.4,29.57],[27.89,29.6],[27.95,29.86],[28.03,29.77],[28.31,29.96],[28.29,30.17],[29.1,30.15],[29.08,30.25],[27.99,30.4],[27.16,30.17],[26.55,29.67],[26.59,29.3],[26.28,29.05],[26.65,28.78],[26.87,28.71],[26.72,28.8],[27.43,28.96],[27.87,29.32]],[[25.61,29.26],[25.29,29.22],[26.17,29.09],[26.0,29.32],[25.61,29.26]],[[1.52,26.46],[0.97,26.36],[1.47,26.15],[1.53,25.98],[1.52,26.46]],[[1.1,25.85],[0.76,26.23],[0.55,26.09],[0.77,26.06],[1.0,25.65],[1.1,25.85]],[[-16.09,18.66],[-15.92,18.28],[-15.9,18.67],[-15.61,18.81],[-15.51,19.08],[-16.06,19.0],[-16.09,18.66]],[[19.17,29.92],[19.34,29.91],[19.21,30.02],[19.33,30.09],[18.81,30.15],[19.17,29.92]],[[6.91,34.41],[6.05,34.66],[5.84,34.23],[5.96,33.85],[6.23,33.81],[8.13,34.07],[7.95,34.22],[7.09,34.17],[6.91,34.41]],[[0.13,28.96],[0.26,29.39],[-0.14,29.01],[-0.14,28.84],[0.13,28.96]]],[[[-16.86,21.03],[-16.86,21.04],[-16.85,21.03],[-16.86,21.03]]],[[[-99.53,20.7],[-99.33,20.77],[-99.28,20.58],[-98.54,19.99],[-98.54,19.74],[-98.21,19.57],[-98.63,19.71],[-98.85,19.45],[-98.87,19.12],[-99.2,19.31],[-99.47,20.38],[-99.81,20.21],[-100.43,20.39],[-100.39,20.66],[-100.55,20.86],[-100.87,20.75],[-100.88,20.9],[-101.07,20.91],[-100.95,21.11],[-101.17,21.32],[-101.41,21.08],[-102.7,21.28],[-102.57,21.84],[-103.12,21.39],[-103.04,22.21],[-103.23,22.11],[-103.21,21.61],[-103.43,21.4],[-103.34,21.32],[-103.56,21.25],[-103.52,21.1],[-103.65,21.14],[-103.52,21.74],[-103.73,21.7],[-103.74,21.87],[-103.63,22.07],[-103.36,22.03],[-103.67,22.17],[-103.5,22.28],[-103.55,22.47],[-103.29,22.33],[-102.98,22.82],[-103.21,22.79],[-103.22,22.95],[-103.39,22.61],[-103.5,22.59],[-103.44,22.78],[-103.66,22.46],[-103.89,22.47],[-103.93,22.64],[-103.73,22.51],[-103.48,23.03],[-103.46,22.87],[-103.27,22.97],[-103.42,23.17],[-103.29,23.39],[-103.09,23.45],[-103.44,23.63],[-103.57,23.41],[-103.9,23.55],[-103.88,23.34],[-104.16,23.79],[-104.5,23.25],[-104.37,24.0],[-104.48,23.78],[-104.84,23.96],[-104.7,24.08],[-104.75,24.61],[-105.04,24.67],[-104.98,24.79],[-105.13,24.8],[-105.28,25.12],[-104.71,24.74],[-104.48,24.9],[-104.79,24.95],[-104.75,25.3],[-105.4,25.44],[-105.28,25.71],[-105.11,25.66],[-105.28,25.77],[-105.16,25.82],[-105.22,25.95],[-104.78,25.65],[-104.81,25.86],[-105.37,26.43],[-105.26,26.49],[-105.86,26.89],[-105.71,26.93],[-105.72,27.11],[-106.12,27.2],[-106.05,26.95],[-106.31,27.03],[-106.31,26.82],[-106.47,27.0],[-106.37,27.48],[-106.63,27.54],[-106.29,27.73],[-106.46,27.92],[-106.61,27.71],[-106.81,27.98],[-106.71,27.93],[-106.72,28.07],[-106.58,27.92],[-106.51,28.08],[-106.32,27.96],[-106.28,28.08],[-106.32,28.3],[-106.43,28.11],[-106.5,28.28],[-106.47,28.46],[-106.25,28.38],[-106.24,28.62],[-106.51,29.51],[-107.02,29.8],[-106.99,29.36],[-106.84,29.43],[-106.85,29.24],[-106.67,29.22],[-106.65,28.92],[-106.87,28.73],[-106.57,28.44],[-106.8,28.44],[-106.97,28.04],[-107.3,28.44],[-107.47,28.26],[-107.44,28.54],[-107.64,28.78],[-106.99,28.25],[-107.17,28.86],[-106.93,28.69],[-106.71,29.0],[-106.96,29.17],[-107.1,29.04],[-107.2,29.84],[-107.5,29.71],[-107.81,30.23],[-108.08,30.05],[-108.25,30.51],[-108.62,30.76],[-108.81,30.61],[-108.92,30.89],[-108.91,30.63],[-108.76,30.48],[-108.96,30.25],[-109.22,30.76],[-109.31,30.48],[-109.15,30.03],[-109.34,29.88],[-109.42,30.03],[-109.44,29.89],[-109.42,30.57],[-109.68,30.6],[-109.74,31.02],[-109.92,31.15],[-110.14,30.97],[-110.01,30.79],[-110.25,30.91],[-110.08,30.5],[-109.9,30.81],[-109.9,30.56],[-109.64,30.34],[-109.67,30.08],[-109.39,29.64],[-109.52,29.38],[-109.67,29.38],[-109.74,29.9],[-110.3,30.26],[-110.22,30.51],[-110.43,30.94],[-110.6,30.91],[-110.7,30.56],[-110.81,30.73],[-110.76,30.45],[-110.63,30.62],[-110.5,30.42],[-110.67,30.03],[-110.21,29.17],[-110.46,28.91],[-110.47,29.09],[-110.69,29.12],[-110.53,28.97],[-110.64,28.77],[-110.61,28.54],[-110.04,28.49],[-110.19,28.26],[-109.94,27.94],[-109.97,27.61],[-110.28,27.62],[-110.5,27.87],[-111.1,27.94],[-112.17,28.97],[-112.21,29.27],[-112.4,29.34],[-113.09,30.7],[-113.03,31.16],[-113.62,31.33],[-113.66,31.5],[-113.97,31.65],[-114.17,31.5],[-114.96,31.91],[-114.78,31.66],[-114.89,31.16],[-114.71,30.9],[-114.54,29.95],[-114.83,30.18],[-114.39,29.57],[-114.53,29.97],[-113.72,29.37],[-113.53,28.91],[-113.22,28.83],[-113.09,28.5],[-112.84,28.44],[-112.7,27.75],[-112.35,27.55],[-112.21,27.2],[-111.95,27.09],[-112.01,26.96],[-111.76,26.55],[-111.82,26.9],[-111.57,26.71],[-111.3,25.78],[-110.65,24.8],[-110.67,24.35],[-110.33,24.18],[-110.28,24.35],[-110.18,24.26],[-110.29,24.14],[-110.01,23.0],[-109.86,22.9],[-109.9,22.87],[-110.06,22.95],[-110.3,23.52],[-112.03,24.82],[-112.15,25.93],[-113.0,26.58],[-113.15,26.98],[-113.62,26.72],[-113.84,26.97],[-114.42,27.17],[-114.52,27.42],[-115.02,27.74],[-115.06,27.86],[-114.31,27.87],[-114.3,27.75],[-114.1,27.6],[-113.95,27.65],[-114.14,27.73],[-114.15,27.95],[-114.17,27.95],[-114.26,27.89],[-114.27,27.9],[-114.04,28.47],[-114.96,29.37],[-115.7,29.75],[-116.05,30.79],[-116.33,30.96],[-116.31,31.15],[-116.68,31.55],[-116.64,31.7],[-116.21,31.56],[-115.57,30.77],[-115.42,30.8],[-115.36,30.66],[-114.87,30.34],[-115.24,30.62],[-115.26,31.0],[-115.48,31.27],[-115.73,31.32],[-115.46,31.34],[-115.85,32.42],[-116.2,32.61],[-116.6,33.19],[-116.47,33.28],[-116.58,33.48],[-116.37,33.53],[-116.77,33.93],[-116.48,34.14],[-116.57,34.27],[-117.17,34.42],[-117.48,34.31],[-118.73,34.79],[-118.07,35.22],[-118.12,35.54],[-117.88,35.66],[-118.09,36.5],[-118.4,37.31],[-118.61,37.31],[-118.65,37.54],[-118.92,37.63],[-118.92,37.75],[-118.63,37.76],[-119.13,37.86],[-119.61,38.72],[-119.83,38.74],[-119.87,39.58],[-120.17,39.79],[-120.41,39.57],[-120.43,39.83],[-120.03,39.94],[-120.71,40.36],[-120.12,40.8],[-120.7,40.78],[-120.77,40.93],[-120.64,40.86],[-120.46,41.08],[-120.5,40.92],[-120.34,40.86],[-120.09,41.06],[-120.23,41.66],[-120.09,42.3],[-120.81,42.78],[-120.79,43.03],[-121.31,43.11],[-121.16,43.43],[-120.76,43.57],[-120.86,43.83],[-121.1,43.88],[-120.44,43.91],[-120.22,43.7],[-120.03,43.93],[-119.81,43.62],[-119.12,43.52],[-119.08,43.65],[-118.61,43.66],[-118.68,43.98],[-118.39,43.82],[-117.82,43.85],[-117.88,44.02],[-117.45,44.04],[-117.57,44.27],[-116.83,44.37],[-116.49,44.82],[-116.2,44.34],[-116.27,43.92],[-116.41,43.9],[-116.06,43.51],[-115.65,43.26],[-114.9,43.42],[-114.32,43.33],[-114.36,43.61],[-113.96,43.27],[-113.02,43.67],[-112.39,44.29],[-111.43,44.49],[-111.71,44.36],[-111.18,44.04],[-111.01,43.76],[-111.1,43.57],[-111.34,43.82],[-111.66,43.66],[-111.43,43.55],[-111.69,43.51],[-111.73,43.24],[-111.47,42.99],[-111.43,42.52],[-111.7,42.64],[-111.78,41.47],[-112.08,41.75],[-111.78,40.68],[-111.9,40.46],[-111.76,40.47],[-111.55,40.14],[-111.8,39.94],[-111.92,39.4],[-111.71,39.09],[-112.18,38.51],[-112.28,38.6],[-112.02,38.89],[-112.12,39.22],[-112.58,38.69],[-112.5,38.12],[-113.05,37.72],[-113.17,37.52],[-113.06,37.36],[-112.79,37.5],[-112.37,37.41],[-111.97,37.88],[-111.9,37.67],[-111.79,37.9],[-111.29,38.02],[-111.48,38.29],[-111.43,38.91],[-111.14,39.2],[-111.23,39.38],[-111.1,39.32],[-111.23,39.54],[-110.94,39.8],[-110.44,39.81],[-111.03,40.09],[-110.85,40.16],[-111.09,40.36],[-110.93,40.29],[-110.75,40.36],[-110.97,40.45],[-110.71,40.48],[-110.6,40.38],[-110.51,40.6],[-109.61,40.59],[-109.25,40.9],[-108.95,40.79],[-109.38,40.97],[-110.21,40.93],[-110.19,41.14],[-111.09,40.97],[-111.09,41.19],[-111.26,41.15],[-111.45,42.31],[-111.35,42.46],[-111.19,42.34],[-111.07,42.44],[-110.94,42.11],[-110.85,42.24],[-110.86,42.0],[-110.67,42.15],[-110.6,41.9],[-110.52,42.28],[-110.43,42.12],[-110.3,42.26],[-110.47,42.82],[-110.39,43.02],[-110.04,43.18],[-110.01,43.37],[-110.0,43.08],[-109.36,42.6],[-108.54,42.49],[-109.91,43.66],[-109.34,43.69],[-109.19,43.58],[-108.9,43.83],[-109.32,44.12],[-109.17,44.34],[-109.63,44.14],[-109.28,44.46],[-109.53,44.49],[-109.17,44.54],[-109.33,44.75],[-109.22,45.11],[-108.69,45.25],[-108.55,45.07],[-108.11,44.99],[-107.12,43.95],[-107.12,43.72],[-106.94,44.0],[-106.67,43.73],[-106.91,43.33],[-106.4,42.77],[-106.59,42.73],[-106.41,42.46],[-105.96,42.41],[-105.66,42.19],[-105.7,42.02],[-105.45,41.99],[-105.52,41.01],[-105.62,41.08],[-105.94,40.84],[-106.08,40.97],[-105.99,41.21],[-106.14,41.24],[-106.02,41.43],[-106.26,41.62],[-106.53,41.52],[-106.55,41.73],[-106.62,41.27],[-106.45,41.05],[-107.4,41.54],[-107.51,41.26],[-107.39,40.98],[-107.53,40.75],[-107.01,40.41],[-107.7,40.38],[-107.6,40.34],[-107.67,40.01],[-107.9,39.91],[-107.89,39.73],[-107.41,39.55],[-107.62,39.35],[-107.97,39.45],[-108.13,39.26],[-107.78,39.27],[-108.29,39.06],[-108.19,38.87],[-107.53,38.92],[-107.57,38.5],[-107.43,38.39],[-107.69,38.41],[-107.64,38.17],[-107.82,38.1],[-108.07,38.39],[-108.59,38.61],[-108.59,38.76],[-108.88,38.77],[-108.17,38.2],[-108.18,37.93],[-108.53,37.99],[-108.39,37.86],[-108.53,37.77],[-108.79,37.88],[-108.7,37.65],[-108.0,37.14],[-107.84,37.33],[-107.5,37.24],[-107.52,37.06],[-107.28,36.92],[-107.32,36.4],[-106.94,36.04],[-106.84,35.55],[-106.74,35.67],[-106.5,35.57],[-106.17,35.86],[-106.24,36.16],[-106.59,36.17],[-106.56,36.32],[-105.92,36.41],[-106.24,37.53],[-106.57,37.68],[-106.32,37.74],[-106.14,38.05],[-106.28,38.15],[-105.96,38.17],[-106.09,38.42],[-105.51,37.81],[-105.59,37.56],[-105.35,37.37],[-105.39,36.99],[-105.67,36.57],[-105.52,36.45],[-105.91,36.16],[-105.9,35.26],[-106.15,35.4],[-106.5,35.27],[-106.5,34.46],[-106.72,34.32],[-106.71,34.07],[-106.36,34.15],[-106.35,33.58],[-106.07,33.84],[-105.81,33.8],[-105.72,33.6],[-106.03,33.43],[-105.92,32.75],[-105.8,32.53],[-105.41,32.35],[-105.16,32.5],[-104.91,32.24],[-105.03,32.15],[-104.86,31.86],[-104.4,32.19],[-104.65,32.23],[-105.09,32.65],[-104.78,32.75],[-104.84,32.85],[-104.58,33.01],[-104.77,33.3],[-104.63,33.75],[-104.28,33.83],[-103.97,33.39],[-104.04,32.79],[-103.15,32.19],[-102.83,31.38],[-102.33,31.43],[-102.01,31.26],[-101.99,31.01],[-101.65,30.64],[-101.74,30.28],[-101.33,30.16],[-100.94,29.61],[-100.94,29.78],[-100.61,29.8],[-100.77,29.69],[-99.91,29.32],[-98.88,29.52],[-98.85,29.14],[-98.64,28.92],[-98.36,28.92],[-98.17,28.47],[-97.86,28.2],[-97.87,28.04],[-98.12,27.98],[-98.3,27.7],[-98.27,27.47],[-98.66,27.31],[-98.59,27.15],[-98.88,26.98],[-98.32,26.65],[-98.56,26.02],[-98.21,25.46],[-98.42,25.31],[-98.09,24.68],[-98.21,24.4],[-98.12,24.03],[-98.18,24.17],[-98.18,24.06],[-98.27,23.84],[-98.72,23.86],[-98.63,24.09],[-98.2,24.05],[-98.55,24.45],[-98.67,24.19],[-98.77,24.42],[-98.89,24.3],[-99.01,24.43],[-98.95,24.15],[-99.13,23.96],[-99.5,24.16],[-99.52,24.03],[-99.56,24.47],[-100.23,25.66],[-100.43,25.64],[-100.3,25.44],[-100.58,25.7],[-100.77,25.61],[-101.11,25.13],[-100.84,24.9],[-100.91,25.14],[-100.6,25.13],[-100.01,24.37],[-100.04,24.18],[-99.77,24.15],[-99.82,23.97],[-100.02,24.1],[-99.76,23.56],[-99.92,23.44],[-99.86,23.25],[-99.69,23.39],[-99.63,23.0],[-99.54,22.05],[-99.67,21.55],[-100.07,21.27],[-100.06,21.42],[-100.21,21.52],[-100.22,21.26],[-99.91,21.12],[-100.22,21.1],[-100.4,20.85],[-100.11,20.85],[-99.99,21.09],[-99.77,21.13],[-99.41,20.94],[-99.37,20.85],[-99.52,20.71],[-99.48,20.96],[-99.69,20.95],[-99.73,20.74],[-99.53,20.7]],[[-99.75,20.74],[-99.73,20.74],[-99.9,20.85],[-99.75,20.74]],[[-110.4,24.09],[-110.33,24.16],[-110.33,24.18],[-110.4,24.09]],[[-101.71,25.31],[-101.74,25.18],[-102.13,25.33],[-101.51,25.07],[-101.11,25.13],[-101.71,25.31]],[[-100.36,21.62],[-100.18,21.76],[-99.99,21.47],[-99.78,21.54],[-100.21,21.97],[-100.49,22.0],[-100.5,22.22],[-100.32,22.28],[-100.42,22.49],[-100.24,22.69],[-100.35,22.88],[-100.55,22.24],[-100.76,22.33],[-100.69,21.94],[-100.33,21.66],[-100.48,21.6],[-100.46,21.47],[-100.69,21.51],[-100.34,21.31],[-100.21,21.52],[-100.36,21.62]],[[-101.45,21.36],[-101.73,21.76],[-101.68,21.32],[-101.79,21.25],[-101.52,21.16],[-101.45,21.36]],[[-102.51,22.44],[-102.71,22.51],[-102.87,21.78],[-102.7,22.06],[-102.62,21.86],[-102.37,22.0],[-102.51,22.44]],[[-103.88,23.97],[-103.67,24.04],[-103.98,24.25],[-103.87,23.64],[-103.58,23.6],[-103.88,23.97]],[[-102.41,28.99],[-102.88,29.32],[-102.53,28.79],[-102.64,28.35],[-102.39,28.05],[-102.53,28.47],[-102.4,28.46],[-102.45,28.65],[-102.24,28.39],[-102.27,28.26],[-102.38,28.35],[-102.33,28.11],[-102.15,28.42],[-101.96,27.85],[-101.52,27.66],[-101.9,28.01],[-102.0,28.52],[-102.46,28.72],[-102.41,28.99]],[[-102.28,28.76],[-102.04,28.56],[-101.86,28.67],[-101.89,28.84],[-101.8,28.67],[-101.87,28.56],[-101.48,28.45],[-101.39,28.74],[-101.58,28.82],[-101.55,29.09],[-101.83,29.13],[-101.69,29.17],[-101.85,29.23],[-101.8,29.38],[-101.86,29.23],[-102.06,29.28],[-102.01,29.43],[-102.23,29.51],[-102.28,28.76]],[[-110.63,31.33],[-111.17,31.36],[-111.22,31.09],[-111.06,30.74],[-110.89,30.95],[-110.65,30.84],[-110.7,31.12],[-110.25,30.97],[-110.42,31.27],[-110.55,31.31],[-110.59,31.15],[-110.63,31.33]],[[-108.98,32.79],[-108.6,32.68],[-108.54,32.42],[-108.25,32.81],[-107.69,32.46],[-107.51,32.97],[-107.61,33.16],[-107.5,33.46],[-107.26,33.55],[-107.26,33.86],[-107.58,33.98],[-107.68,33.76],[-107.91,33.9],[-108.26,33.68],[-108.38,33.77],[-108.34,33.92],[-107.79,34.07],[-107.68,34.28],[-107.47,34.08],[-107.2,34.17],[-107.29,34.35],[-107.65,34.45],[-108.33,34.2],[-108.59,34.28],[-108.8,34.13],[-109.35,34.1],[-109.8,34.39],[-110.44,34.47],[-111.11,34.85],[-111.27,35.35],[-111.76,35.61],[-111.71,35.87],[-111.56,35.89],[-111.73,35.93],[-111.79,36.18],[-111.98,35.98],[-112.53,36.21],[-112.08,35.78],[-112.07,35.55],[-112.82,35.46],[-112.81,35.21],[-112.46,35.24],[-112.7,35.12],[-112.23,34.74],[-112.23,34.53],[-112.52,34.68],[-112.54,34.88],[-112.69,34.77],[-112.63,34.97],[-113.06,35.27],[-113.29,35.17],[-113.8,35.38],[-113.78,35.17],[-114.02,35.08],[-113.73,34.58],[-113.63,34.62],[-113.8,34.98],[-113.62,35.12],[-113.48,34.68],[-113.26,34.7],[-113.28,34.52],[-112.94,34.61],[-113.07,34.42],[-113.0,34.2],[-112.56,34.12],[-112.52,33.95],[-112.14,34.23],[-112.05,33.95],[-111.74,33.89],[-111.69,34.24],[-111.58,33.79],[-111.36,33.63],[-111.22,33.68],[-111.32,33.99],[-110.91,33.69],[-110.67,33.79],[-110.77,33.62],[-111.16,33.64],[-111.46,33.45],[-111.08,33.3],[-111.14,33.16],[-110.98,33.26],[-110.75,33.04],[-110.89,33.19],[-110.62,33.16],[-110.56,33.31],[-110.73,33.4],[-110.35,33.54],[-109.59,33.14],[-109.47,33.38],[-109.48,33.14],[-109.2,33.2],[-109.27,33.07],[-108.98,32.79]],[[-101.51,26.62],[-101.66,26.59],[-101.62,26.73],[-101.81,26.82],[-101.82,26.72],[-101.55,26.46],[-101.94,26.59],[-101.71,26.38],[-101.48,26.44],[-101.51,26.62]],[[-101.95,27.31],[-102.12,27.23],[-101.99,27.05],[-101.97,27.22],[-101.76,27.08],[-101.93,27.61],[-101.95,27.31]],[[-103.7,30.74],[-104.06,31.01],[-104.01,30.81],[-104.29,30.71],[-104.03,30.55],[-103.89,30.61],[-104.06,30.58],[-104.02,30.72],[-103.79,30.63],[-103.86,30.45],[-103.7,30.74]],[[-109.08,31.22],[-109.13,30.98],[-108.77,31.03],[-108.68,31.31],[-108.92,31.31],[-109.08,31.22]],[[-110.69,30.08],[-110.77,30.08],[-110.73,29.64],[-110.56,29.62],[-110.69,30.08]],[[-113.62,37.39],[-113.52,37.22],[-113.28,37.31],[-113.36,36.91],[-113.19,37.48],[-113.62,37.39]],[[-107.32,35.61],[-107.89,35.17],[-107.37,35.07],[-107.15,35.38],[-107.32,35.61]],[[-108.51,35.15],[-108.15,35.01],[-108.34,34.75],[-108.1,34.99],[-107.94,34.95],[-108.07,35.33],[-108.65,35.43],[-108.51,35.15]],[[-108.66,35.91],[-108.92,36.53],[-109.21,36.59],[-109.05,36.8],[-109.13,36.88],[-109.3,36.83],[-109.2,36.38],[-109.34,36.24],[-109.42,35.54],[-109.15,35.44],[-109.06,35.78],[-108.89,35.72],[-108.66,35.91]],[[-112.08,36.9],[-112.54,36.48],[-112.37,36.37],[-112.46,36.27],[-111.95,36.12],[-111.88,36.33],[-112.08,36.9]],[[-117.38,38.78],[-117.48,38.84],[-117.44,38.67],[-117.27,38.67],[-117.18,39.23],[-117.38,38.78]],[[-118.18,37.35],[-118.05,37.53],[-118.3,37.94],[-118.41,37.82],[-118.18,37.35]]],[[[-109.73,23.02],[-109.68,23.67],[-109.4,23.46],[-109.46,23.18],[-109.86,22.9],[-109.73,23.02]]],[[[-97.78,24.11],[-97.81,23.91],[-98.09,23.93],[-98.12,24.03],[-97.78,24.11]]],[[[-104.03,23.05],[-103.82,23.16],[-104.1,22.89],[-104.04,22.55],[-104.17,22.65],[-104.21,23.16],[-104.03,23.05]]],[[[-82.36,23.16],[-81.26,23.12],[-81.57,23.01],[-82.36,23.16]]],[[[-110.01,24.16],[-109.8,24.02],[-109.91,23.8],[-110.09,24.0],[-110.01,24.16]]],[[[-112.19,28.97],[-112.31,28.74],[-112.58,28.87],[-112.45,29.19],[-112.28,29.23],[-112.19,28.97]]],[[[-107.46,29.59],[-107.28,29.36],[-107.4,29.01],[-107.25,28.8],[-107.39,28.94],[-107.51,28.79],[-107.59,28.99],[-107.46,29.59]]],[[[-113.59,29.55],[-113.19,29.29],[-113.14,29.0],[-113.59,29.55]]],[[[-107.68,29.24],[-108.11,29.38],[-108.05,29.48],[-107.81,29.46],[-107.68,29.24]]],[[[17.64,-30.8],[17.47,-30.68],[16.57,-28.73],[15.75,-28.01],[15.29,-27.3],[15.08,-26.66],[15.23,-26.61],[14.96,-26.3],[14.83,-25.74],[14.88,-25.08],[14.45,-24.03],[14.51,-22.57],[11.81,-17.99],[11.73,-15.88],[11.98,-15.64],[12.06,-15.23],[12.39,-15.6],[12.11,-15.13],[12.53,-13.42],[12.97,-12.98],[12.94,-12.83],[13.47,-12.51],[13.76,-11.96],[14.07,-12.07],[13.88,-12.81],[13.97,-13.23],[13.68,-13.19],[13.51,-13.55],[13.37,-13.49],[13.4,-13.86],[13.11,-14.12],[12.92,-14.95],[13.27,-16.21],[13.23,-16.8],[13.17,-16.97],[12.48,-17.24],[12.68,-17.87],[12.44,-17.77],[12.77,-18.47],[13.21,-18.84],[13.11,-18.98],[13.35,-18.87],[13.48,-19.03],[13.37,-19.33],[13.67,-19.34],[13.8,-19.52],[14.08,-19.44],[14.32,-19.84],[14.18,-20.07],[14.8,-20.51],[14.57,-20.62],[14.57,-20.91],[15.01,-20.75],[15.03,-21.1],[14.82,-21.09],[15.26,-21.25],[15.22,-21.81],[15.46,-22.08],[15.66,-21.96],[15.6,-22.22],[15.72,-22.32],[15.97,-22.32],[16.02,-22.54],[15.75,-22.79],[16.0,-23.33],[16.23,-23.49],[16.41,-23.2],[16.0,-22.7],[16.35,-22.25],[16.68,-22.11],[16.08,-21.86],[16.23,-21.73],[15.62,-20.98],[16.01,-20.3],[15.89,-20.19],[17.19,-19.63],[17.21,-19.83],[18.22,-19.74],[17.75,-19.86],[17.06,-20.36],[17.11,-20.5],[17.67,-20.25],[18.04,-20.3],[18.49,-20.56],[18.82,-21.03],[19.77,-21.5],[20.13,-21.45],[21.0,-21.74],[22.02,-21.25],[22.22,-20.87],[22.46,-20.77],[22.29,-20.75],[23.37,-20.16],[24.5,-20.41],[24.33,-20.99],[24.55,-21.46],[26.33,-21.44],[26.43,-21.78],[26.31,-21.87],[26.52,-22.1],[26.89,-22.11],[26.27,-22.65],[26.49,-22.82],[26.06,-22.84],[25.98,-22.98],[26.15,-23.2],[25.94,-23.13],[25.64,-23.39],[25.78,-23.53],[25.67,-23.85],[25.84,-23.59],[26.1,-23.59],[26.0,-23.79],[26.18,-23.7],[26.0,-23.92],[25.66,-24.0],[25.84,-24.1],[25.52,-24.1],[25.54,-24.34],[25.28,-24.48],[25.19,-24.77],[25.13,-24.66],[24.36,-24.74],[24.86,-24.91],[24.57,-24.9],[24.84,-24.98],[24.59,-25.2],[25.09,-25.67],[25.32,-25.66],[25.2,-25.76],[25.58,-25.64],[25.73,-25.3],[25.8,-25.54],[25.67,-25.61],[25.86,-25.69],[25.4,-25.94],[25.32,-26.46],[25.07,-26.49],[25.32,-26.77],[25.11,-26.84],[25.27,-27.11],[25.5,-27.14],[25.38,-27.21],[25.51,-27.38],[25.68,-27.21],[25.95,-27.34],[25.74,-27.59],[26.22,-27.56],[26.28,-27.74],[26.23,-27.94],[25.98,-28.01],[25.44,-27.95],[25.6,-28.29],[25.16,-28.43],[25.52,-28.92],[25.57,-29.51],[25.09,-29.43],[25.31,-29.67],[25.23,-29.77],[25.13,-29.71],[24.98,-29.83],[24.75,-29.75],[24.7,-29.98],[24.44,-29.75],[24.41,-29.95],[24.87,-30.31],[24.71,-30.26],[24.78,-30.42],[24.59,-30.33],[24.61,-30.38],[24.54,-30.37],[24.5,-30.46],[24.38,-30.51],[24.31,-30.43],[24.47,-30.46],[24.5,-30.41],[24.33,-30.43],[24.25,-30.28],[24.21,-30.42],[24.34,-30.52],[24.16,-30.47],[24.17,-30.66],[24.34,-30.72],[24.4,-30.51],[24.72,-30.42],[24.52,-30.69],[24.66,-30.79],[24.64,-30.65],[25.01,-30.59],[24.81,-30.51],[24.84,-30.39],[24.97,-30.5],[25.13,-30.42],[25.15,-30.58],[24.99,-30.65],[25.2,-30.61],[25.32,-30.78],[25.33,-30.65],[25.77,-30.68],[26.09,-30.52],[26.26,-30.69],[26.43,-30.55],[26.73,-30.57],[26.64,-30.66],[26.79,-30.71],[26.32,-30.77],[26.43,-30.93],[26.13,-31.08],[26.36,-31.19],[26.1,-31.34],[25.9,-31.77],[25.99,-31.68],[26.12,-31.91],[26.0,-31.99],[25.96,-31.98],[25.87,-31.92],[25.94,-32.1],[25.55,-32.0],[25.25,-32.31],[25.27,-32.18],[25.24,-32.21],[25.15,-32.19],[25.14,-32.22],[25.12,-32.19],[25.27,-32.14],[25.0,-32.16],[24.97,-31.8],[24.81,-31.79],[24.92,-31.61],[24.69,-31.71],[24.79,-31.79],[24.6,-32.01],[24.53,-31.94],[24.73,-32.21],[24.63,-32.29],[25.18,-32.35],[25.41,-32.65],[25.35,-32.91],[24.78,-32.69],[24.66,-32.87],[24.23,-32.78],[24.5,-32.86],[24.39,-33.15],[24.88,-33.35],[23.74,-33.03],[23.53,-33.09],[23.58,-33.11],[22.95,-33.3],[22.49,-33.26],[22.13,-33.23],[22.03,-33.24],[21.91,-33.16],[21.97,-33.25],[21.83,-33.2],[21.06,-33.29],[21.12,-33.32],[20.99,-33.37],[21.29,-33.38],[20.85,-33.44],[21.43,-33.5],[21.51,-33.58],[21.25,-33.61],[21.35,-33.71],[21.88,-33.8],[21.66,-33.93],[20.77,-33.9],[20.9,-33.76],[20.47,-33.73],[20.22,-33.59],[20.29,-33.46],[20.01,-33.52],[20.0,-33.46],[19.91,-33.45],[20.17,-33.26],[20.37,-33.32],[20.12,-33.38],[20.2,-33.45],[20.4,-33.44],[20.36,-33.49],[20.92,-33.31],[20.04,-33.13],[19.98,-33.21],[19.62,-33.28],[19.72,-32.88],[19.39,-32.56],[19.43,-32.74],[19.19,-32.24],[19.17,-32.23],[19.16,-31.91],[19.03,-31.89],[19.08,-32.06],[18.7,-31.86],[18.75,-31.98],[18.36,-31.66],[18.28,-31.91],[18.2,-31.62],[18.32,-31.57],[18.21,-31.56],[18.19,-31.61],[18.18,-31.7],[17.64,-30.8]],[[25.86,-31.9],[25.82,-31.89],[25.7,-31.97],[25.87,-31.92],[25.86,-31.9]],[[18.04,-30.4],[18.16,-30.47],[18.26,-30.34],[18.31,-30.44],[18.48,-30.4],[18.07,-30.19],[18.04,-30.4]],[[21.4,-32.36],[21.04,-32.32],[21.22,-32.46],[21.53,-32.35],[21.56,-32.15],[21.42,-32.04],[21.28,-32.15],[21.46,-32.25],[21.4,-32.36]],[[20.63,-32.43],[20.67,-32.31],[20.16,-32.09],[20.26,-32.32],[20.34,-32.23],[20.49,-32.27],[20.32,-32.29],[20.35,-32.43],[20.71,-32.68],[20.48,-32.94],[20.25,-32.87],[20.42,-32.94],[20.34,-33.06],[20.73,-33.02],[20.56,-32.89],[20.77,-32.9],[20.66,-32.82],[21.19,-32.72],[21.18,-32.55],[20.8,-32.55],[20.87,-32.42],[20.76,-32.54],[20.83,-32.25],[20.63,-32.43]],[[18.67,-31.71],[18.68,-31.85],[19.02,-31.87],[19.09,-31.75],[19.15,-31.9],[19.25,-31.79],[19.21,-31.31],[19.0,-31.12],[19.04,-31.44],[18.93,-31.5],[19.0,-31.61],[19.0,-31.78],[18.93,-31.8],[18.67,-31.71]],[[25.44,-31.46],[25.71,-31.21],[25.68,-31.18],[25.56,-31.19],[25.6,-31.04],[25.81,-31.02],[25.87,-30.88],[25.5,-31.07],[25.36,-30.92],[25.49,-31.17],[25.29,-31.35],[25.38,-31.43],[25.36,-31.3],[25.44,-31.46]],[[25.68,-31.27],[25.69,-31.34],[25.77,-31.36],[25.71,-31.37],[25.94,-31.46],[25.97,-31.27],[25.9,-31.37],[25.79,-31.34],[25.8,-31.23],[25.72,-31.26],[25.7,-31.25],[25.72,-31.21],[25.71,-31.21],[25.68,-31.27]]],[[[23.59,-33.11],[23.61,-33.16],[24.49,-33.26],[24.28,-33.25],[24.92,-33.47],[24.48,-33.43],[24.31,-33.56],[23.67,-33.45],[23.77,-33.31],[23.63,-33.31],[23.62,-33.29],[22.95,-33.42],[22.27,-33.28],[22.49,-33.26],[22.67,-33.31],[22.95,-33.3],[23.11,-33.3],[23.49,-33.24],[23.58,-33.11],[23.59,-33.11]]],[[[11.41,15.97],[11.22,15.98],[11.43,16.43],[11.54,16.36],[11.41,15.97]]],[[[1.36,19.1],[1.14,19.22],[1.22,19.41],[1.45,19.27],[1.36,19.1]]],[[[2.05,18.94],[2.12,19.1],[1.93,18.89],[1.83,18.97],[1.85,19.42],[1.65,19.16],[1.74,19.45],[1.49,19.71],[1.71,19.74],[1.69,19.87],[1.25,19.9],[1.63,20.17],[1.06,20.16],[1.07,20.29],[2.0,20.52],[2.68,20.29],[2.92,19.87],[2.49,19.44],[2.43,18.79],[2.19,18.57],[2.08,18.68],[2.23,18.76],[2.05,18.94]]],[[[22.04,-33.62],[21.77,-33.66],[21.68,-33.5],[22.02,-33.5],[22.16,-33.63],[22.24,-33.51],[23.22,-33.39],[23.36,-33.49],[23.13,-33.49],[22.79,-33.59],[22.45,-33.58],[22.59,-33.72],[23.05,-33.7],[22.07,-33.78],[22.04,-33.62]]],[[[25.34,-19.57],[25.34,-19.46],[24.91,-19.6],[24.83,-19.41],[24.98,-19.35],[24.87,-19.26],[24.99,-19.0],[24.8,-19.27],[24.65,-19.1],[24.73,-19.49],[24.5,-19.26],[24.25,-19.34],[24.31,-19.95],[24.74,-19.69],[24.5,-19.96],[24.89,-20.58],[24.56,-20.75],[24.58,-20.96],[24.39,-20.95],[24.52,-20.35],[23.46,-20.08],[23.85,-19.6],[23.89,-19.31],[24.54,-18.87],[24.56,-18.65],[25.03,-18.93],[25.27,-18.8],[25.83,-18.84],[26.37,-19.36],[25.34,-19.57]]],[[[23.96,-19.19],[23.78,-18.79],[24.01,-18.74],[23.83,-18.61],[24.02,-18.61],[24.02,-18.75],[23.96,-19.19]]],[[[24.45,13.35],[24.59,12.77],[24.22,12.85],[24.45,13.35]]],[[[22.01,14.81],[21.78,15.02],[21.9,15.02],[21.78,15.12],[21.84,15.35],[22.17,15.47],[22.05,15.57],[22.35,15.59],[22.58,15.82],[22.58,15.6],[22.44,15.59],[22.53,15.49],[22.25,15.34],[22.33,15.14],[22.01,14.81]]],[[[32.72,29.45],[32.57,29.93],[32.77,30.97],[32.68,31.04],[33.01,31.05],[33.11,31.19],[33.13,31.04],[33.47,31.13],[33.27,31.21],[33.82,31.15],[34.38,31.47],[34.24,31.3],[34.42,31.27],[34.31,31.32],[34.51,31.55],[34.91,31.51],[35.05,31.34],[35.28,31.48],[35.28,31.34],[35.54,32.07],[35.55,31.45],[35.56,32.43],[35.64,32.17],[36.06,32.21],[35.61,32.1],[35.61,31.44],[35.83,31.53],[35.65,31.42],[36.0,31.38],[35.6,31.41],[35.48,31.23],[35.52,30.99],[35.79,30.86],[35.42,30.97],[35.49,30.61],[35.08,29.55],[35.55,29.89],[35.68,29.67],[36.11,31.26],[36.38,31.08],[36.67,31.18],[36.7,31.99],[37.24,32.33],[37.15,32.9],[36.81,33.21],[36.79,33.6],[37.04,33.57],[37.05,33.75],[37.62,34.11],[37.92,34.1],[37.87,34.22],[38.4,34.57],[39.2,34.6],[39.62,34.86],[39.39,35.02],[40.56,34.98],[40.94,35.55],[40.97,35.25],[41.21,35.23],[41.77,35.51],[42.73,35.67],[43.95,35.63],[45.49,34.8],[45.77,34.5],[45.7,33.63],[46.14,33.14],[46.94,32.64],[48.73,31.92],[49.24,31.25],[49.03,31.4],[48.47,30.57],[48.77,30.56],[49.55,30.94],[50.85,30.06],[51.04,29.4],[52.16,28.52],[52.42,28.6],[52.77,28.39],[53.08,28.61],[53.41,28.42],[53.52,28.65],[54.0,28.25],[54.42,28.48],[54.79,28.17],[55.46,28.13],[55.71,28.32],[55.84,28.14],[56.17,28.23],[56.1,28.47],[56.66,28.35],[56.33,27.96],[56.77,27.98],[57.26,28.2],[57.51,28.56],[56.75,28.92],[57.05,29.14],[58.64,28.28],[57.61,29.3],[57.7,29.4],[58.29,29.07],[57.47,30.64],[57.1,30.98],[56.79,30.9],[56.8,31.34],[56.66,31.53],[56.52,31.42],[56.51,31.6],[55.92,32.17],[56.13,31.53],[56.42,31.25],[56.16,31.07],[56.97,30.58],[57.57,29.71],[57.05,30.18],[56.12,30.72],[55.51,31.29],[54.85,31.56],[54.77,31.36],[55.55,31.06],[56.12,30.54],[57.03,30.14],[57.42,29.48],[55.8,29.97],[55.44,30.21],[55.59,30.36],[55.46,30.48],[54.44,31.02],[54.4,31.4],[53.65,31.7],[52.9,32.7],[53.16,32.73],[53.15,32.85],[52.78,32.98],[52.52,32.9],[52.3,33.58],[51.43,34.06],[51.48,34.35],[51.12,34.63],[50.84,34.42],[51.54,33.71],[52.24,33.27],[52.38,32.72],[53.11,32.2],[53.2,31.65],[53.51,31.66],[54.05,31.16],[54.02,30.79],[54.24,31.03],[54.77,30.33],[56.24,29.57],[56.39,29.07],[55.91,28.76],[54.82,29.49],[54.28,29.37],[54.22,29.74],[54.09,29.57],[54.01,29.83],[53.58,30.08],[53.66,30.15],[53.27,30.53],[52.63,30.72],[52.79,30.91],[52.44,31.19],[52.29,30.44],[52.02,30.57],[51.89,31.55],[52.45,31.89],[52.05,31.96],[51.88,32.86],[51.07,33.38],[51.1,33.15],[50.48,33.51],[50.57,34.45],[49.24,33.64],[49.22,33.99],[49.52,34.38],[50.27,34.74],[50.2,34.87],[50.38,34.84],[50.01,35.2],[51.43,35.23],[51.34,35.32],[51.52,35.49],[50.51,35.48],[50.46,35.68],[50.14,35.79],[49.08,35.74],[49.04,35.91],[49.22,36.0],[48.97,36.4],[50.8,36.08],[51.13,35.84],[51.89,35.66],[52.01,35.38],[52.44,35.36],[53.59,35.62],[56.82,37.25],[58.03,36.82],[58.08,36.43],[56.6,36.53],[56.74,36.39],[58.4,36.19],[58.49,36.34],[59.12,36.11],[59.07,36.32],[58.09,37.11],[57.07,37.48],[56.92,37.65],[57.09,37.7],[58.0,37.51],[59.4,36.75],[59.95,36.72],[60.88,35.78],[60.16,35.84],[60.42,35.62],[60.94,35.45],[60.88,35.77],[61.53,36.19],[61.13,36.69],[59.42,37.79],[58.49,38.02],[58.51,37.91],[58.21,37.94],[57.21,38.58],[56.41,38.84],[56.43,39.06],[55.66,39.31],[54.95,39.04],[55.02,38.47],[55.54,38.09],[56.43,37.9],[55.85,37.74],[55.19,37.14],[54.13,36.84],[53.81,37.81],[53.83,38.57],[53.99,38.94],[53.52,39.33],[53.17,39.38],[53.18,39.22],[53.09,39.43],[53.28,39.7],[53.23,39.55],[53.71,39.56],[53.4,39.8],[53.42,39.99],[53.74,39.99],[52.87,40.02],[52.94,39.86],[52.71,40.29],[52.93,41.11],[53.09,40.79],[53.48,40.77],[53.6,40.9],[53.81,40.65],[54.25,40.79],[54.08,41.39],[53.7,41.63],[52.92,41.64],[52.86,41.05],[52.44,41.76],[52.42,42.09],[52.68,42.54],[52.56,42.73],[52.71,42.57],[52.74,42.72],[52.17,42.9],[51.93,42.82],[51.65,43.18],[51.27,43.15],[51.29,43.52],[50.83,44.2],[50.28,44.35],[50.23,44.58],[50.82,44.63],[51.58,44.42],[51.42,44.58],[51.22,44.54],[51.16,44.77],[50.83,44.83],[51.24,45.05],[51.42,45.36],[52.8,45.35],[52.72,45.49],[52.97,45.39],[52.74,45.52],[52.87,45.62],[52.71,45.61],[52.8,45.76],[52.93,45.67],[52.86,45.84],[53.03,45.93],[52.88,46.2],[53.13,46.41],[53.07,46.58],[52.89,46.81],[52.77,46.68],[52.63,46.87],[52.26,46.75],[51.59,47.02],[50.4,46.82],[49.61,46.43],[49.33,46.52],[49.44,46.29],[49.24,46.45],[49.3,46.25],[49.14,46.33],[49.12,46.15],[48.66,45.97],[48.7,45.87],[48.46,45.93],[48.24,45.71],[47.85,45.72],[47.82,45.6],[47.55,45.73],[47.56,45.49],[46.82,44.53],[46.67,44.5],[46.64,44.78],[45.77,44.85],[45.82,45.14],[45.17,45.62],[44.64,46.56],[44.67,47.56],[46.11,47.85],[46.49,48.28],[46.96,48.16],[46.97,48.49],[46.82,48.64],[47.0,48.9],[47.45,48.89],[47.29,49.27],[47.83,49.11],[49.42,49.21],[50.61,48.95],[50.96,49.16],[51.57,48.94],[51.7,49.01],[51.69,49.29],[51.87,49.14],[51.94,48.71],[52.09,49.07],[51.51,49.7],[51.36,50.1],[52.28,50.49],[53.32,50.29],[53.58,50.38],[53.95,49.91],[54.53,49.63],[58.44,48.74],[58.15,47.94],[58.26,47.81],[59.53,49.03],[59.54,49.48],[59.9,49.87],[60.18,49.79],[60.82,50.09],[61.31,49.98],[61.99,50.31],[62.9,50.37],[63.51,50.66],[64.24,50.6],[64.3,50.38],[64.63,50.3],[66.42,50.24],[67.15,49.75],[68.21,49.98],[69.3,49.84],[70.03,50.03],[71.21,49.61],[71.67,49.25],[72.8,48.96],[73.0,48.74],[72.14,48.1],[72.41,47.89],[72.27,47.67],[72.38,47.33],[72.83,47.32],[73.44,47.49],[73.45,47.73],[73.69,47.78],[73.39,47.98],[73.28,48.34],[73.54,48.72],[75.07,48.76],[75.19,48.71],[75.17,48.34],[75.72,47.88],[75.91,47.95],[75.91,48.29],[76.08,48.42],[76.66,48.49],[77.04,48.21],[77.3,48.21],[77.85,48.75],[79.75,48.15],[79.86,48.25],[79.69,48.51],[79.12,48.96],[78.5,49.34],[77.99,49.44],[78.13,49.68],[78.01,49.97],[78.58,50.17],[78.68,50.6],[81.09,50.34],[81.31,50.13],[81.25,49.72],[81.1,49.69],[81.29,49.31],[80.74,48.88],[80.86,48.76],[80.64,48.57],[80.73,48.25],[80.48,47.83],[79.98,47.51],[80.28,47.33],[80.36,47.05],[80.18,46.76],[80.32,46.56],[81.08,46.15],[79.41,45.49],[78.31,45.42],[78.34,44.98],[77.9,44.74],[77.99,44.26],[77.69,43.96],[78.09,43.85],[78.16,43.49],[77.26,43.51],[76.43,43.19],[75.39,43.26],[74.46,43.81],[74.29,43.75],[74.34,43.44],[74.78,43.29],[75.39,42.78],[71.91,43.09],[71.57,43.02],[71.38,42.77],[71.16,42.96],[70.67,43.01],[70.43,43.34],[69.72,43.77],[69.4,43.64],[67.2,44.62],[67.68,44.12],[67.37,43.82],[68.28,42.79],[68.33,42.27],[68.11,41.26],[67.87,41.17],[68.01,41.97],[67.8,41.99],[66.62,41.51],[65.06,40.34],[66.13,39.62],[65.83,39.05],[65.98,38.63],[65.59,38.39],[65.49,37.74],[66.27,37.83],[66.87,38.1],[67.46,38.01],[67.96,38.52],[68.19,38.41],[67.96,38.0],[67.89,37.09],[68.17,37.04],[68.46,37.24],[68.72,37.92],[68.81,37.74],[69.03,37.72],[69.31,37.11],[69.41,37.17],[69.52,37.58],[70.16,37.53],[70.29,37.7],[70.16,37.93],[70.52,38.2],[70.63,37.77],[70.42,37.8],[70.7,37.6],[70.78,37.29],[70.53,37.2],[70.78,37.06],[70.93,37.28],[71.06,37.24],[71.38,36.68],[72.78,37.0],[71.49,36.51],[71.26,36.21],[70.9,36.57],[70.86,36.9],[70.71,35.89],[70.58,36.1],[70.33,36.07],[70.44,36.3],[70.33,36.85],[69.47,36.13],[69.55,35.96],[69.37,35.88],[69.41,35.62],[68.83,35.41],[68.49,35.46],[68.75,35.39],[68.58,35.29],[68.31,35.4],[68.12,35.3],[67.91,34.71],[67.28,34.76],[67.32,34.92],[67.75,34.98],[67.81,35.12],[67.48,35.11],[67.17,35.35],[67.56,35.57],[67.24,35.7],[67.05,35.31],[66.94,35.53],[66.44,35.25],[66.44,34.89],[66.12,35.17],[66.46,35.54],[66.3,35.6],[65.87,35.36],[65.02,35.31],[65.34,35.16],[65.65,35.22],[65.37,35.05],[65.76,34.99],[65.22,34.78],[66.2,34.66],[65.73,34.54],[66.13,34.5],[63.88,34.39],[64.08,34.24],[64.8,34.19],[62.8,33.67],[63.16,33.7],[62.96,33.49],[64.8,34.02],[63.25,33.4],[64.83,33.87],[63.69,33.17],[63.59,33.05],[63.75,32.84],[63.97,33.13],[64.3,33.14],[64.34,33.39],[64.65,33.26],[64.82,33.49],[65.2,33.6],[65.17,33.79],[65.41,33.75],[65.55,33.98],[65.2,34.05],[65.26,34.24],[65.77,33.98],[65.51,33.55],[65.63,33.37],[65.93,33.64],[66.09,34.0],[66.01,34.19],[66.51,34.21],[66.3,33.88],[66.42,33.79],[66.78,34.02],[66.66,34.35],[66.87,34.32],[66.92,34.16],[67.39,34.44],[68.07,34.55],[66.92,34.0],[67.43,33.84],[66.64,33.64],[67.17,33.58],[66.13,33.39],[66.08,33.12],[66.38,33.28],[66.4,33.11],[66.56,33.43],[66.94,33.39],[66.47,32.83],[66.52,32.65],[66.99,32.88],[66.88,33.04],[67.04,33.16],[67.3,33.14],[67.38,33.29],[67.12,33.46],[67.44,33.5],[67.72,33.24],[68.01,33.39],[68.09,33.72],[67.92,33.6],[67.92,33.79],[68.27,34.02],[68.12,34.16],[67.85,33.99],[67.83,34.25],[68.07,34.38],[68.63,34.29],[68.43,34.47],[68.66,34.58],[68.79,34.46],[69.01,34.98],[68.26,34.65],[68.48,34.93],[68.24,34.97],[69.86,35.66],[69.61,35.4],[69.71,35.28],[69.41,35.2],[69.73,35.16],[69.79,34.87],[69.84,35.12],[70.09,34.93],[70.05,35.27],[70.26,35.26],[70.42,34.74],[70.69,34.83],[70.63,35.23],[70.99,35.31],[70.79,35.16],[70.87,35.01],[71.21,35.25],[71.24,35.51],[71.6,35.25],[71.44,35.08],[71.88,34.97],[72.12,34.35],[72.83,34.17],[72.96,33.99],[73.16,34.05],[72.84,33.8],[73.06,33.41],[73.79,32.98],[74.13,32.53],[74.27,32.58],[74.2,32.43],[74.88,32.03],[75.24,32.09],[75.38,32.26],[75.08,32.48],[74.69,32.48],[74.7,32.84],[74.52,32.75],[74.18,33.09],[75.03,33.14],[75.14,32.75],[75.6,32.4],[75.58,32.08],[76.41,31.57],[76.3,31.38],[76.95,30.81],[77.36,30.74],[77.28,30.87],[77.41,30.87],[77.8,30.57],[77.14,29.79],[77.18,28.36],[77.05,28.34],[76.91,27.81],[75.81,27.83],[75.52,27.29],[74.84,27.0],[74.42,26.34],[73.86,25.91],[73.48,25.26],[72.92,25.04],[72.61,24.72],[72.47,24.26],[72.64,23.67],[72.13,21.82],[72.23,21.47],[72.0,21.14],[71.14,20.76],[70.83,20.69],[70.44,20.85],[68.95,22.37],[69.19,22.42],[69.16,22.2],[69.84,22.39],[70.38,22.69],[70.69,23.11],[71.79,23.12],[71.43,23.64],[71.18,23.76],[71.07,23.65],[71.09,23.87],[71.31,23.94],[71.33,24.67],[71.05,24.73],[70.99,24.48],[71.12,24.4],[70.8,24.22],[70.58,24.24],[70.57,24.42],[70.0,24.17],[68.83,24.31],[68.72,24.19],[68.77,24.35],[68.66,24.17],[68.3,24.05],[68.22,24.21],[68.18,24.06],[67.94,24.15],[67.92,24.08],[68.03,24.01],[68.03,23.9],[68.0,24.01],[67.9,23.96],[67.44,24.06],[67.51,24.76],[67.07,24.99],[66.65,24.83],[66.74,25.18],[66.55,25.36],[66.54,25.65],[66.23,25.72],[66.05,25.47],[64.78,25.34],[64.61,25.15],[64.03,25.46],[64.07,25.32],[63.61,25.36],[63.5,25.19],[62.51,25.25],[62.4,25.1],[62.21,25.21],[61.78,25.03],[61.79,25.19],[61.55,25.25],[61.39,25.08],[60.62,25.27],[60.55,25.44],[60.4,25.37],[60.46,25.26],[57.78,25.63],[57.75,25.74],[57.31,25.78],[56.97,27.0],[56.81,27.14],[56.35,27.2],[55.65,26.99],[55.59,26.79],[55.24,26.78],[54.79,26.49],[54.29,26.72],[53.71,26.7],[52.6,27.35],[52.67,27.44],[52.44,27.64],[51.41,27.94],[51.06,28.73],[50.8,28.92],[50.93,29.06],[50.64,29.14],[50.64,29.47],[50.05,30.21],[49.55,30.01],[49.0,30.3],[48.93,30.39],[49.27,30.42],[49.04,30.52],[48.86,30.35],[48.91,30.03],[48.52,29.92],[48.16,30.04],[47.94,30.03],[48.06,29.75],[48.17,29.99],[48.35,29.7],[48.19,29.59],[48.1,29.73],[48.19,29.55],[48.0,29.62],[47.7,29.36],[48.1,29.35],[48.62,28.07],[48.88,27.84],[48.78,27.71],[48.85,27.7],[48.85,27.61],[49.25,27.51],[49.12,27.43],[49.31,27.32],[49.34,27.14],[49.27,27.08],[49.58,27.18],[49.58,27.09],[49.68,26.97],[50.12,26.69],[49.98,26.7],[50.23,26.35],[50.22,26.18],[50.16,26.04],[50.02,26.2],[49.99,26.13],[50.12,25.97],[50.26,25.65],[50.05,25.8],[50.38,25.44],[50.49,25.4],[50.77,24.72],[50.76,25.5],[50.97,25.6],[50.9,25.71],[50.94,25.81],[50.96,25.76],[50.99,25.78],[51.06,26.05],[51.25,26.16],[51.58,25.92],[51.6,25.79],[51.59,25.78],[51.56,25.77],[51.56,25.75],[51.53,25.75],[51.59,25.7],[51.58,25.68],[51.51,25.69],[51.56,25.65],[51.56,25.64],[51.48,25.51],[51.52,25.45],[51.53,25.29],[51.63,25.21],[51.6,24.95],[51.25,24.31],[51.57,24.25],[51.6,24.38],[51.63,24.2],[51.65,24.2],[51.67,24.25],[51.65,24.33],[51.7,24.21],[51.78,24.27],[51.76,24.15],[51.78,24.12],[51.79,24.08],[51.79,24.07],[51.78,24.03],[51.83,23.99],[51.88,23.97],[51.89,23.98],[51.9,23.98],[51.9,23.97],[51.91,23.97],[51.92,23.97],[51.93,23.95],[51.93,23.99],[52.02,23.99],[52.03,23.98],[52.03,23.97],[52.04,23.97],[52.04,23.96],[52.08,23.96],[52.1,23.95],[52.1,23.94],[52.28,23.98],[52.45,24.09],[52.57,24.13],[52.56,24.15],[52.56,24.17],[52.59,24.21],[52.63,24.19],[52.63,24.17],[52.67,24.13],[52.68,24.14],[52.73,24.15],[52.74,24.15],[52.74,24.14],[52.75,24.14],[52.77,24.13],[52.84,24.15],[52.86,24.13],[52.87,24.13],[52.89,24.13],[52.89,24.14],[52.9,24.14],[52.92,24.14],[52.94,24.13],[52.98,24.16],[53.04,24.12],[53.21,24.13],[53.21,24.12],[53.22,24.11],[53.24,24.1],[53.25,24.1],[53.27,24.1],[53.28,24.1],[53.29,24.1],[53.31,24.09],[53.31,24.12],[53.32,24.11],[53.34,24.1],[53.35,24.1],[53.45,24.13],[53.58,24.05],[53.61,24.04],[53.63,24.04],[53.66,24.05],[53.71,24.07],[53.8,24.05],[53.83,24.06],[53.88,24.06],[53.93,24.09],[53.96,24.1],[53.98,24.1],[53.99,24.1],[54.0,24.1],[54.04,24.13],[54.06,24.13],[54.03,24.16],[54.09,24.14],[54.17,24.19],[54.13,24.22],[54.14,24.22],[54.14,24.23],[54.11,24.24],[54.13,24.24],[54.14,24.24],[54.15,24.24],[54.09,24.3],[54.1,24.3],[54.13,24.32],[54.14,24.33],[54.15,24.33],[54.15,24.31],[54.18,24.28],[54.18,24.27],[54.19,24.27],[54.21,24.25],[54.22,24.25],[54.21,24.24],[54.23,24.23],[54.53,24.31],[54.52,24.39],[54.47,24.38],[54.49,24.4],[54.47,24.4],[54.47,24.41],[54.46,24.41],[54.45,24.41],[54.45,24.4],[54.42,24.42],[54.4,24.43],[54.36,24.43],[54.35,24.45],[54.34,24.45],[54.33,24.46],[54.31,24.45],[54.38,24.53],[54.39,24.52],[54.39,24.53],[54.4,24.52],[54.4,24.51],[54.42,24.51],[54.39,24.48],[54.41,24.45],[54.45,24.44],[54.47,24.44],[54.47,24.43],[54.48,24.42],[54.49,24.42],[54.52,24.42],[54.61,24.45],[54.52,24.52],[54.57,24.51],[54.6,24.52],[54.64,24.52],[54.66,24.73],[54.71,24.81],[54.75,24.79],[54.89,24.86],[54.85,24.89],[55.11,24.89],[54.88,24.9],[55.11,25.06],[55.11,24.97],[55.56,25.59],[55.64,25.54],[55.65,25.59],[55.78,25.69],[55.9,25.71],[56.06,25.9],[55.88,25.35],[56.01,25.35],[55.95,24.9],[56.15,24.81],[55.89,24.85],[56.03,24.53],[55.91,24.32],[56.26,23.61],[56.56,23.45],[56.51,23.35],[56.23,23.49],[56.58,23.23],[56.68,22.8],[57.31,22.44],[57.93,22.54],[58.56,22.33],[58.4,22.02],[58.69,22.47],[59.02,22.33],[59.29,21.93],[59.61,22.52],[59.39,22.46],[59.38,22.67],[59.8,22.54],[59.81,22.23],[59.3,21.41],[58.75,20.87],[58.74,20.87],[58.45,20.35],[58.2,20.4],[58.25,20.6],[58.08,20.57],[57.83,20.2],[57.7,19.57],[57.71,19.58],[57.84,19.0],[56.79,18.75],[56.6,18.59],[56.43,18.0],[55.71,18.05],[55.35,17.93],[55.25,17.39],[55.05,17.26],[54.73,17.15],[54.07,17.25],[53.61,16.83],[52.56,16.55],[52.21,16.15],[52.2,15.75],[51.96,15.8],[52.17,15.61],[51.67,15.33],[50.0,15.24],[49.03,15.04],[48.09,14.71],[47.97,14.33],[47.75,14.41],[48.18,14.13],[48.1,14.26],[48.99,14.45],[48.97,14.31],[48.74,14.1],[48.25,13.97],[47.97,14.05],[47.4,13.65],[46.7,13.43],[45.66,13.35],[44.73,12.74],[44.53,12.81],[43.97,12.59],[43.46,12.68],[43.26,13.23],[43.29,13.69],[42.99,14.4],[42.94,14.94],[42.6,15.23],[42.7,15.36],[42.77,15.23],[42.81,15.28],[42.79,15.31],[42.78,15.41],[42.76,15.42],[42.75,15.52],[42.7,15.55],[42.69,15.71],[42.81,15.87],[42.84,16.06],[42.83,16.04],[42.82,16.13],[42.82,16.18],[42.83,16.18],[42.83,16.19],[42.8,16.23],[42.8,16.33],[42.76,16.38],[42.78,16.48],[42.72,16.57],[42.74,16.67],[42.54,16.88],[42.55,17.0],[42.44,17.06],[42.39,17.19],[42.36,17.19],[42.37,17.1],[42.32,17.34],[42.32,17.44],[42.28,17.45],[42.17,17.56],[42.16,17.57],[42.15,17.57],[42.14,17.57],[42.14,17.58],[42.14,17.61],[42.11,17.64],[41.84,17.82],[41.88,17.82],[41.67,17.95],[41.5,18.25],[41.51,18.26],[41.51,18.27],[41.5,18.28],[41.49,18.29],[41.48,18.29],[41.44,18.39],[41.44,18.46],[41.22,18.7],[41.17,19.08],[41.08,19.12],[40.96,19.35],[40.96,19.5],[40.78,19.6],[40.79,19.74],[40.64,19.77],[40.08,20.31],[39.72,20.4],[39.19,21.12],[39.13,21.75],[38.97,21.97],[39.01,21.98],[39.01,22.04],[39.05,22.07],[39.04,22.21],[39.1,22.35],[39.15,22.39],[39.14,22.46],[39.13,22.41],[39.12,22.41],[39.11,22.41],[39.1,22.42],[39.06,22.62],[39.14,22.61],[38.79,23.02],[38.4,23.92],[37.44,24.36],[37.16,24.83],[37.25,25.18],[37.01,25.57],[36.7,25.79],[36.71,26.03],[36.49,26.12],[35.8,27.11],[35.79,27.16],[35.8,27.18],[35.82,27.2],[35.77,27.3],[35.55,27.52],[35.43,27.77],[35.16,28.0],[35.22,28.05],[34.71,28.15],[34.62,28.03],[34.58,28.1],[34.65,28.16],[34.81,28.52],[34.78,28.67],[35.0,29.51],[34.97,29.58],[34.74,29.31],[34.41,28.31],[34.44,28.0],[34.25,27.73],[33.22,28.58],[33.17,29.0],[32.72,29.45]],[[58.53,20.99],[58.69,20.87],[58.29,20.58],[58.74,20.87],[58.53,20.99]],[[57.56,19.55],[57.62,19.52],[57.7,19.57],[57.56,19.55]],[[45.52,32.61],[45.23,33.13],[45.13,33.08],[45.19,32.66],[45.53,32.45],[45.76,31.85],[45.87,32.05],[46.18,31.98],[47.08,31.38],[46.31,31.05],[46.38,30.76],[47.24,30.85],[47.68,30.59],[47.61,30.38],[47.7,30.54],[48.41,30.58],[48.03,30.59],[47.94,31.15],[48.18,31.35],[47.67,32.14],[46.95,32.25],[45.92,32.94],[46.06,32.74],[45.52,32.61]],[[41.19,20.01],[41.37,19.98],[41.25,19.83],[41.44,19.95],[41.31,20.07],[41.01,20.56],[40.9,20.59],[40.9,20.72],[40.83,20.74],[40.8,20.83],[40.76,20.81],[40.75,20.89],[40.27,21.15],[40.23,21.46],[40.38,21.57],[40.13,21.57],[40.23,21.35],[40.05,20.94],[40.41,20.97],[40.3,20.81],[40.41,20.71],[40.55,20.89],[40.71,20.72],[40.55,20.69],[40.57,20.49],[40.75,20.65],[40.83,20.48],[40.97,20.52],[41.19,20.01]],[[41.62,19.65],[41.73,19.72],[41.77,19.61],[41.82,19.66],[42.09,18.56],[42.22,18.54],[42.02,18.28],[42.44,17.94],[42.58,17.98],[42.6,17.73],[42.69,17.91],[42.95,17.87],[43.0,17.66],[42.74,17.72],[42.92,17.4],[43.16,17.35],[43.07,17.22],[43.25,17.31],[43.12,17.05],[43.34,16.83],[43.38,16.52],[43.49,16.57],[43.66,16.9],[43.4,17.29],[43.41,17.81],[43.22,18.07],[43.17,18.08],[43.18,17.99],[43.31,17.87],[43.03,18.04],[42.78,17.98],[42.47,18.19],[42.43,18.35],[42.37,18.34],[42.36,18.41],[42.46,18.47],[42.12,18.98],[42.11,19.13],[42.03,19.21],[42.11,19.17],[42.13,19.23],[42.07,19.22],[42.13,19.29],[42.08,19.27],[42.1,19.32],[42.05,19.32],[41.96,19.47],[41.89,19.51],[41.85,19.85],[41.57,19.82],[41.44,19.95],[41.62,19.65]],[[43.72,15.96],[43.81,15.86],[43.65,15.82],[43.69,15.67],[43.61,15.78],[43.54,15.76],[43.71,15.53],[43.5,15.46],[43.6,15.36],[43.82,15.35],[43.75,15.32],[43.78,15.2],[43.87,15.26],[43.9,15.12],[43.82,15.13],[43.85,15.06],[43.79,15.08],[43.72,15.15],[43.71,15.24],[43.59,15.21],[43.68,14.94],[43.81,15.02],[43.77,14.98],[43.78,14.89],[43.88,14.89],[43.84,14.98],[43.9,14.94],[43.91,15.01],[43.93,14.99],[43.94,14.99],[43.93,15.04],[43.94,15.04],[43.96,15.01],[44.01,14.97],[44.06,15.06],[44.12,14.97],[43.83,14.81],[43.94,14.66],[44.0,14.63],[44.05,14.67],[44.07,14.64],[44.04,14.56],[43.65,14.32],[43.78,14.39],[43.91,14.22],[44.07,14.46],[44.16,14.08],[44.02,14.17],[43.85,13.84],[44.04,13.68],[44.51,13.65],[44.57,13.75],[44.36,13.85],[44.64,13.94],[44.48,13.91],[44.32,14.44],[44.58,14.64],[44.27,14.56],[44.12,15.12],[43.79,15.49],[43.94,16.14],[43.89,16.23],[43.86,16.0],[43.72,15.96]],[[45.73,13.51],[45.72,13.51],[45.75,13.38],[45.73,13.51]],[[45.86,13.44],[46.45,13.56],[46.11,13.65],[45.73,13.51],[45.86,13.44]],[[44.45,13.31],[44.13,13.39],[44.13,13.6],[43.96,13.56],[44.09,13.17],[44.45,13.31]],[[43.93,14.6],[43.84,14.73],[43.61,14.77],[43.62,14.45],[43.93,14.6]],[[58.46,44.06],[59.93,43.91],[60.54,44.33],[60.7,44.66],[61.06,44.77],[60.82,45.81],[61.22,46.3],[60.92,46.0],[59.81,46.07],[59.59,46.27],[59.55,45.8],[59.33,45.75],[59.3,45.98],[58.69,45.79],[58.28,44.81],[58.46,44.06]],[[59.94,33.0],[60.34,32.96],[60.28,33.44],[59.94,33.39],[59.7,33.62],[59.49,33.43],[59.18,33.74],[59.48,33.91],[58.88,34.05],[58.43,34.44],[58.24,34.37],[59.17,33.41],[59.2,33.21],[58.94,32.93],[59.16,32.92],[59.35,32.56],[59.11,32.33],[59.44,32.22],[59.3,32.01],[59.68,31.85],[59.47,31.74],[59.42,31.47],[59.82,31.52],[60.04,31.09],[59.99,30.44],[60.1,31.2],[60.01,31.62],[60.08,31.86],[60.26,31.62],[60.47,32.41],[60.98,32.62],[61.04,32.66],[60.3,32.39],[59.94,33.0]],[[59.86,29.33],[60.22,29.23],[60.38,28.88],[60.29,28.75],[59.97,28.96],[60.18,28.33],[60.34,28.55],[60.51,28.37],[60.68,28.46],[61.15,27.86],[61.68,27.47],[61.73,27.63],[62.42,27.05],[62.79,26.92],[63.8,27.39],[63.72,27.47],[62.48,27.2],[62.31,27.28],[62.07,27.75],[61.67,27.83],[61.53,28.34],[61.42,27.92],[61.29,28.62],[60.97,29.45],[60.78,29.31],[60.71,29.78],[60.55,29.89],[60.47,29.71],[60.15,29.76],[60.04,30.23],[59.91,30.04],[59.97,29.67],[59.75,29.75],[59.86,29.33]],[[64.0,27.14],[64.22,27.45],[64.02,27.18],[63.8,27.39],[64.0,27.14]],[[64.02,27.11],[64.36,27.18],[64.0,27.14],[64.02,27.11]],[[61.75,26.67],[61.28,26.89],[60.96,26.81],[61.75,26.67]],[[61.66,27.13],[61.14,27.58],[60.9,27.6],[61.21,27.14],[61.66,27.13]],[[60.27,26.39],[60.46,26.46],[60.32,26.56],[59.83,26.45],[60.27,26.39]],[[58.3,26.93],[57.73,26.8],[57.89,26.54],[58.11,26.66],[58.9,26.53],[58.3,26.93]],[[55.8,27.66],[56.04,27.58],[56.55,27.72],[55.99,27.95],[56.06,27.79],[55.8,27.66]],[[60.5,35.21],[60.06,35.53],[59.69,35.55],[59.54,35.83],[59.02,35.52],[58.12,35.65],[57.6,35.95],[58.19,35.41],[59.25,35.3],[59.3,35.44],[59.68,35.11],[59.95,35.37],[60.39,35.05],[60.5,35.21]],[[57.08,33.85],[57.7,33.01],[57.42,33.8],[57.2,33.91],[57.37,34.35],[57.25,34.42],[56.69,33.99],[57.08,33.85]],[[54.24,40.05],[54.19,39.92],[54.43,39.57],[55.11,39.68],[54.24,40.05]],[[70.42,21.47],[70.62,21.33],[70.59,21.0],[70.66,20.87],[71.06,20.86],[71.26,21.09],[70.84,21.25],[70.93,21.37],[70.62,21.69],[70.42,21.47]],[[66.95,30.37],[67.08,29.93],[67.37,30.13],[67.76,30.02],[68.15,30.29],[68.05,30.71],[67.53,30.74],[68.08,30.93],[67.99,30.99],[68.46,30.98],[68.22,31.08],[68.87,31.28],[69.15,31.64],[68.6,31.3],[67.83,31.16],[67.92,31.55],[66.74,31.34],[66.34,30.49],[66.73,30.9],[67.41,30.91],[67.23,30.66],[67.4,30.71],[66.95,30.37]],[[68.78,32.73],[69.18,32.6],[69.14,32.77],[69.48,33.11],[69.3,33.19],[69.64,33.75],[69.55,33.98],[69.78,33.86],[69.72,34.1],[70.35,33.87],[70.47,33.58],[71.29,33.77],[71.05,34.08],[69.65,34.21],[69.43,34.47],[69.05,33.92],[68.58,33.67],[69.16,33.69],[68.53,32.49],[68.22,32.26],[68.5,32.27],[68.78,32.73]],[[69.37,32.87],[69.19,32.36],[69.46,32.46],[69.8,32.28],[69.66,32.45],[69.9,32.46],[69.78,32.58],[69.88,32.85],[69.37,32.87]],[[66.91,29.14],[67.15,29.21],[66.85,29.28],[66.83,29.13],[66.51,29.0],[66.29,28.46],[66.4,28.37],[66.71,28.58],[66.91,29.14]],[[62.82,34.19],[62.4,34.01],[62.87,34.1],[63.1,34.0],[63.2,34.15],[62.82,34.19]],[[74.24,45.99],[74.82,46.08],[74.88,46.38],[75.06,46.21],[74.88,46.4],[75.47,46.48],[75.39,46.6],[75.49,46.68],[75.51,46.47],[76.37,46.5],[76.27,46.58],[78.44,46.28],[78.47,46.4],[78.95,46.38],[79.26,46.65],[79.12,46.8],[78.77,46.78],[78.88,46.61],[78.6,46.75],[78.45,46.58],[78.35,46.68],[78.31,46.44],[77.88,46.65],[77.15,46.53],[76.75,46.68],[76.93,46.55],[76.17,46.8],[74.62,46.77],[73.98,46.35],[74.0,46.17],[73.83,46.15],[73.78,46.3],[73.61,46.09],[73.75,45.98],[73.4,45.8],[73.57,45.75],[73.42,45.58],[74.01,45.21],[74.01,44.99],[74.08,44.98],[74.22,45.05],[74.06,45.51],[74.32,45.78],[74.24,45.99]]],[[[54.02,24.13],[54.02,24.14],[54.04,24.13],[54.02,24.13]]],[[[54.12,24.21],[54.13,24.2],[54.11,24.19],[54.1,24.19],[54.1,24.18],[54.07,24.16],[54.02,24.19],[54.03,24.2],[54.04,24.2],[54.07,24.2],[54.07,24.18],[54.1,24.2],[54.08,24.23],[54.09,24.23],[54.1,24.23],[54.11,24.21],[54.12,24.21]]],[[[54.12,24.25],[54.13,24.25],[54.13,24.24],[54.12,24.25]]],[[[36.61,33.48],[36.62,33.31],[36.21,33.46],[36.41,33.61],[36.61,33.48]]],[[[39.16,35.35],[39.89,35.64],[39.83,35.52],[39.47,35.29],[39.16,35.35]]],[[[39.71,15.09],[39.82,15.08],[39.87,15.5],[39.89,15.46],[40.09,15.33],[40.02,15.23],[40.16,14.98],[40.3,14.9],[40.51,14.95],[40.52,15.02],[40.77,14.7],[41.18,14.62],[41.68,13.94],[41.99,13.82],[42.1,13.57],[42.23,13.54],[42.23,13.63],[42.39,13.2],[42.55,13.22],[42.54,13.19],[42.67,13.05],[42.74,13.04],[42.77,12.84],[42.92,12.78],[43.0,12.89],[43.08,12.83],[43.16,12.63],[43.32,12.47],[43.38,12.0],[42.52,11.52],[43.14,11.59],[43.03,11.57],[43.5,11.37],[43.47,11.2],[43.97,10.66],[43.01,9.75],[42.74,9.75],[42.65,9.59],[42.51,9.69],[42.42,9.57],[41.54,9.5],[41.2,9.3],[41.06,9.39],[40.93,9.1],[40.44,8.92],[40.49,8.83],[39.96,8.45],[39.64,8.43],[39.39,8.19],[38.98,8.24],[39.1,7.99],[38.74,7.82],[38.84,7.5],[38.53,7.21],[38.6,7.0],[38.41,6.95],[38.3,7.02],[38.48,7.18],[38.32,7.35],[38.38,7.58],[38.29,7.4],[38.23,7.56],[38.66,7.94],[38.68,8.2],[38.57,8.15],[38.76,8.61],[38.83,8.46],[38.89,8.63],[39.23,8.54],[39.44,8.83],[39.24,9.16],[39.34,9.24],[39.44,9.01],[39.7,9.28],[39.6,9.47],[39.82,9.44],[39.8,9.82],[39.89,9.83],[39.76,9.95],[39.93,10.42],[39.67,10.89],[39.73,11.07],[39.82,10.9],[40.0,10.98],[39.79,11.09],[39.96,11.2],[39.81,11.3],[39.91,11.4],[39.7,11.47],[39.62,11.33],[39.63,11.39],[39.6,11.41],[39.59,11.43],[39.58,11.48],[39.74,11.51],[39.62,11.53],[39.7,11.84],[39.55,11.81],[39.66,11.96],[39.47,12.32],[39.62,12.55],[39.57,12.65],[39.78,13.05],[39.62,13.24],[39.77,13.25],[39.66,13.32],[39.85,13.5],[39.72,13.59],[39.84,13.6],[39.78,14.08],[39.9,14.11],[39.68,14.15],[39.88,14.32],[39.59,14.38],[39.78,14.44],[39.61,14.5],[39.75,14.61],[39.71,14.95],[39.44,15.22],[39.26,15.2],[38.58,16.11],[38.56,16.82],[38.33,17.06],[38.16,17.79],[38.4,18.16],[38.4,18.11],[38.48,18.05],[38.54,18.08],[38.91,17.44],[39.23,16.08],[39.46,15.52],[39.61,15.48],[39.71,15.09]]],[[[40.2,36.44],[40.23,36.57],[40.81,36.57],[40.9,36.44],[40.2,36.44]]],[[[44.5,-20.02],[44.5,-19.83],[44.97,-20.15],[44.9,-20.44],[45.25,-20.29],[45.17,-20.79],[44.92,-20.9],[44.93,-21.48],[45.26,-21.54],[45.58,-21.26],[45.52,-22.66],[45.85,-22.7],[45.64,-22.84],[45.93,-22.95],[46.24,-23.49],[46.13,-23.8],[46.05,-23.5],[45.95,-23.93],[45.83,-23.82],[45.73,-24.35],[45.99,-24.06],[46.41,-23.98],[46.76,-24.2],[46.83,-24.31],[46.56,-24.27],[46.72,-24.32],[46.59,-24.34],[46.55,-24.7],[46.69,-24.75],[46.74,-25.16],[45.18,-25.61],[44.03,-25.0],[43.67,-24.33],[43.64,-23.67],[43.76,-23.46],[43.23,-22.33],[43.31,-22.21],[43.24,-22.08],[43.35,-21.75],[43.74,-21.43],[43.88,-20.91],[44.03,-20.81],[44.12,-20.49],[44.28,-20.36],[44.5,-20.02]],[[44.2,-22.43],[44.0,-22.51],[44.1,-22.78],[44.23,-22.73],[44.2,-22.43]]],[[[44.92,9.69],[44.78,9.86],[44.98,9.99],[45.17,9.91],[44.92,9.69]]],[[[47.86,4.77],[48.02,4.73],[48.66,6.2],[49.13,6.54],[48.97,6.01],[47.94,4.44],[46.1,2.52],[45.23,1.96],[46.28,2.83],[47.29,4.11],[47.76,4.45],[47.86,4.77]]],[[[50.26,10.13],[50.13,10.32],[50.39,10.92],[49.88,11.01],[49.98,10.96],[49.84,10.84],[49.68,11.06],[48.39,10.65],[48.07,10.74],[47.46,10.33],[47.27,10.39],[47.35,10.19],[47.24,10.14],[46.86,10.46],[46.67,10.35],[46.18,10.52],[45.6,10.13],[44.98,10.17],[45.2,10.43],[45.56,10.42],[45.78,10.79],[45.96,10.62],[46.67,10.53],[46.89,10.83],[47.65,11.07],[47.56,11.17],[48.14,11.12],[48.66,11.32],[49.16,11.24],[50.27,11.58],[50.79,11.98],[51.29,11.82],[51.08,11.32],[51.11,10.49],[50.9,10.4],[50.83,9.42],[49.63,7.47],[49.49,7.69],[49.94,8.98],[49.97,9.53],[50.26,10.13]]],[[[49.11,14.81],[49.46,14.85],[49.47,14.7],[49.53,14.91],[49.66,14.8],[50.45,15.04],[50.34,15.19],[51.28,15.22],[49.62,14.76],[49.0,14.41],[49.16,14.67],[49.37,14.66],[49.11,14.81]]],[[[50.03,36.46],[49.66,36.39],[49.25,36.54],[48.39,37.3],[48.7,37.34],[49.33,36.7],[50.03,36.46]]],[[[49.39,39.35],[49.14,39.0],[49.01,39.23],[48.82,38.97],[48.14,39.3],[46.88,38.81],[46.65,38.93],[46.93,39.16],[46.74,39.12],[46.64,39.44],[47.08,39.53],[46.98,40.08],[46.67,40.45],[46.13,40.57],[45.95,40.85],[44.79,41.37],[44.66,41.57],[45.02,41.83],[45.81,41.69],[47.71,41.01],[47.84,40.9],[47.66,40.8],[48.07,40.69],[48.73,40.96],[48.67,41.22],[48.85,41.21],[48.76,41.71],[49.52,40.69],[50.32,40.49],[50.32,40.3],[49.86,40.36],[49.43,40.11],[49.28,39.57],[49.39,39.35]]],[[[53.67,12.3],[53.55,12.34],[53.3,12.54],[53.56,12.7],[54.53,12.55],[53.67,12.3]]],[[[54.81,16.95],[53.75,16.92],[54.17,17.11],[54.81,17.02],[55.16,17.14],[54.81,16.95]]],[[[58.63,20.34],[58.77,20.44],[58.91,20.69],[58.96,20.51],[58.83,20.42],[58.78,20.28],[58.72,20.21],[58.67,20.19],[58.67,20.18],[58.63,20.34]]],[[[56.45,24.71],[56.94,24.11],[57.55,23.79],[58.6,23.63],[58.58,23.56],[58.49,23.6],[58.31,23.5],[57.6,23.58],[56.78,24.05],[56.52,24.37],[56.49,24.52],[56.46,24.51],[56.37,24.76],[56.34,24.75],[56.32,24.85],[56.27,24.87],[56.25,25.11],[56.32,25.15],[56.32,25.17],[56.33,25.22],[56.34,25.22],[56.33,25.24],[56.32,25.26],[56.35,25.25],[56.32,25.35],[56.35,25.38],[56.3,25.41],[56.36,25.46],[56.3,25.56],[56.36,25.54],[56.45,24.71]]],[[[55.28,26.56],[55.77,26.79],[55.75,26.95],[56.29,26.95],[55.28,26.56]]],[[[58.96,45.57],[59.34,45.64],[59.22,45.48],[59.31,45.29],[59.44,45.32],[59.41,45.03],[59.19,44.81],[59.28,45.05],[58.96,44.87],[58.96,45.57]]],[[[114.67,-26.91],[114.5,-26.88],[114.71,-26.71],[114.67,-26.55],[114.54,-26.75],[114.4,-26.64],[114.27,-26.74],[113.98,-26.35],[114.08,-26.47],[114.22,-26.36],[114.27,-25.89],[114.21,-25.85],[114.12,-25.73],[114.09,-25.7],[114.05,-25.67],[114.04,-25.66],[114.02,-25.62],[113.99,-25.56],[113.93,-25.48],[113.94,-25.45],[113.91,-25.41],[113.91,-25.4],[113.89,-25.33],[113.82,-25.17],[113.67,-25.04],[113.62,-24.75],[113.49,-24.58],[113.41,-24.48],[113.53,-23.78],[113.78,-23.48],[113.83,-22.95],[113.65,-22.58],[114.0,-21.87],[114.19,-21.81],[114.08,-22.15],[114.12,-22.47],[114.18,-22.52],[114.31,-22.43],[114.32,-22.49],[114.36,-22.5],[114.38,-22.49],[114.39,-22.46],[114.38,-22.44],[114.39,-22.44],[114.38,-22.43],[114.4,-22.43],[114.39,-22.39],[114.41,-22.4],[114.42,-22.39],[114.41,-22.35],[114.44,-22.36],[114.44,-22.34],[114.41,-22.33],[114.46,-22.29],[114.43,-22.27],[114.47,-22.25],[114.45,-22.21],[114.46,-22.21],[114.47,-22.2],[114.49,-22.21],[114.46,-22.16],[114.51,-22.17],[114.53,-22.08],[114.52,-22.07],[114.55,-22.06],[114.62,-21.98],[114.64,-21.85],[115.5,-21.51],[116.18,-20.98],[116.2,-20.83],[116.25,-20.87],[116.3,-20.88],[116.46,-20.82],[116.66,-20.72],[116.84,-20.52],[116.79,-20.66],[116.87,-20.72],[117.13,-20.65],[117.17,-20.59],[117.2,-20.63],[117.18,-20.64],[117.19,-20.69],[117.39,-20.75],[117.39,-20.73],[117.43,-20.74],[117.58,-20.7],[117.64,-20.66],[117.65,-20.66],[117.64,-20.68],[117.65,-20.7],[117.74,-20.68],[117.96,-20.55],[117.94,-20.48],[118.18,-20.34],[118.21,-20.38],[118.25,-20.37],[118.27,-20.35],[118.29,-20.36],[118.35,-20.33],[118.34,-20.34],[118.35,-20.35],[118.37,-20.36],[118.48,-20.35],[118.57,-20.3],[118.58,-20.31],[118.68,-20.33],[118.84,-20.28],[118.99,-20.04],[119.07,-20.02],[119.09,-19.99],[119.11,-19.96],[119.2,-20.03],[119.54,-20.06],[119.37,-20.14],[119.41,-20.32],[121.09,-19.87],[121.24,-19.7],[121.97,-19.69],[121.85,-19.42],[122.01,-19.22],[123.07,-18.84],[123.54,-18.95],[124.53,-18.74],[124.77,-19.12],[125.35,-19.34],[126.27,-19.19],[126.79,-19.36],[127.49,-19.29],[127.72,-19.48],[128.2,-19.15],[128.35,-18.77],[128.67,-18.62],[129.41,-18.66],[130.09,-18.16],[132.82,-18.47],[133.41,-18.05],[133.78,-17.98],[134.65,-19.08],[135.25,-19.01],[135.19,-19.31],[136.03,-19.39],[136.33,-19.77],[136.83,-19.89],[137.13,-20.43],[137.53,-20.67],[137.77,-21.12],[137.11,-20.98],[136.63,-21.57],[137.51,-22.22],[137.7,-22.61],[138.26,-22.5],[138.49,-22.69],[138.44,-22.94],[138.7,-22.8],[138.76,-23.26],[139.15,-22.94],[139.61,-23.06],[139.77,-23.39],[140.09,-23.3],[139.9,-23.5],[140.01,-24.26],[139.79,-24.39],[140.05,-24.43],[139.97,-24.6],[140.15,-24.5],[140.43,-24.68],[140.37,-24.51],[140.57,-24.65],[140.88,-24.37],[140.88,-24.23],[140.72,-24.39],[140.87,-24.14],[140.69,-23.96],[140.83,-23.94],[140.76,-23.82],[141.44,-23.39],[141.61,-23.0],[142.04,-23.17],[142.25,-23.07],[142.21,-23.23],[142.57,-22.57],[143.26,-22.63],[143.24,-22.83],[143.43,-22.97],[143.22,-22.99],[143.27,-23.14],[143.15,-23.06],[143.08,-23.36],[143.27,-23.84],[143.14,-24.11],[143.3,-24.14],[143.33,-24.34],[143.12,-24.78],[143.41,-24.89],[143.24,-25.06],[143.36,-25.14],[143.68,-25.03],[142.74,-25.62],[142.88,-25.8],[142.59,-25.87],[142.67,-25.99],[142.4,-25.87],[142.27,-26.19],[142.63,-26.08],[142.77,-26.19],[143.1,-26.81],[143.03,-27.06],[143.49,-27.25],[143.42,-27.64],[143.61,-27.96],[143.84,-28.0],[143.56,-28.06],[143.31,-28.28],[143.3,-28.56],[143.11,-28.58],[143.33,-28.58],[143.55,-28.28],[143.51,-28.54],[143.66,-28.51],[143.49,-28.57],[143.62,-28.73],[143.75,-28.6],[143.8,-28.8],[143.65,-28.91],[143.69,-29.15],[143.28,-29.15],[143.34,-29.42],[143.11,-29.81],[142.72,-29.86],[142.66,-30.16],[142.97,-30.61],[142.77,-30.35],[142.34,-30.23],[142.03,-30.31],[142.16,-30.29],[142.34,-30.57],[142.7,-30.6],[142.87,-31.14],[143.41,-31.13],[142.9,-31.61],[143.04,-31.77],[142.94,-32.08],[142.4,-32.17],[142.06,-32.46],[141.78,-32.44],[141.83,-32.64],[141.37,-32.81],[141.19,-32.78],[141.16,-32.61],[140.6,-32.59],[140.73,-32.2],[140.14,-32.15],[139.84,-32.28],[139.99,-32.04],[139.07,-31.78],[139.28,-31.67],[139.2,-31.52],[139.36,-31.4],[139.2,-31.19],[139.45,-30.87],[139.3,-30.63],[139.74,-29.92],[139.53,-29.76],[139.22,-29.82],[139.14,-30.07],[138.89,-29.96],[138.79,-30.15],[138.5,-30.12],[138.69,-30.4],[138.37,-30.4],[138.49,-30.61],[138.16,-30.36],[138.12,-30.82],[138.37,-31.24],[138.2,-31.49],[138.29,-31.63],[137.83,-32.19],[137.96,-32.77],[137.84,-32.7],[137.85,-32.64],[137.8,-32.61],[137.82,-32.58],[137.82,-32.56],[137.76,-32.49],[137.79,-33.0],[137.66,-32.95],[137.64,-32.95],[137.62,-32.96],[137.38,-33.36],[137.12,-33.29],[137.07,-33.12],[136.5,-33.03],[136.39,-32.83],[135.65,-32.82],[135.18,-32.64],[133.79,-31.86],[132.33,-31.87],[132.16,-31.74],[132.09,-31.93],[131.15,-31.46],[130.79,-31.61],[129.21,-31.54],[126.9,-31.77],[125.23,-32.32],[124.95,-32.28],[124.41,-32.57],[123.8,-32.53],[123.68,-32.31],[123.93,-32.13],[123.75,-31.81],[124.08,-31.63],[123.99,-31.36],[124.34,-31.16],[124.18,-31.05],[124.37,-30.72],[124.11,-30.75],[124.07,-30.47],[123.75,-30.64],[123.35,-30.53],[122.38,-30.73],[122.04,-30.55],[121.61,-30.79],[120.54,-29.9],[119.99,-29.96],[119.84,-29.81],[119.13,-29.72],[119.29,-29.49],[119.07,-29.54],[119.09,-29.33],[118.92,-29.41],[118.95,-29.16],[118.64,-29.25],[118.58,-29.43],[117.67,-29.39],[117.69,-29.11],[117.42,-29.0],[117.23,-28.4],[117.36,-28.15],[116.83,-28.0],[116.63,-28.11],[115.79,-27.52],[115.53,-27.51],[115.25,-27.31],[115.41,-26.99],[115.39,-26.75],[114.95,-26.49],[114.67,-26.91]],[[137.86,-30.23],[138.13,-30.33],[138.26,-30.07],[138.09,-29.75],[137.84,-29.69],[137.55,-30.04],[137.92,-30.12],[137.86,-30.23]]],[[[113.88,-26.22],[113.7,-26.22],[113.58,-26.1],[113.41,-25.72],[113.51,-25.5],[113.53,-25.61],[113.76,-25.88],[113.7,-26.05],[113.7,-26.13],[113.72,-26.2],[113.88,-26.07],[113.89,-26.03],[113.86,-25.95],[113.88,-25.94],[113.98,-26.35],[113.88,-26.22]]],[[[80.22,9.41],[80.15,9.07],[79.92,8.8],[80.18,9.48],[79.91,9.76],[80.25,9.82],[80.64,9.43],[80.22,9.41]]],[[[80.34,13.37],[80.29,13.08],[80.0,14.13],[80.15,14.69],[80.34,13.37]]],[[[77.3,18.18],[77.24,17.43],[77.4,16.75],[77.73,16.43],[78.19,16.34],[77.8,15.83],[77.75,15.04],[78.44,14.81],[78.98,14.41],[79.34,14.49],[79.13,15.04],[79.36,15.54],[79.24,15.84],[80.11,16.87],[80.21,16.6],[81.15,16.0],[80.94,15.71],[80.76,15.87],[80.31,15.72],[80.05,15.07],[80.0,14.2],[79.77,14.01],[79.54,13.14],[79.58,11.78],[78.8,9.89],[78.82,9.53],[79.44,9.15],[78.95,9.27],[78.41,9.1],[78.2,8.93],[78.06,8.36],[77.78,8.2],[77.62,8.54],[77.89,8.77],[77.99,9.7],[78.31,10.03],[78.59,10.88],[78.53,11.15],[78.75,11.23],[78.71,11.46],[79.18,12.21],[79.34,12.77],[79.17,12.97],[78.75,12.84],[78.58,12.58],[78.4,12.62],[77.86,13.17],[77.43,13.05],[77.0,13.2],[76.53,12.91],[75.91,14.32],[75.43,14.49],[75.18,15.09],[74.35,15.81],[74.37,16.68],[73.97,17.87],[74.0,18.7],[73.69,19.64],[73.86,20.39],[74.13,20.57],[74.02,20.92],[74.18,21.05],[74.01,21.27],[74.49,21.6],[74.52,21.93],[74.68,21.92],[75.01,21.1],[75.78,21.05],[75.94,20.9],[75.5,20.62],[74.67,20.6],[74.48,20.15],[76.52,19.45],[76.89,18.64],[77.3,18.18]]],[[[82.31,16.58],[81.7,16.31],[81.41,16.39],[81.22,16.34],[81.41,16.43],[82.12,16.53],[82.29,16.7],[82.29,17.05],[82.31,16.58]]],[[[86.41,19.97],[86.11,19.86],[86.77,20.73],[86.97,20.77],[87.04,20.7],[86.76,20.5],[86.41,19.97]]],[[[70.72,23.74],[70.94,23.71],[71.06,23.45],[70.58,23.18],[70.29,23.2],[70.26,22.97],[69.71,22.74],[68.74,23.09],[68.48,23.34],[68.52,23.41],[68.48,23.57],[68.42,23.53],[68.67,23.8],[69.12,23.7],[69.7,23.79],[69.77,23.95],[69.92,23.9],[69.82,23.55],[69.17,23.59],[69.64,23.45],[69.99,23.57],[70.21,23.38],[70.64,23.74],[70.58,23.92],[70.89,23.85],[70.72,23.74]]],[[[96.7,36.86],[95.88,36.27],[95.13,36.11],[94.34,36.51],[94.34,36.13],[93.38,36.16],[93.58,36.31],[92.15,36.46],[91.41,37.01],[91.11,37.06],[90.86,36.87],[90.56,37.04],[89.1,37.23],[88.65,37.74],[88.28,37.75],[90.89,38.76],[89.92,38.67],[88.92,38.8],[88.53,38.77],[88.27,38.44],[87.94,38.49],[87.68,38.11],[87.05,38.23],[85.91,37.5],[83.94,36.94],[83.79,36.72],[83.29,36.65],[82.63,36.25],[81.13,36.25],[80.47,36.52],[80.03,36.5],[78.96,37.11],[77.03,37.55],[76.63,37.95],[76.65,38.42],[75.79,38.82],[75.7,39.12],[75.27,39.28],[74.65,39.91],[75.99,40.05],[76.83,40.67],[77.95,40.66],[79.27,41.54],[79.69,41.66],[83.69,42.38],[84.98,42.3],[86.89,42.76],[87.65,42.71],[87.78,43.2],[88.01,43.4],[91.48,43.17],[91.44,43.41],[91.05,43.66],[89.45,44.24],[88.03,44.31],[87.55,43.55],[87.31,43.87],[85.39,44.3],[84.04,44.15],[83.05,44.29],[82.79,44.51],[82.85,44.73],[82.36,44.9],[82.69,44.97],[82.74,45.24],[83.41,44.98],[84.55,45.03],[85.11,45.58],[85.0,45.87],[84.49,46.09],[85.71,46.31],[85.92,46.65],[86.93,46.73],[86.56,47.18],[85.54,47.61],[82.89,47.69],[82.13,48.04],[82.63,48.49],[83.09,48.47],[83.46,48.91],[84.08,49.09],[84.76,49.02],[84.92,48.74],[85.6,48.62],[86.75,48.67],[87.87,47.74],[88.92,47.44],[90.38,46.68],[90.47,46.43],[90.93,46.28],[91.03,46.03],[91.51,46.05],[91.55,46.22],[94.17,45.49],[96.09,45.69],[96.88,45.22],[98.47,45.05],[97.87,45.43],[96.81,45.78],[94.42,45.96],[93.92,46.37],[93.91,46.66],[93.5,46.82],[93.59,46.46],[93.33,46.49],[92.73,46.9],[93.37,46.85],[92.69,47.18],[92.4,47.1],[92.08,47.25],[92.02,47.57],[91.38,47.91],[91.13,48.28],[91.47,48.53],[91.46,48.81],[91.05,49.19],[90.31,49.18],[90.13,49.4],[90.14,49.95],[89.63,50.43],[90.06,50.43],[89.99,50.68],[91.28,50.74],[92.53,51.16],[95.08,50.79],[95.92,50.36],[96.1,50.12],[96.02,49.63],[95.62,48.91],[95.75,48.48],[97.05,47.04],[98.02,46.68],[99.05,47.05],[99.66,47.01],[101.49,46.0],[102.06,45.85],[102.93,46.19],[102.95,46.41],[103.35,46.41],[104.26,45.49],[104.64,45.59],[105.1,45.38],[105.28,45.66],[105.84,45.73],[106.1,46.08],[108.06,45.8],[110.06,46.33],[110.98,46.41],[111.02,46.14],[111.39,45.94],[111.24,45.66],[112.19,45.96],[111.93,45.57],[112.23,45.52],[112.77,45.79],[112.8,45.4],[114.08,44.94],[114.02,44.09],[113.29,43.28],[113.43,42.84],[113.15,42.7],[113.21,42.38],[113.06,42.19],[112.75,41.99],[111.88,41.83],[111.57,41.6],[111.05,41.59],[109.07,40.96],[108.91,40.96],[108.96,40.87],[108.65,40.55],[107.55,40.55],[106.7,40.0],[106.74,39.49],[106.19,39.7],[105.45,39.27],[105.1,38.42],[105.09,37.45],[104.3,37.06],[104.8,36.47],[104.45,36.2],[104.17,36.14],[103.27,36.6],[103.1,36.91],[103.43,37.01],[103.5,36.77],[103.86,37.31],[102.85,37.47],[102.17,38.13],[101.1,38.31],[98.69,39.4],[97.8,39.59],[96.98,39.57],[96.07,39.91],[94.74,39.4],[95.6,39.11],[95.89,38.73],[95.96,38.31],[96.54,38.19],[96.85,38.33],[99.1,36.96],[97.88,36.71],[96.7,36.86]],[[94.33,45.19],[94.76,44.74],[95.87,44.1],[95.16,44.56],[95.74,44.64],[95.17,45.15],[94.65,44.9],[94.33,45.19]],[[80.74,38.12],[81.07,39.11],[81.09,40.26],[80.86,40.29],[81.72,40.71],[82.65,40.3],[84.61,40.3],[85.15,40.46],[85.39,40.87],[85.72,40.93],[86.48,40.67],[87.43,40.09],[87.7,40.11],[87.7,40.28],[86.47,41.0],[84.78,41.22],[84.79,41.37],[83.43,41.02],[82.29,41.05],[80.8,40.75],[79.56,40.25],[79.6,39.99],[79.88,39.83],[80.46,40.18],[80.61,40.07],[80.69,39.09],[80.48,37.99],[80.74,38.12]],[[82.96,37.76],[83.1,38.32],[82.91,38.26],[82.64,37.58],[83.04,37.4],[84.19,37.96],[84.27,38.24],[83.71,38.28],[83.19,37.69],[82.96,37.76]],[[95.35,47.02],[95.26,46.81],[96.33,46.09],[97.68,45.92],[96.18,46.6],[96.18,46.82],[95.74,47.03],[95.52,47.39],[95.19,47.26],[95.35,47.02]],[[95.53,46.49],[94.65,46.27],[94.56,46.12],[95.87,46.06],[95.96,46.19],[95.53,46.49]],[[93.3,49.58],[94.43,49.2],[95.45,49.25],[95.7,49.54],[95.32,49.8],[94.78,49.6],[93.52,49.82],[92.74,49.66],[93.3,49.58]],[[93.97,46.79],[94.33,46.28],[94.73,46.56],[93.97,46.79]],[[92.54,47.7],[93.32,47.29],[93.21,47.61],[92.63,48.19],[92.45,48.15],[92.54,47.7]],[[90.79,50.06],[91.15,49.76],[91.24,49.28],[91.68,49.17],[91.94,49.36],[92.0,49.68],[91.76,50.33],[90.97,50.36],[90.79,50.06]],[[91.86,43.54],[92.18,43.28],[93.88,43.12],[94.45,42.89],[95.17,43.09],[94.16,43.52],[93.82,43.9],[92.98,44.05],[91.86,43.54]]]]}},{"type":"Feature","properties":{"biome":"Mangroves","style":{"fillColor":"#FE01C4"}},"geometry":{"type":"MultiPolygon","coordinates":[[[[-83.62,12.34],[-83.7,11.99],[-83.8,12.46],[-83.76,12.55],[-83.65,12.61],[-83.64,12.67],[-83.8,12.96],[-83.55,12.97],[-83.51,12.89],[-83.55,12.59],[-83.62,12.47],[-83.5,12.38],[-83.62,12.4],[-83.65,12.55],[-83.62,12.61],[-83.74,12.45],[-83.62,12.34]],[[-83.54,12.75],[-83.65,12.87],[-83.62,12.61],[-83.54,12.75]]],[[[-87.25,13.04],[-87.52,13.25],[-87.37,13.39],[-87.36,13.36],[-87.41,13.24],[-87.38,13.17],[-87.01,12.88],[-87.49,12.93],[-87.25,13.04]]],[[[-87.78,13.37],[-87.63,13.49],[-87.39,13.43],[-87.37,13.39],[-87.78,13.37]]],[[[-83.68,13.55],[-83.57,13.96],[-83.45,13.91],[-83.55,13.49],[-83.68,13.55]]],[[[-91.44,14.03],[-91.54,14.04],[-91.79,14.23],[-91.44,14.03]]],[[[-92.19,14.53],[-91.77,14.43],[-91.79,14.23],[-92.19,14.53]]],[[[-83.69,14.85],[-83.41,15.17],[-83.16,15.0],[-83.43,14.76],[-83.69,14.85]]],[[[-92.5,15.05],[-92.56,14.9],[-93.62,15.8],[-93.41,15.76],[-92.5,15.05]]],[[[-88.77,16.12],[-88.73,16.32],[-88.38,16.56],[-88.27,17.07],[-88.36,16.52],[-88.77,16.12]]],[[[-88.18,17.5],[-88.28,17.11],[-88.38,17.22],[-88.35,17.56],[-88.18,17.5]]],[[[-94.37,17.83],[-94.52,17.92],[-94.65,17.6],[-94.73,17.8],[-94.4,18.16],[-94.37,17.83]]],[[[-88.49,18.25],[-88.39,18.37],[-88.09,18.33],[-88.27,17.64],[-88.34,18.17],[-88.49,18.25]]],[[[-96.07,18.45],[-95.91,18.83],[-95.72,18.59],[-95.97,18.51],[-96.0,18.35],[-96.07,18.45]]],[[[-92.11,18.52],[-92.4,18.5],[-92.3,18.68],[-91.97,18.72],[-91.87,18.5],[-91.54,18.44],[-91.22,18.75],[-91.17,18.59],[-91.52,18.33],[-91.69,18.41],[-91.86,18.29],[-91.95,18.51],[-92.14,18.41],[-92.11,18.52]]],[[[-91.29,18.79],[-91.49,18.81],[-91.09,19.0],[-90.95,18.92],[-91.26,18.91],[-91.22,18.75],[-91.29,18.79]]],[[[-87.84,18.18],[-88.02,18.48],[-87.83,18.43],[-87.86,18.3],[-87.51,19.25],[-87.84,18.18]]],[[[-87.8,19.27],[-88.01,19.21],[-87.87,19.64],[-87.48,19.88],[-87.75,19.92],[-87.45,20.14],[-87.46,19.78],[-87.73,19.59],[-87.7,19.43],[-87.44,19.63],[-87.44,19.47],[-87.67,19.35],[-87.83,18.91],[-87.89,18.98],[-88.1,18.79],[-87.8,19.27]]],[[[-90.36,20.97],[-89.88,21.24],[-90.27,20.84],[-90.52,19.86],[-90.36,20.97]]],[[[-88.01,21.54],[-88.15,21.58],[-87.8,21.54],[-87.73,21.0],[-88.02,21.18],[-87.82,21.31],[-88.01,21.54]]],[[[-89.72,21.2],[-89.77,21.27],[-88.2,21.56],[-89.72,21.2]]],[[[-86.8,21.34],[-86.9,21.27],[-87.11,21.44],[-87.19,21.24],[-87.33,21.56],[-87.0,21.57],[-86.8,21.34]]],[[[-97.79,22.26],[-97.71,21.82],[-97.86,22.18],[-98.18,22.1],[-97.94,22.27],[-98.46,22.41],[-98.16,22.49],[-97.79,22.26]]],[[[-105.35,22.32],[-105.27,22.13],[-105.44,22.0],[-105.41,21.72],[-105.67,22.01],[-105.74,22.7],[-105.48,22.21],[-105.35,22.32]]],[[[-107.03,24.0],[-108.01,24.66],[-108.05,25.07],[-107.7,24.87],[-107.92,24.87],[-107.94,24.68],[-107.71,24.54],[-107.48,24.63],[-107.47,24.31],[-107.03,24.0]]],[[[-109.4,25.64],[-109.45,25.95],[-109.28,26.26],[-109.39,25.82],[-109.1,25.62],[-109.4,25.64]]],[[[-81.2,22.08],[-81.25,22.16],[-81.37,22.07],[-81.49,22.2],[-81.81,22.18],[-82.14,22.37],[-82.13,22.43],[-81.61,22.52],[-81.7,22.45],[-81.67,22.25],[-81.22,22.3],[-81.2,22.08]]],[[[-81.86,22.68],[-82.74,22.71],[-82.96,22.56],[-82.77,22.72],[-81.87,22.69],[-81.53,22.58],[-81.61,22.52],[-81.86,22.68]]],[[[-80.32,25.37],[-80.35,25.5],[-80.31,25.61],[-80.31,25.37],[-80.32,25.37]]],[[[-80.4,25.26],[-80.43,25.26],[-80.35,25.2],[-80.38,25.17],[-80.44,25.24],[-80.5,25.23],[-80.47,25.21],[-80.65,25.19],[-80.64,25.07],[-80.67,25.17],[-81.09,25.12],[-81.15,25.33],[-81.12,25.33],[-81.09,25.28],[-81.07,25.28],[-81.07,25.26],[-81.05,25.24],[-81.02,25.23],[-81.02,25.22],[-80.93,25.21],[-80.9,25.25],[-80.99,25.35],[-81.15,25.39],[-81.19,25.73],[-81.27,25.8],[-81.43,25.87],[-81.36,25.77],[-81.35,25.78],[-81.35,25.76],[-81.47,25.8],[-81.59,25.9],[-81.61,25.91],[-81.64,25.9],[-81.63,25.94],[-81.77,26.04],[-81.78,26.13],[-81.24,25.84],[-80.74,25.23],[-80.33,25.35],[-80.4,25.26]]],[[[-80.28,25.3],[-80.36,25.15],[-80.4,25.11],[-80.35,25.2],[-80.28,25.3]]],[[[-80.44,25.2],[-80.43,25.13],[-80.47,25.21],[-80.44,25.2]]],[[[-81.34,25.78],[-81.34,25.79],[-81.31,25.78],[-81.3,25.8],[-81.27,25.78],[-81.35,25.69],[-81.33,25.74],[-81.35,25.78],[-81.34,25.78]]],[[[-79.79,-2.16],[-79.6,-2.33],[-79.61,-2.6],[-80.0,-3.43],[-80.56,-3.63],[-80.02,-3.36],[-79.72,-2.57],[-79.79,-2.16]]],[[[-77.8,2.65],[-77.62,2.86],[-77.74,2.65],[-78.2,2.39],[-78.47,2.42],[-78.65,1.99],[-78.52,2.49],[-78.41,2.51],[-78.3,2.66],[-77.8,2.65]]],[[[-77.3,4.64],[-77.34,5.38],[-77.25,4.75],[-77.39,4.2],[-77.25,4.09],[-77.35,3.93],[-77.43,4.15],[-77.53,4.22],[-77.3,4.64]]],[[[-76.74,7.88],[-76.97,7.85],[-77.0,8.24],[-77.04,8.24],[-77.08,8.29],[-77.14,8.41],[-77.28,8.49],[-77.33,8.63],[-76.84,8.13],[-76.87,7.9],[-76.73,7.99],[-76.79,8.47],[-76.7,8.04],[-76.74,7.88]]],[[[-71.82,9.23],[-71.64,8.99],[-71.92,9.13],[-72.13,9.81],[-72.0,9.45],[-71.72,9.39],[-71.82,9.23]]],[[[-75.7,10.15],[-75.47,10.49],[-75.37,10.38],[-75.58,9.94],[-75.52,10.24],[-75.7,10.15]]],[[[-74.65,10.94],[-74.84,11.11],[-74.27,11.0],[-74.34,10.7],[-74.56,10.65],[-74.65,10.94]]],[[[-71.61,10.99],[-71.79,11.01],[-71.72,10.9],[-71.98,11.08],[-71.96,11.42],[-71.61,10.99]]],[[[-73.68,20.93],[-73.62,21.11],[-73.39,21.18],[-73.18,21.09],[-73.68,20.93]]],[[[-79.21,21.54],[-79.28,21.57],[-78.73,21.65],[-78.53,21.45],[-78.41,21.04],[-77.91,20.71],[-78.49,21.03],[-78.72,21.63],[-79.21,21.54]]],[[[-78.45,24.6],[-78.18,24.89],[-78.17,25.2],[-78.02,25.17],[-77.95,24.85],[-78.21,24.75],[-77.75,24.45],[-78.03,24.31],[-78.01,24.28],[-78.16,24.42],[-78.45,24.6]]],[[[-77.13,26.55],[-77.34,26.61],[-77.33,26.68],[-77.43,26.69],[-77.52,26.87],[-77.1,26.55],[-77.19,26.14],[-77.36,26.02],[-77.13,26.55]]],[[[-48.59,-25.51],[-48.66,-25.62],[-48.74,-25.37],[-48.75,-25.35],[-48.52,-25.41],[-48.52,-25.31],[-48.45,-25.19],[-48.11,-25.24],[-48.11,-25.27],[-48.23,-25.42],[-48.12,-25.27],[-48.32,-25.36],[-48.42,-25.23],[-48.41,-25.42],[-48.64,-25.47],[-48.59,-25.51]]],[[[-39.73,-19.47],[-39.88,-18.98],[-39.71,-18.47],[-39.73,-19.47]]],[[[-36.43,-10.52],[-36.86,-10.74],[-37.12,-11.1],[-37.07,-10.8],[-36.46,-10.41],[-36.43,-10.52]]],[[[-35.04,-8.58],[-34.81,-7.44],[-34.83,-8.0],[-35.04,-8.58]]],[[[12.48,-5.98],[12.46,-5.98],[12.41,-5.99],[12.41,-6.02],[12.35,-5.93],[13.15,-5.82],[12.95,-5.97],[12.96,-5.9],[12.91,-5.9],[12.86,-5.91],[12.69,-6.0],[12.59,-5.99],[12.44,-6.04],[12.49,-6.01],[12.48,-5.98]]],[[[12.61,-6.23],[12.31,-6.15],[12.83,-6.04],[12.92,-5.99],[12.61,-6.23]]],[[[-42.45,-2.8],[-42.57,-2.68],[-42.25,-2.81],[-42.14,-2.81],[-42.22,-2.7],[-42.09,-2.81],[-42.22,-2.69],[-41.82,-2.72],[-41.92,-2.9],[-42.45,-2.8]]],[[[-44.25,-3.02],[-44.42,-3.0],[-44.37,-2.64],[-44.37,-2.75],[-44.36,-2.64],[-44.02,-2.4],[-44.35,-2.84],[-44.07,-2.81],[-43.93,-2.55],[-43.88,-2.65],[-44.25,-3.02]]],[[[-44.71,-1.82],[-44.6,-1.75],[-44.67,-1.85],[-44.48,-2.0],[-44.61,-2.04],[-44.47,-2.02],[-44.76,-2.26],[-44.65,-2.37],[-44.46,-2.14],[-44.4,-2.42],[-44.57,-2.33],[-44.75,-2.46],[-44.93,-2.33],[-44.69,-1.9],[-45.26,-1.61],[-45.08,-1.43],[-45.03,-1.6],[-44.86,-1.47],[-44.97,-1.66],[-44.82,-1.59],[-44.83,-1.77],[-44.71,-1.82]]],[[[-47.06,-0.87],[-46.97,-0.69],[-46.73,-0.94],[-46.62,-0.82],[-46.61,-1.03],[-46.41,-1.08],[-46.18,-0.91],[-46.19,-1.15],[-45.96,-1.08],[-45.82,-1.33],[-45.7,-1.15],[-45.74,-1.25],[-45.69,-1.45],[-45.7,-1.38],[-45.63,-1.37],[-45.62,-1.28],[-45.55,-1.43],[-45.42,-1.29],[-45.46,-1.55],[-45.32,-1.32],[-45.4,-1.5],[-45.38,-1.78],[-45.61,-1.39],[-45.68,-1.5],[-45.98,-1.25],[-46.31,-1.33],[-46.28,-1.15],[-46.7,-1.05],[-46.79,-0.91],[-47.16,-0.94],[-47.33,-0.72],[-47.31,-1.03],[-47.16,-1.14],[-47.34,-1.23],[-47.51,-0.83],[-47.63,-0.82],[-47.63,-1.05],[-47.76,-0.77],[-47.94,-0.87],[-48.11,-0.73],[-47.81,-0.55],[-47.65,-0.69],[-47.58,-0.57],[-47.48,-0.76],[-47.41,-0.76],[-47.47,-0.59],[-47.28,-0.59],[-47.16,-0.81],[-47.08,-0.66],[-47.06,-0.87]]],[[[9.05,-1.39],[8.98,-1.2],[8.7,-0.64],[8.84,-0.83],[8.96,-0.66],[9.12,-0.62],[9.05,-1.39]]],[[[10.06,0.1],[9.56,-0.07],[9.42,0.13],[10.06,0.1]]],[[[9.96,0.96],[9.77,0.89],[9.83,0.48],[9.6,0.37],[9.8,0.17],[9.31,0.55],[9.5,0.67],[9.61,0.52],[9.67,1.06],[9.54,1.13],[9.81,1.25],[9.96,0.96]]],[[[9.84,3.87],[9.63,3.55],[9.65,3.66],[9.55,3.81],[9.71,3.85],[9.7,4.12],[9.43,3.88],[9.28,3.97],[9.72,4.18],[9.84,3.87]]],[[[-52.29,4.94],[-51.98,4.61],[-52.23,4.61],[-52.17,4.79],[-53.1,5.47],[-52.29,4.94]]],[[[8.09,4.64],[8.09,5.17],[8.44,4.77],[8.61,4.82],[8.97,4.63],[8.94,4.4],[8.64,4.72],[8.71,4.5],[8.51,4.5],[8.5,4.61],[8.57,4.69],[8.55,4.73],[8.46,4.7],[8.29,4.85],[8.25,4.82],[8.33,4.64],[8.31,4.61],[8.28,4.54],[5.99,4.31],[5.48,4.84],[5.39,5.39],[4.53,6.3],[2.92,6.45],[4.18,6.57],[4.7,6.36],[5.69,5.53],[5.78,5.38],[5.62,5.12],[5.83,4.75],[6.21,4.83],[6.4,4.5],[7.15,4.77],[8.09,4.64]]],[[[-55.72,5.85],[-55.88,5.69],[-57.01,5.97],[-55.91,5.78],[-55.67,5.98],[-55.1,5.88],[-55.72,5.85]]],[[[0.39,5.82],[0.56,5.92],[0.46,6.03],[1.12,6.07],[0.77,5.76],[0.39,5.82]]],[[[-11.38,6.75],[-11.16,6.89],[-11.01,6.79],[-11.06,6.58],[-11.38,6.75]]],[[[-12.95,7.91],[-12.8,7.92],[-12.99,8.29],[-12.52,7.86],[-12.31,7.96],[-12.29,7.75],[-12.11,7.79],[-12.34,7.42],[-11.77,7.29],[-11.63,7.02],[-12.52,7.39],[-12.3,7.38],[-12.41,7.43],[-12.46,7.43],[-12.48,7.45],[-12.3,7.53],[-12.54,7.66],[-12.47,7.73],[-12.48,7.78],[-12.59,7.68],[-12.95,7.91]]],[[[-12.95,8.76],[-12.61,8.63],[-12.96,8.36],[-13.13,8.44],[-12.93,8.56],[-12.95,8.76]]],[[[-60.98,8.57],[-60.47,8.52],[-60.39,8.64],[-60.05,8.59],[-59.72,8.31],[-60.2,8.57],[-60.07,8.47],[-61.01,8.54],[-61.05,8.62],[-60.96,8.78],[-61.1,8.78],[-60.91,8.94],[-61.02,9.2],[-60.85,9.19],[-60.91,9.02],[-60.84,9.0],[-61.01,8.83],[-60.92,8.83],[-60.86,8.85],[-60.88,8.8],[-60.81,8.78],[-60.92,8.73],[-60.78,8.72],[-61.03,8.63],[-60.98,8.57]]],[[[-61.81,9.75],[-61.8,9.79],[-61.82,9.82],[-61.58,9.79],[-61.63,9.9],[-61.33,9.63],[-61.21,9.57],[-60.99,9.55],[-60.79,9.3],[-61.12,9.53],[-61.22,9.35],[-61.29,9.57],[-61.43,9.68],[-61.54,9.57],[-61.63,9.75],[-61.84,9.59],[-62.17,9.94],[-62.35,9.61],[-62.53,10.12],[-62.84,9.94],[-62.9,10.13],[-62.65,10.14],[-62.98,10.5],[-62.86,10.58],[-62.36,10.57],[-62.9,10.52],[-62.51,10.2],[-62.44,9.93],[-62.34,9.81],[-62.2,10.02],[-61.81,9.75]]],[[[-14.66,11.03],[-15.12,10.96],[-14.83,11.38],[-14.75,11.09],[-14.59,11.17],[-14.61,10.94],[-14.22,10.95],[-14.54,10.44],[-14.67,10.51],[-14.54,10.82],[-14.7,10.63],[-14.66,11.03]]],[[[-15.17,11.64],[-15.2,11.32],[-14.98,11.4],[-15.23,11.07],[-15.43,11.24],[-15.35,11.41],[-15.52,11.34],[-15.17,11.64]]],[[[-15.43,11.54],[-15.41,11.68],[-15.54,11.67],[-15.39,11.88],[-15.2,11.87],[-15.03,11.97],[-15.21,11.97],[-14.88,12.03],[-14.85,11.91],[-15.28,11.78],[-15.43,11.54]]],[[[-15.41,11.96],[-15.96,11.73],[-15.88,11.94],[-16.11,11.88],[-16.39,12.07],[-16.14,12.29],[-16.49,12.18],[-16.78,12.52],[-16.39,12.33],[-16.02,12.39],[-16.15,12.14],[-16.02,12.01],[-15.69,12.17],[-15.25,12.1],[-15.21,11.97],[-15.41,11.96]]],[[[-16.77,13.96],[-16.78,13.84],[-16.8,14.08],[-16.36,14.16],[-16.7,13.77],[-16.77,13.96]]],[[[43.5,-21.32],[43.76,-21.39],[43.49,-21.72],[43.5,-21.32]]],[[[43.93,-17.5],[44.2,-17.04],[44.18,-17.56],[43.99,-17.7],[43.93,-17.5]]],[[[44.45,-16.19],[44.99,-16.27],[44.67,-16.41],[44.45,-16.19]]],[[[48.04,-14.12],[47.92,-14.01],[48.06,-13.97],[48.16,-14.07],[48.03,-14.5],[47.86,-14.26],[47.89,-14.1],[47.98,-14.38],[48.04,-14.12]]],[[[105.81,-4.14],[105.84,-4.42],[105.79,-4.14],[105.9,-3.85],[105.78,-3.66],[105.87,-3.39],[106.03,-3.28],[105.82,-3.7],[105.96,-3.84],[105.81,-4.14]]],[[[105.62,-2.39],[105.63,-2.63],[105.78,-2.69],[105.81,-2.91],[106.07,-3.08],[105.78,-2.93],[105.75,-2.74],[105.61,-2.66],[105.57,-2.45],[104.89,-2.29],[105.62,-2.39]]],[[[103.38,-0.72],[103.75,-1.01],[103.97,-0.99],[104.22,-1.07],[104.38,-1.03],[104.54,-1.75],[104.47,-1.94],[104.56,-1.86],[104.87,-2.08],[104.74,-2.36],[104.81,-2.06],[104.43,-1.95],[104.34,-1.09],[103.82,-1.1],[103.2,-0.69],[103.36,-0.46],[103.53,-0.45],[103.14,-0.35],[103.25,-0.27],[103.4,-0.36],[103.51,-0.21],[103.77,-0.34],[103.42,-0.53],[103.38,-0.72]]],[[[103.26,-0.26],[103.39,-0.22],[103.38,0.05],[103.7,0.05],[103.72,0.22],[103.35,0.51],[102.86,0.25],[103.33,0.55],[103.74,0.26],[103.81,-0.0],[103.59,-0.03],[103.38,-0.29],[103.25,-0.27],[103.26,-0.26]]],[[[102.9,1.13],[103.08,0.99],[103.15,0.84],[102.62,1.01],[102.73,1.15],[102.9,1.13]]],[[[102.55,0.71],[102.37,0.81],[102.2,1.01],[102.08,1.36],[101.4,1.66],[101.27,2.02],[100.95,2.24],[100.82,2.19],[101.04,2.29],[101.3,2.05],[101.41,1.7],[101.73,1.67],[102.15,1.38],[102.41,0.81],[102.52,0.75],[102.89,0.73],[103.1,0.45],[102.64,0.24],[102.98,0.43],[102.94,0.62],[102.55,0.71]]],[[[100.91,1.89],[100.78,2.18],[100.82,2.19],[100.91,1.89]]],[[[98.29,4.43],[98.16,4.07],[98.08,4.34],[98.22,4.4],[97.95,4.48],[97.9,4.9],[98.29,4.43]]],[[[102.09,6.24],[101.89,6.19],[101.53,6.63],[101.59,6.79],[102.09,6.24]]],[[[99.76,7.13],[99.6,7.14],[99.52,7.25],[99.61,7.42],[99.57,7.22],[99.79,7.18],[99.74,6.85],[99.76,7.13]]],[[[99.45,7.34],[99.63,7.48],[99.61,7.42],[99.45,7.34]]],[[[99.39,7.3],[99.29,7.66],[99.45,7.34],[99.39,7.3]]],[[[99.13,7.79],[99.04,7.7],[99.09,7.96],[98.98,8.0],[99.13,8.01],[99.29,7.66],[99.13,7.79]]],[[[100.78,6.94],[100.39,7.17],[100.14,7.54],[100.05,7.85],[100.3,7.91],[99.94,8.63],[100.15,8.37],[100.15,8.51],[100.58,7.19],[100.42,7.27],[100.39,7.57],[100.27,7.53],[100.28,7.8],[100.14,7.73],[100.18,7.52],[100.42,7.16],[100.55,7.14],[100.59,7.17],[100.78,6.94]]],[[[104.9,9.82],[105.09,9.93],[104.9,9.67],[104.88,9.23],[105.58,9.32],[105.77,9.81],[106.12,9.83],[105.98,9.95],[106.16,10.11],[106.57,9.74],[106.18,9.36],[105.52,9.11],[105.11,8.62],[104.72,8.59],[104.92,8.75],[104.79,8.79],[104.9,9.82]]],[[[106.61,9.97],[106.15,10.28],[106.45,10.29],[106.78,10.08],[106.61,9.97]]],[[[102.12,12.53],[101.84,12.67],[102.17,12.78],[102.16,12.5],[102.31,12.44],[102.4,12.33],[102.3,12.25],[102.27,12.43],[102.23,12.32],[102.12,12.53]]],[[[99.78,13.3],[100.16,13.65],[100.54,13.83],[100.7,13.57],[101.07,13.57],[100.94,13.24],[101.01,13.49],[100.27,13.51],[100.0,13.37],[100.03,12.93],[99.97,13.15],[99.78,13.3]]],[[[94.55,15.94],[94.76,16.23],[94.71,16.36],[94.74,16.36],[94.75,16.38],[95.09,16.36],[95.22,16.26],[96.07,16.45],[96.09,16.82],[96.36,16.93],[96.15,16.76],[96.33,16.42],[96.01,16.39],[96.04,16.26],[95.78,16.13],[95.72,16.25],[95.46,15.74],[95.27,15.79],[95.34,15.88],[95.4,16.24],[95.31,16.18],[95.2,15.77],[95.09,16.04],[95.26,16.15],[95.13,16.23],[95.06,16.05],[95.03,15.79],[94.84,15.77],[94.89,16.18],[95.06,16.31],[94.87,16.18],[94.68,15.84],[94.6,15.91],[94.72,16.01],[94.85,16.23],[94.55,15.94]]],[[[96.39,16.5],[96.22,16.75],[96.32,16.83],[96.49,16.59],[96.9,17.0],[96.6,16.53],[96.39,16.5]]],[[[93.87,19.25],[93.99,19.38],[93.99,19.49],[94.09,19.39],[94.16,19.18],[94.14,18.98],[94.29,18.76],[94.29,18.47],[94.15,18.73],[94.27,18.74],[94.03,18.85],[94.08,19.38],[93.99,19.15],[93.87,19.25]]],[[[93.91,19.2],[93.94,18.85],[93.67,19.03],[93.48,19.34],[93.91,19.2]]],[[[93.73,19.63],[93.82,19.73],[93.6,19.72],[93.66,19.88],[93.8,19.88],[93.95,19.53],[93.73,19.63]]],[[[106.19,19.99],[105.93,19.95],[106.09,20.19],[106.18,20.09],[106.18,20.32],[106.24,20.17],[106.49,20.31],[106.57,20.54],[106.57,20.28],[106.19,19.99]]],[[[72.67,21.15],[72.62,21.09],[72.62,21.31],[72.73,21.33],[72.91,21.0],[72.96,20.8],[72.94,20.57],[72.85,20.23],[72.73,20.12],[72.95,20.75],[72.83,20.83],[72.89,20.98],[72.74,20.97],[72.81,21.14],[72.67,21.15]]],[[[88.15,21.88],[88.63,22.14],[88.56,21.81],[88.57,21.56],[88.5,21.95],[88.45,21.61],[88.33,21.71],[88.31,21.6],[88.26,21.8],[88.31,21.57],[88.15,21.88]]],[[[90.24,22.19],[90.06,21.98],[90.08,22.16],[89.98,21.97],[89.91,22.05],[90.0,22.48],[89.8,22.07],[89.89,21.89],[89.64,21.92],[89.7,21.76],[89.55,21.72],[89.62,22.33],[89.54,21.98],[89.47,22.29],[89.42,21.71],[89.35,21.97],[89.2,21.65],[89.04,22.13],[89.06,21.93],[88.9,21.95],[89.09,21.63],[88.86,21.76],[88.78,21.56],[88.76,22.13],[88.68,21.93],[88.65,22.13],[89.85,22.77],[90.58,22.53],[90.61,22.29],[90.43,22.07],[90.39,22.09],[90.43,22.18],[90.39,22.28],[90.21,21.8],[90.02,21.87],[90.24,22.19]]],[[[90.64,21.99],[90.68,22.39],[90.64,22.55],[90.56,22.6],[90.58,22.77],[90.88,22.46],[90.64,21.99]]],[[[67.25,24.77],[66.84,24.85],[67.07,24.99],[67.51,24.74],[67.46,24.07],[67.25,24.77]]],[[[138.85,-8.13],[138.93,-8.25],[138.77,-8.19],[138.64,-8.34],[138.9,-8.26],[138.95,-8.37],[138.59,-8.35],[138.69,-8.23],[138.38,-8.44],[137.82,-8.38],[138.85,-8.13]]],[[[137.78,-8.38],[137.65,-8.43],[137.96,-7.76],[138.13,-7.57],[138.22,-7.84],[137.99,-7.77],[137.87,-7.99],[138.23,-8.1],[137.96,-8.06],[138.07,-8.1],[138.01,-8.3],[138.0,-8.14],[137.81,-8.14],[137.78,-8.38]]],[[[144.52,-7.39],[144.74,-7.41],[145.29,-7.85],[144.86,-7.77],[144.86,-7.58],[144.78,-7.68],[144.77,-7.57],[144.63,-7.45],[144.58,-7.64],[144.52,-7.39]]],[[[144.12,-7.59],[144.23,-7.53],[144.24,-7.39],[144.49,-7.38],[144.54,-7.68],[144.38,-7.55],[144.51,-7.81],[144.28,-7.59],[144.32,-7.71],[144.12,-7.59]]],[[[138.17,-5.39],[138.12,-5.51],[138.21,-5.4],[138.58,-5.64],[138.39,-5.82],[138.06,-5.73],[138.05,-5.4],[138.17,-5.39]]],[[[138.13,-5.03],[138.23,-5.17],[138.12,-5.37],[138.01,-5.25],[137.82,-5.37],[137.55,-5.18],[137.59,-5.0],[137.51,-5.14],[137.29,-4.9],[136.8,-4.91],[136.83,-4.82],[135.96,-4.51],[137.69,-4.82],[137.75,-5.01],[137.82,-4.86],[137.82,-5.04],[138.13,-5.03]]],[[[134.87,-4.02],[135.01,-4.01],[134.8,-4.23],[134.64,-4.11],[134.74,-3.89],[134.87,-4.02]]],[[[112.25,-3.31],[111.79,-3.54],[111.81,-3.15],[111.88,-3.47],[112.15,-3.29],[112.37,-3.28],[112.59,-3.38],[112.91,-3.18],[113.0,-2.91],[113.04,-2.93],[113.35,-3.23],[113.77,-3.0],[113.7,-3.42],[114.1,-3.28],[113.63,-3.46],[113.6,-3.17],[113.33,-3.26],[113.02,-2.93],[113.0,-3.16],[112.62,-3.41],[112.25,-3.31]]],[[[133.26,-2.69],[133.37,-2.55],[133.21,-2.54],[133.31,-2.46],[133.39,-2.52],[133.35,-2.68],[133.45,-2.5],[133.47,-2.64],[133.48,-2.51],[133.68,-2.55],[133.65,-2.88],[133.65,-2.59],[133.4,-2.75],[133.26,-2.69]]],[[[133.17,-2.42],[133.27,-2.42],[133.31,-2.46],[133.17,-2.42]]],[[[133.96,-2.42],[133.96,-2.16],[133.85,-2.11],[133.62,-2.24],[133.22,-2.2],[133.98,-2.07],[134.1,-2.42],[133.84,-2.53],[133.94,-2.73],[133.77,-2.79],[133.74,-2.43],[133.96,-2.42]]],[[[111.58,-2.97],[111.7,-2.82],[111.69,-2.95],[111.54,-3.03],[111.42,-2.9],[110.91,-3.09],[110.63,-3.06],[110.55,-2.86],[110.28,-3.01],[110.14,-2.63],[110.26,-2.55],[110.17,-2.41],[110.3,-2.52],[110.27,-2.94],[110.46,-2.86],[110.59,-2.85],[110.66,-3.0],[110.98,-3.06],[111.48,-2.8],[111.58,-2.97]]],[[[110.07,-2.25],[110.12,-2.03],[109.9,-1.84],[110.07,-1.34],[109.99,-1.76],[110.14,-2.04],[110.17,-2.41],[110.07,-2.25]]],[[[116.33,-2.09],[116.58,-2.17],[116.57,-2.33],[116.22,-2.17],[116.33,-2.09]]],[[[116.38,-2.04],[116.35,-1.84],[116.11,-1.84],[116.44,-1.77],[116.45,-2.05],[116.33,-2.09],[116.38,-2.04]]],[[[136.63,-2.33],[136.43,-2.24],[136.31,-2.45],[136.41,-2.21],[136.75,-2.27],[136.95,-2.12],[137.23,-2.08],[137.12,-1.8],[137.85,-1.47],[137.99,-1.54],[138.0,-1.66],[137.75,-1.57],[137.42,-1.72],[137.3,-2.14],[136.63,-2.33]]],[[[132.05,-1.62],[131.9,-1.71],[131.88,-1.64],[131.98,-1.55],[131.97,-1.49],[131.78,-1.6],[131.81,-1.55],[131.79,-1.42],[131.96,-1.41],[132.11,-1.65],[132.0,-1.89],[132.21,-1.97],[132.1,-2.06],[131.92,-1.88],[132.05,-1.62]]],[[[131.57,-1.24],[131.72,-1.51],[131.27,-1.45],[131.25,-1.29],[131.37,-1.23],[131.36,-1.33],[131.57,-1.24]]],[[[117.31,-0.62],[117.39,-0.88],[117.13,-0.85],[117.51,-0.04],[117.46,-0.49],[117.63,-0.42],[117.43,-0.67],[117.61,-0.77],[117.41,-0.83],[117.31,-0.62]]],[[[109.05,-0.25],[109.2,0.06],[108.92,0.32],[108.84,0.81],[109.05,1.52],[109.33,1.95],[109.64,2.08],[109.12,1.51],[108.9,0.8],[109.25,0.05],[109.19,-0.36],[109.87,-0.82],[109.78,-0.98],[109.95,-1.12],[109.77,-1.04],[109.74,-0.86],[109.67,-1.0],[109.47,-0.86],[109.67,-0.92],[109.59,-0.7],[109.25,-0.6],[109.05,-0.25]]],[[[111.49,2.35],[111.51,2.17],[111.37,2.13],[111.33,2.07],[111.22,2.02],[111.11,1.7],[111.2,2.09],[111.35,2.16],[111.16,2.16],[111.2,2.41],[111.49,2.35]]],[[[118.21,5.78],[118.16,5.63],[118.06,5.71],[118.16,5.84],[118.57,5.69],[118.55,5.52],[118.64,5.64],[118.88,5.38],[119.15,5.46],[119.14,5.27],[118.49,5.49],[118.47,5.68],[118.21,5.78]]],[[[106.33,10.61],[106.76,10.67],[106.82,10.94],[107.21,10.41],[107.08,10.32],[107.02,10.5],[106.89,10.37],[106.76,10.47],[106.73,10.21],[106.4,10.34],[106.33,10.61]]]]}}]}